{"stats":{"minecraft:killed":{"minecraft:skeleton":3,"minecraft:pig":3,"minecraft:creeper":9,"minecraft:sheep":1,"minecraft:zombie":14,"minecraft:cow":18},"minecraft:mined":{"minecraft:oak_door":5,"minecraft:sculk_vein":1,"minecraft:granite":2,"minecraft:grass_block":442,"minecraft:oxeye_daisy":1,"minecraft:hay_block":5,"minecraft:furnace":2,"minecraft:iron_ore":8,"minecraft:cobbled_deepslate":5,"minecraft:polished_deepslate":1,"minecraft:dirt_path":2,"minecraft:iron_bars":2,"minecraft:stone":338,"horror_element_mod:slashed_skull":1,"horror_element_mod:sound_block":4,"minecraft:smoker":2,"minecraft:dandelion":1,"minecraft:crafting_table":3,"minecraft:torch":5,"minecraft:blast_furnace":2,"minecraft:tall_grass":7,"minecraft:cobblestone":59,"minecraft:oak_planks":21,"minecraft:cracked_deepslate_bricks":3,"minecraft:diorite":1,"minecraft:wall_torch":1,"minecraft:trapped_chest":3,"minecraft:yellow_bed":9,"minecraft:grass":94,"minecraft:cracked_deepslate_tiles":1,"minecraft:oak_log":15,"minecraft:coal_ore":21,"minecraft:sunflower":5,"minecraft:dirt":139,"minecraft:cobweb":15,"minecraft:oak_leaves":1},"minecraft:custom":{"minecraft:mob_kills":50,"minecraft:animals_bred":1,"minecraft:interact_with_crafting_table":19,"minecraft:open_barrel":1,"minecraft:bell_ring":14,"minecraft:leave_game":4,"minecraft:time_since_death":37308,"minecraft:climb_one_cm":3587,"minecraft:sprint_one_cm":504841,"minecraft:walk_one_cm":470950,"minecraft:damage_blocked_by_shield":90,"minecraft:drop":39,"minecraft:talked_to_villager":2,"minecraft:play_time":134165,"minecraft:deaths":7,"minecraft:sneak_time":3409,"minecraft:walk_under_water_one_cm":8640,"minecraft:jump":3067,"minecraft:interact_with_blast_furnace":14,"minecraft:walk_on_water_one_cm":4230,"minecraft:total_world_time":134165,"minecraft:interact_with_furnace":9,"minecraft:tune_noteblock":1,"minecraft:sleep_in_bed":7,"minecraft:time_since_rest":21097,"minecraft:damage_taken":3958,"minecraft:trigger_trapped_chest":6,"minecraft:damage_dealt":7829,"minecraft:swim_one_cm":18383,"minecraft:fly_one_cm":692437,"minecraft:open_chest":18,"minecraft:crouch_one_cm":8944,"minecraft:interact_with_smoker":30,"minecraft:fall_one_cm":71630},"minecraft:crafted":{"minecraft:oak_door":3,"minecraft:oak_planks":56,"minecraft:cooked_mutton":14,"minecraft:leather":16,"minecraft:stone_pickaxe":2,"hunting_delight:huntingknife":1,"minecraft:wheat":45,"minecraft:cooked_beef":31,"minecraft:cooked_porkchop":7,"minecraft:crafting_table":4,"minecraft:wooden_pickaxe":2,"minecraft:stone_axe":1,"minecraft:bread":15,"minecraft:air":0,"minecraft:shield":1,"minecraft:stick":36,"minecraft:iron_ingot":1,"minecraft:iron_pickaxe":1,"minecraft:iron_shovel":3,"minecraft:torch":12},"minecraft:killed_by":{"minecraft:sheep":1,"minecraft:creeper":3,"minecraft:spider":1,"minecraft:skeleton":1,"minecraft:zombie":1},"minecraft:broken":{"minecraft:iron_shovel":2,"minecraft:stone_pickaxe":2,"minecraft:iron_pickaxe":1},"minecraft:picked_up":{"minecraft:crafting_table":3,"minecraft:wooden_pickaxe":1,"minecraft:chain":16,"minecraft:shield":1,"minecraft:string":36,"horror_element_mod:human_remains":8,"minecraft:cobbled_deepslate":5,"minecraft:beef":50,"minecraft:light_gray_wool":3,"minecraft:birch_sapling":3,"minecraft:furnace":3,"minecraft:egg":2,"minecraft:stick":21,"minecraft:raw_iron":8,"minecraft:oak_door":6,"horror_element_mod:slashed_skull":2,"hunting_delight:humanmeat":16,"minecraft:torch":11,"minecraft:porkchop":7,"minecraft:diorite":2,"minecraft:rotten_flesh":40,"minecraft:stone_sword":1,"minecraft:arrow":5,"minecraft:hay_block":5,"minecraft:cracked_deepslate_bricks":3,"hunting_delight:worm":93,"minecraft:cobblestone":617,"minecraft:mutton":4,"minecraft:iron_bars":2,"minecraft:skeleton_skull":19,"minecraft:white_wool":6,"minecraft:cracked_deepslate_tiles":1,"minecraft:leather":33,"minecraft:smoker":3,"minecraft:skull_banner_pattern":1,"minecraft:oak_log":18,"minecraft:yellow_bed":10,"minecraft:gunpowder":27,"minecraft:dirt":698,"minecraft:bone":54,"minecraft:stonecutter":10,"minecraft:wheat_seeds":55,"horror_element_mod:sound_block":6,"minecraft:stone_pickaxe":4,"minecraft:iron_ingot":7,"minecraft:cobweb":22,"minecraft:glowstone_dust":2,"minecraft:moss_block":10,"minecraft:iron_sword":3,"minecraft:oak_planks":30,"taccraft:flak_vest_boots":2,"minecraft:cooked_porkchop":3,"hunting_delight:rot":2,"minecraft:blast_furnace":3,"minecraft:trapped_chest":5,"hunting_delight:animal_fat_block":5,"hunting_delight:animal_fat":61,"minecraft:stone_axe":1,"minecraft:granite":2,"hunting_delight:broken_bone":354,"minecraft:emerald":2,"minecraft:bread":11,"minecraft:oak_sapling":2,"minecraft:coal":75,"minecraft:sunflower":26},"minecraft:dropped":{"minecraft:bread":1,"minecraft:iron_sword":1,"minecraft:cooked_beef":8,"minecraft:cooked_porkchop":3,"hunting_delight:humanmeat":6,"minecraft:cobblestone":3,"hunting_delight:broken_bone":49,"minecraft:granite":2,"minecraft:stick":8,"minecraft:emerald":2,"minecraft:cobweb":6,"minecraft:chain":16,"minecraft:sunflower":1,"minecraft:stonecutter":10,"minecraft:iron_shovel":1,"minecraft:white_wool":1,"hunting_delight:rot":1,"minecraft:stone_sword":1,"minecraft:cobbled_deepslate":2,"minecraft:birch_sapling":1,"minecraft:rotten_flesh":4,"minecraft:light_gray_wool":1,"minecraft:skull_banner_pattern":1,"minecraft:skeleton_skull":14,"horror_element_mod:human_remains":8,"hunting_delight:animal_fat_block":3,"minecraft:stone_pickaxe":2,"minecraft:cracked_deepslate_bricks":2,"minecraft:egg":1},"minecraft:used":{"minecraft:iron_shovel":510,"minecraft:shield":3,"minecraft:iron_sword":148,"minecraft:oak_door":9,"minecraft:torch":21,"minecraft:dirt":607,"minecraft:cracked_deepslate_tiles":1,"minecraft:oak_sapling":1,"minecraft:furnace":2,"minecraft:trapped_chest":3,"minecraft:egg":1,"minecraft:cooked_beef":12,"minecraft:cobbled_deepslate":3,"minecraft:cooked_mutton":4,"horror_element_mod:slashed_skull":2,"minecraft:oak_planks":25,"minecraft:stone_pickaxe":196,"minecraft:wooden_pickaxe":21,"minecraft:crafting_table":7,"minecraft:blast_furnace":2,"horror_element_mod:sound_block":2,"minecraft:smoker":3,"minecraft:oak_log":1,"minecraft:bread":18,"minecraft:iron_pickaxe":249,"minecraft:stone_axe":57,"hunting_delight:rot":1,"minecraft:cobblestone":502,"minecraft:cooked_porkchop":7,"minecraft:yellow_bed":10,"hunting_delight:huntingknife":2,"minecraft:cobweb":16}},"DataVersion":3120}