{"stats":{"minecraft:broken":{"minecraft:iron_shovel":3,"taccraft:assault_vest_boots":1,"minecraft:stone_pickaxe":6,"taccraft:flak_vest_leggings":1,"minecraft:stone_shovel":3,"taccraft:plate_carrier_helmet":1,"taccraft:flak_vest_chestplate":1,"minecraft:wooden_pickaxe":1,"minecraft:iron_pickaxe":1},"minecraft:killed":{"minecraft:witch":1,"minecraft:spider":16,"minecraft:skeleton":61,"minecraft:pig":3,"minecraft:zombie_villager":1,"minecraft:creeper":102,"minecraft:sheep":3,"minecraft:pillager":7,"minecraft:zombie":142,"minecraft:cow":22,"minecraft:bat":1},"minecraft:killed_by":{"minecraft:sheep":1,"minecraft:creeper":11,"minecraft:zombie":3,"minecraft:player":3,"minecraft:spider":1,"minecraft:skeleton":1},"minecraft:mined":{"minecraft:dark_oak_planks":4,"minecraft:spruce_planks":14,"minecraft:white_bed":6,"minecraft:oak_sapling":1,"minecraft:sculk_vein":1,"minecraft:granite":12,"minecraft:grass_block":761,"minecraft:oxeye_daisy":2,"minecraft:spawner":4,"minecraft:smooth_stone":3,"minecraft:dark_oak_trapdoor":1,"minecraft:cobbled_deepslate":6,"minecraft:iron_ore":44,"minecraft:sticky_piston":2,"minecraft:fire":16,"minecraft:pointed_dripstone":4,"minecraft:dirt_path":14,"minecraft:iron_bars":2,"horror_element_mod:slashed_skull":1,"minecraft:smoker":2,"minecraft:torch":27,"minecraft:blast_furnace":2,"minecraft:cobblestone":452,"minecraft:oak_planks":26,"minecraft:smooth_sandstone_slab":1,"minecraft:wall_torch":16,"minecraft:repeater":1,"minecraft:tinted_glass":1,"minecraft:birch_log":2,"minecraft:wheat":126,"minecraft:black_bed":1,"minecraft:stone_brick_stairs":1,"minecraft:grass":147,"minecraft:cracked_deepslate_tiles":1,"minecraft:oak_log":107,"minecraft:dirt":479,"minecraft:raw_copper_block":1,"minecraft:oak_leaves":13,"minecraft:deepslate":2,"minecraft:oak_door":5,"minecraft:dark_oak_log":1,"minecraft:ladder":1,"minecraft:hay_block":5,"minecraft:waxed_oxidized_cut_copper":1,"minecraft:furnace":2,"minecraft:green_terracotta":7,"minecraft:andesite":5,"minecraft:polished_deepslate":1,"minecraft:deepslate_iron_ore":1,"minecraft:stripped_oak_log":1,"hunting_delight:cowcorpse":4,"minecraft:stone":504,"horror_element_mod:sound_block":4,"minecraft:scaffolding":1,"minecraft:dandelion":4,"minecraft:polished_granite":1,"minecraft:crafting_table":6,"minecraft:smooth_sandstone":8,"minecraft:cornflower":1,"minecraft:tall_grass":8,"minecraft:copper_ore":29,"minecraft:lapis_ore":1,"minecraft:cracked_deepslate_bricks":4,"minecraft:diorite":60,"minecraft:trapped_chest":4,"minecraft:yellow_bed":12,"minecraft:coal_ore":100,"minecraft:sunflower":5,"minecraft:cobweb":70,"minecraft:polished_andesite":3,"minecraft:stone_bricks":1,"minecraft:gold_ore":1,"minecraft:iron_trapdoor":1},"minecraft:used":{"hunting_delight:cutlet":4,"minecraft:iron_shovel":586,"minecraft:ladder":1,"minecraft:chest":8,"minecraft:shield":103,"minecraft:iron_sword":238,"minecraft:green_terracotta":2,"minecraft:cracked_deepslate_tiles":1,"minecraft:obsidian":1,"minecraft:lava_bucket":61,"cgm:shotgun":362,"hunting_delight:cookedhumanmeat":28,"minecraft:iron_helmet":1,"minecraft:stone_bricks":4,"taccraft:flak_vest_chestplate":1,"minecraft:oak_sapling":9,"minecraft:furnace":2,"minecraft:gray_bed":1,"minecraft:egg":3,"minecraft:diorite":80,"minecraft:oak_planks":35,"minecraft:stone_pickaxe":890,"minecraft:wooden_pickaxe":81,"minecraft:golden_hoe":5,"minecraft:blast_furnace":2,"minecraft:crossbow":1,"minecraft:black_bed":2,"minecraft:lever":1,"minecraft:bread":37,"hunting_delight:cowcorpse":4,"minecraft:gravel":3,"additionalguns:scar":84,"taccraft:flak_vest_boots":2,"hunting_delight:huntingknife":2,"taccraft:flak_vest_leggings":1,"minecraft:bone_meal":215,"minecraft:cobweb":71,"minecraft:stone_sword":125,"minecraft:flint_and_steel":47,"minecraft:stone_shovel":393,"minecraft:spruce_planks":10,"minecraft:oak_door":11,"minecraft:torch":301,"minecraft:dirt":1158,"minecraft:iron_hoe":170,"additionalguns:m1014":186,"minecraft:trapped_chest":3,"minecraft:cooked_beef":19,"hunting_delight:scrambled_eggs":1,"minecraft:cobbled_deepslate":4,"minecraft:wheat_seeds":226,"minecraft:cooked_mutton":84,"minecraft:water_bucket":15,"horror_element_mod:slashed_skull":2,"taccraft:plate_carrier_helmet":1,"minecraft:crafting_table":12,"minecraft:white_bed":6,"horror_element_mod:sound_block":2,"minecraft:smoker":3,"minecraft:oak_log":13,"minecraft:iron_pickaxe":376,"minecraft:stone_axe":191,"hunting_delight:rot":1,"minecraft:cobblestone":914,"minecraft:cooked_porkchop":8,"minecraft:bucket":76,"minecraft:yellow_bed":11,"minecraft:smooth_stone":1},"minecraft:picked_up":{"hunting_delight:tainted_flesh":3,"minecraft:wheat":105,"minecraft:iron_trapdoor":1,"minecraft:lead":4,"minecraft:wither_rose":3,"minecraft:stone_brick_stairs":2,"minecraft:polished_deepslate":2,"minecraft:string":138,"minecraft:dark_oak_trapdoor":1,"minecraft:raw_copper":237,"minecraft:iron_leggings":2,"minecraft:sticky_piston":2,"minecraft:cobbled_deepslate":19,"minecraft:gold_nugget":59,"minecraft:smooth_stone":3,"minecraft:bucket":2,"minecraft:spruce_planks":13,"minecraft:iron_pickaxe":7,"minecraft:furnace":3,"minecraft:golden_helmet":1,"minecraft:stick":412,"horror_element_mod:slashed_skull":2,"minecraft:torch":212,"additionalguns:m1014":8,"minecraft:porkchop":7,"minecraft:pointed_dripstone":5,"minecraft:diorite":97,"minecraft:green_terracotta":11,"minecraft:stone_sword":1,"minecraft:rotten_flesh":294,"hunting_delight:worm":156,"minecraft:iron_bars":2,"minecraft:cobblestone":1327,"minecraft:birch_log":2,"minecraft:leather_chestplate":1,"minecraft:cooked_beef":2,"minecraft:repeater":2,"minecraft:andesite":7,"minecraft:black_bed":1,"minecraft:smoker":3,"minecraft:potato":2,"minecraft:skull_banner_pattern":2,"minecraft:flint":2,"minecraft:tuff":1,"minecraft:lapis_lazuli":6,"minecraft:dirt":1723,"minecraft:polished_granite":1,"minecraft:bone":196,"taccraft:assault_vest_boots":8,"minecraft:stonecutter":15,"minecraft:bow":7,"minecraft:wheat_seeds":346,"horror_element_mod:sound_block":8,"minecraft:raw_gold":1,"hunting_delight:rawsquid":3,"minecraft:glowstone_dust":3,"minecraft:moss_block":10,"minecraft:oak_planks":47,"taccraft:flak_vest_boots":4,"minecraft:cooked_porkchop":3,"minecraft:trapped_chest":6,"minecraft:dark_oak_log":1,"hunting_delight:animal_fat":88,"additionalguns:desert_eagle":1,"cgm:shell":1521,"minecraft:polished_andesite":6,"additionalguns:scar":2,"minecraft:diamond":1,"hunting_delight:huntingknife":2,"minecraft:black_concrete":1,"minecraft:lever":1,"additionalguns:bullet_short":128,"minecraft:crossbow":3,"minecraft:granite":23,"minecraft:emerald":7,"minecraft:bread":33,"minecraft:oak_sapling":9,"minecraft:diamond_pickaxe":1,"minecraft:fishing_rod":1,"minecraft:waxed_oxidized_cut_copper":1,"minecraft:crafting_table":6,"minecraft:ladder":2,"taccraft:flak_vest_chestplate":8,"minecraft:wooden_pickaxe":2,"hunting_delight:scrambled_eggs":1,"minecraft:chain":24,"minecraft:shield":7,"minecraft:cornflower":1,"minecraft:flint_and_steel":1,"cgm:shotgun":5,"minecraft:iron_shovel":1,"horror_element_mod:human_remains":12,"minecraft:beef":55,"minecraft:light_gray_wool":6,"minecraft:tinted_glass":1,"minecraft:birch_sapling":3,"minecraft:raw_copper_block":1,"minecraft:egg":4,"minecraft:raw_iron":54,"minecraft:oak_door":6,"minecraft:copper_ingot":2,"hunting_delight:humanmeat":32,"hunting_delight:cookedhumanmeat":1,"minecraft:stone_button":4,"hunting_delight:chitin":8,"minecraft:redstone":2,"minecraft:dark_oak_planks":4,"minecraft:smooth_sandstone_slab":1,"minecraft:arrow":91,"minecraft:diamond_chestplate":3,"k_turrets:raw_titanium":6,"minecraft:hay_block":5,"minecraft:cracked_deepslate_bricks":4,"minecraft:gold_ingot":10,"minecraft:glow_berries":1,"minecraft:mutton":34,"minecraft:skeleton_skull":22,"minecraft:white_wool":127,"minecraft:cracked_deepslate_tiles":1,"minecraft:stripped_oak_log":1,"minecraft:leather":44,"additionalguns:bullet_long":641,"hunting_delight:cowcorpse":4,"minecraft:oak_log":159,"minecraft:yellow_bed":13,"minecraft:gunpowder":229,"minecraft:white_banner":2,"minecraft:cooked_mutton":149,"minecraft:smooth_sandstone":8,"minecraft:apple":1,"minecraft:stone_bricks":4,"minecraft:iron_ingot":18,"minecraft:stone_pickaxe":7,"minecraft:cobweb":71,"hunting_delight:large_leather_bag":2,"minecraft:iron_sword":16,"minecraft:scaffolding":4,"minecraft:dandelion":3,"minecraft:lava_bucket":6,"minecraft:gravel":19,"hunting_delight:stuffing":16,"hunting_delight:rot":2,"taccraft:flak_vest_leggings":9,"minecraft:blast_furnace":3,"minecraft:white_bed":7,"hunting_delight:animal_fat_block":5,"minecraft:spider_eye":6,"minecraft:leather_helmet":1,"minecraft:stone_axe":8,"minecraft:iron_helmet":2,"hunting_delight:broken_bone":2827,"minecraft:gray_wool":9,"minecraft:black_wool":1,"minecraft:coal":157,"taccraft:plate_carrier_helmet":7,"minecraft:sunflower":26},"minecraft:custom":{"minecraft:animals_bred":9,"minecraft:interact_with_crafting_table":110,"minecraft:open_barrel":33,"minecraft:bell_ring":14,"minecraft:leave_game":16,"minecraft:time_since_death":21761,"minecraft:sprint_one_cm":1878378,"minecraft:damage_blocked_by_shield":2965,"minecraft:drop":203,"minecraft:talked_to_villager":3,"minecraft:play_time":511998,"minecraft:deaths":22,"minecraft:jump":9287,"minecraft:walk_on_water_one_cm":7440,"minecraft:interact_with_furnace":41,"minecraft:sleep_in_bed":31,"minecraft:damage_dealt":15516,"minecraft:player_kills":1,"minecraft:crouch_one_cm":54340,"minecraft:interact_with_smoker":62,"minecraft:mob_kills":413,"minecraft:damage_dealt_resisted":102,"minecraft:climb_one_cm":19212,"minecraft:walk_one_cm":1596286,"minecraft:damage_dealt_absorbed":95,"minecraft:sneak_time":25399,"minecraft:walk_under_water_one_cm":13029,"minecraft:interact_with_blast_furnace":44,"minecraft:total_world_time":511998,"minecraft:tune_noteblock":154,"minecraft:time_since_rest":15479,"minecraft:damage_taken":16240,"minecraft:trigger_trapped_chest":88,"minecraft:swim_one_cm":36255,"minecraft:fly_one_cm":2010461,"minecraft:open_chest":289,"minecraft:fall_one_cm":196907},"minecraft:crafted":{"minecraft:oak_planks":252,"k_turrets:titanium_ingot":10,"minecraft:cooked_mutton":44,"minecraft:raw_copper":9,"minecraft:chest":8,"hunting_delight:cutlet":14,"minecraft:gray_bed":1,"taccraft:flak_vest_chestplate":6,"minecraft:cooked_porkchop":8,"minecraft:crafting_table":8,"minecraft:wooden_pickaxe":3,"taccraft:plate_carrier_helmet":6,"minecraft:copper_ingot":81,"minecraft:birch_planks":8,"taccraft:plate_bag":12,"minecraft:shield":4,"taccraft:aramid_insert":36,"minecraft:stick":248,"taccraft:assault_vest_boots":5,"minecraft:iron_ingot":19,"minecraft:iron_pickaxe":2,"minecraft:stone_sword":1,"minecraft:black_bed":1,"minecraft:oak_door":9,"minecraft:stone_shovel":3,"minecraft:leather_boots":5,"minecraft:iron_nugget":27,"minecraft:bone_meal":257,"taccraft:nylon_cloth":180,"minecraft:leather":64,"minecraft:iron_axe":1,"minecraft:iron_hoe":1,"minecraft:stone_pickaxe":9,"hunting_delight:huntingknife":2,"minecraft:wheat":45,"minecraft:cooked_beef":38,"hunting_delight:soaked_coal":18,"minecraft:bucket":2,"taccraft:nylon_stripe":32,"minecraft:stone_axe":4,"minecraft:bread":19,"minecraft:air":0,"minecraft:gold_nugget":63,"taccraft:flak_vest_leggings":5,"minecraft:iron_shovel":3,"minecraft:white_bed":3,"hunting_delight:cookedhumanmeat":26,"minecraft:torch":244},"minecraft:dropped":{"minecraft:iron_sword":5,"minecraft:cooked_beef":8,"minecraft:oak_log":6,"hunting_delight:humanmeat":8,"minecraft:cooked_porkchop":3,"minecraft:crossbow":2,"minecraft:leather_helmet":1,"minecraft:emerald":2,"minecraft:dirt":66,"minecraft:dark_oak_log":1,"hunting_delight:tainted_flesh":3,"minecraft:dark_oak_trapdoor":1,"minecraft:chain":24,"minecraft:sunflower":1,"minecraft:dark_oak_planks":1,"minecraft:white_wool":2,"hunting_delight:rot":1,"minecraft:bone":25,"minecraft:gravel":2,"minecraft:stone_axe":1,"additionalguns:desert_eagle":1,"cgm:shotgun":2,"minecraft:cobbled_deepslate":7,"minecraft:tinted_glass":1,"minecraft:birch_sapling":1,"minecraft:wheat":16,"minecraft:pointed_dripstone":1,"minecraft:rotten_flesh":15,"additionalguns:bullet_short":128,"minecraft:glowstone_dust":1,"minecraft:white_bed":1,"minecraft:skull_banner_pattern":2,"minecraft:skeleton_skull":17,"k_turrets:raw_titanium":6,"taccraft:plate_carrier_helmet":4,"hunting_delight:animal_fat_block":3,"minecraft:egg":1,"minecraft:bread":12,"minecraft:wheat_seeds":2,"minecraft:cobblestone":13,"hunting_delight:broken_bone":836,"minecraft:granite":2,"hunting_delight:chitin":2,"minecraft:stick":8,"minecraft:cobweb":6,"minecraft:lava_bucket":1,"taccraft:flak_vest_chestplate":5,"hunting_delight:cookedhumanmeat":1,"minecraft:diorite":4,"minecraft:iron_trapdoor":1,"taccraft:assault_vest_boots":5,"additionalguns:m1014":3,"taccraft:flak_vest_leggings":5,"minecraft:smooth_sandstone_slab":1,"minecraft:stonecutter":15,"hunting_delight:worm":9,"hunting_delight:animal_fat":1,"minecraft:iron_shovel":1,"minecraft:smooth_sandstone":8,"minecraft:trapped_chest":1,"minecraft:redstone":2,"minecraft:polished_deepslate":2,"minecraft:stone_sword":1,"minecraft:raw_copper":1,"minecraft:tuff":1,"minecraft:light_gray_wool":1,"minecraft:potato":1,"horror_element_mod:human_remains":12,"minecraft:waxed_oxidized_cut_copper":1,"additionalguns:bullet_long":156,"minecraft:spider_eye":3,"minecraft:bow":2,"minecraft:stone_pickaxe":5,"minecraft:wooden_pickaxe":1,"minecraft:cracked_deepslate_bricks":3}},"DataVersion":3120}