{"stats":{"minecraft:killed":{"minecraft:pig":3,"minecraft:cow":12},"minecraft:mined":{"horror_element_mod:sound_block":2,"minecraft:oak_door":4,"minecraft:smoker":2,"minecraft:sculk_vein":1,"minecraft:crafting_table":2,"minecraft:granite":2,"minecraft:blast_furnace":2,"minecraft:grass_block":1,"minecraft:oak_planks":21,"minecraft:cracked_deepslate_bricks":3,"minecraft:hay_block":5,"minecraft:trapped_chest":2,"minecraft:furnace":2,"minecraft:cobbled_deepslate":2,"minecraft:iron_ore":8,"minecraft:polished_deepslate":1,"minecraft:grass":5,"minecraft:coal_ore":18,"minecraft:oak_log":15,"minecraft:iron_bars":2,"minecraft:cobweb":12,"minecraft:stone":67,"minecraft:oak_leaves":1},"minecraft:custom":{"minecraft:interact_with_furnace":9,"minecraft:mob_kills":13,"minecraft:interact_with_crafting_table":11,"minecraft:open_barrel":1,"minecraft:bell_ring":14,"minecraft:time_since_death":29424,"minecraft:sleep_in_bed":2,"minecraft:climb_one_cm":2943,"minecraft:time_since_rest":7109,"minecraft:sprint_one_cm":140580,"minecraft:damage_taken":1780,"minecraft:walk_one_cm":83489,"minecraft:drop":26,"minecraft:damage_dealt":1641,"minecraft:swim_one_cm":18383,"minecraft:talked_to_villager":1,"minecraft:fly_one_cm":147323,"minecraft:open_chest":2,"minecraft:crouch_one_cm":1021,"minecraft:play_time":37476,"minecraft:deaths":6,"minecraft:sneak_time":1085,"minecraft:walk_under_water_one_cm":8469,"minecraft:jump":694,"minecraft:interact_with_blast_furnace":14,"minecraft:walk_on_water_one_cm":3410,"minecraft:total_world_time":37476,"minecraft:interact_with_smoker":16,"minecraft:fall_one_cm":19389},"minecraft:crafted":{"minecraft:cooked_beef":15,"minecraft:oak_door":3,"minecraft:oak_planks":56,"minecraft:cooked_porkchop":7,"minecraft:crafting_table":2,"minecraft:wooden_pickaxe":2,"minecraft:stone_axe":1,"minecraft:cooked_mutton":1,"minecraft:air":0,"minecraft:leather":16,"minecraft:stick":28,"minecraft:iron_ingot":1,"minecraft:stone_pickaxe":1,"hunting_delight:huntingknife":1},"minecraft:killed_by":{"minecraft:sheep":1,"minecraft:skeleton":1,"minecraft:creeper":2,"minecraft:spider":1,"minecraft:zombie":1},"minecraft:picked_up":{"minecraft:crafting_table":2,"minecraft:leather":7,"minecraft:wooden_pickaxe":1,"minecraft:smoker":2,"minecraft:skull_banner_pattern":1,"minecraft:oak_log":18,"minecraft:chain":16,"minecraft:string":12,"minecraft:dirt":52,"minecraft:bone":19,"horror_element_mod:human_remains":8,"minecraft:stonecutter":10,"horror_element_mod:sound_block":2,"minecraft:cobbled_deepslate":2,"minecraft:iron_ingot":7,"minecraft:beef":37,"minecraft:cobweb":17,"minecraft:light_gray_wool":3,"minecraft:oak_planks":24,"minecraft:birch_sapling":3,"minecraft:iron_sword":1,"minecraft:egg":1,"minecraft:furnace":2,"minecraft:stick":13,"minecraft:raw_iron":8,"taccraft:flak_vest_boots":1,"minecraft:cooked_porkchop":3,"minecraft:oak_door":5,"hunting_delight:humanmeat":12,"hunting_delight:rot":2,"minecraft:porkchop":7,"minecraft:blast_furnace":2,"minecraft:trapped_chest":2,"hunting_delight:animal_fat_block":5,"hunting_delight:animal_fat":26,"minecraft:rotten_flesh":13,"minecraft:hay_block":5,"minecraft:granite":2,"hunting_delight:broken_bone":134,"minecraft:cracked_deepslate_bricks":3,"minecraft:emerald":2,"minecraft:skeleton_skull":14,"minecraft:oak_sapling":1,"minecraft:coal":44,"minecraft:mutton":3,"minecraft:iron_bars":2,"minecraft:white_wool":3,"minecraft:cobblestone":76},"minecraft:dropped":{"minecraft:cooked_beef":8,"minecraft:cobbled_deepslate":2,"minecraft:cooked_porkchop":3,"hunting_delight:humanmeat":6,"minecraft:birch_sapling":1,"hunting_delight:broken_bone":49,"minecraft:rotten_flesh":2,"minecraft:light_gray_wool":1,"minecraft:granite":2,"minecraft:emerald":2,"minecraft:cobweb":6,"minecraft:skull_banner_pattern":1,"minecraft:skeleton_skull":14,"horror_element_mod:human_remains":8,"hunting_delight:animal_fat_block":3,"minecraft:chain":16,"minecraft:stonecutter":10,"minecraft:cracked_deepslate_bricks":2,"minecraft:egg":1,"minecraft:white_wool":1,"hunting_delight:rot":1},"minecraft:used":{"minecraft:cooked_mutton":1,"minecraft:stone_pickaxe":99,"minecraft:oak_planks":20,"minecraft:wooden_pickaxe":21,"minecraft:iron_sword":25,"minecraft:oak_door":5,"minecraft:dirt":1,"minecraft:crafting_table":3,"minecraft:blast_furnace":1,"minecraft:smoker":1,"minecraft:oak_log":1,"hunting_delight:rot":1,"minecraft:stone_axe":42,"minecraft:cobblestone":3,"minecraft:furnace":1,"minecraft:oak_sapling":1,"minecraft:cooked_porkchop":4,"minecraft:cobweb":11,"hunting_delight:huntingknife":2}},"DataVersion":3120}