{"stats":{"minecraft:broken":{"minecraft:iron_shovel":2,"minecraft:stone_pickaxe":4,"minecraft:iron_pickaxe":1},"minecraft:killed":{"minecraft:spider":1,"minecraft:skeleton":4,"minecraft:pig":3,"minecraft:creeper":17,"minecraft:sheep":3,"minecraft:zombie":34,"minecraft:cow":22},"minecraft:killed_by":{"minecraft:sheep":1,"minecraft:creeper":5,"minecraft:spider":1,"minecraft:skeleton":1,"minecraft:zombie":2},"minecraft:mined":{"minecraft:white_bed":4,"minecraft:oak_sapling":1,"minecraft:oak_door":5,"minecraft:sculk_vein":1,"minecraft:granite":5,"minecraft:grass_block":457,"minecraft:oxeye_daisy":1,"minecraft:hay_block":5,"minecraft:smooth_stone":2,"minecraft:furnace":2,"minecraft:iron_ore":27,"minecraft:cobbled_deepslate":5,"minecraft:fire":16,"minecraft:andesite":3,"minecraft:green_terracotta":3,"minecraft:polished_deepslate":1,"minecraft:pointed_dripstone":4,"minecraft:dirt_path":2,"minecraft:iron_bars":2,"hunting_delight:cowcorpse":4,"minecraft:stone":480,"horror_element_mod:slashed_skull":1,"horror_element_mod:sound_block":4,"minecraft:smoker":2,"minecraft:dandelion":3,"minecraft:crafting_table":6,"minecraft:cornflower":1,"minecraft:torch":23,"minecraft:blast_furnace":2,"minecraft:tall_grass":8,"minecraft:cobblestone":121,"minecraft:oak_planks":21,"minecraft:cracked_deepslate_bricks":3,"minecraft:diorite":51,"minecraft:wall_torch":8,"minecraft:trapped_chest":3,"minecraft:birch_log":2,"minecraft:yellow_bed":12,"minecraft:cracked_deepslate_tiles":1,"minecraft:grass":112,"minecraft:oak_log":63,"minecraft:coal_ore":77,"minecraft:sunflower":5,"minecraft:dirt":183,"minecraft:cobweb":15,"minecraft:oak_leaves":9},"minecraft:used":{"minecraft:stone_sword":125,"minecraft:iron_shovel":510,"minecraft:flint_and_steel":47,"minecraft:shield":12,"minecraft:iron_sword":158,"minecraft:green_terracotta":2,"minecraft:oak_door":9,"minecraft:torch":178,"minecraft:dirt":774,"minecraft:cracked_deepslate_tiles":1,"minecraft:lava_bucket":23,"minecraft:oak_sapling":7,"minecraft:furnace":2,"minecraft:trapped_chest":3,"minecraft:egg":3,"minecraft:cooked_beef":19,"hunting_delight:scrambled_eggs":1,"minecraft:cobbled_deepslate":3,"minecraft:cooked_mutton":34,"minecraft:diorite":78,"horror_element_mod:slashed_skull":2,"minecraft:oak_planks":31,"minecraft:stone_pickaxe":531,"minecraft:wooden_pickaxe":66,"minecraft:golden_hoe":5,"minecraft:crafting_table":10,"minecraft:blast_furnace":2,"horror_element_mod:sound_block":2,"minecraft:white_bed":4,"minecraft:smoker":3,"minecraft:oak_log":8,"minecraft:bread":35,"minecraft:iron_pickaxe":249,"hunting_delight:cowcorpse":4,"minecraft:stone_axe":120,"minecraft:gravel":3,"hunting_delight:rot":1,"minecraft:cobblestone":628,"minecraft:cooked_porkchop":8,"minecraft:bucket":23,"minecraft:yellow_bed":11,"hunting_delight:huntingknife":2,"minecraft:bone_meal":21,"minecraft:smooth_stone":1,"minecraft:cobweb":16},"minecraft:picked_up":{"minecraft:fishing_rod":1,"minecraft:crafting_table":6,"minecraft:lead":4,"minecraft:wooden_pickaxe":2,"minecraft:wither_rose":3,"hunting_delight:scrambled_eggs":1,"minecraft:chain":16,"minecraft:shield":1,"minecraft:cornflower":1,"minecraft:string":37,"minecraft:raw_copper":5,"minecraft:flint_and_steel":1,"horror_element_mod:human_remains":8,"minecraft:cobbled_deepslate":5,"minecraft:smooth_stone":1,"minecraft:beef":55,"minecraft:light_gray_wool":5,"minecraft:birch_sapling":3,"minecraft:furnace":3,"minecraft:egg":4,"minecraft:stick":27,"minecraft:raw_iron":30,"minecraft:oak_door":6,"horror_element_mod:slashed_skull":2,"hunting_delight:humanmeat":16,"minecraft:torch":47,"minecraft:porkchop":7,"minecraft:pointed_dripstone":4,"minecraft:diorite":81,"minecraft:redstone":2,"minecraft:green_terracotta":3,"minecraft:stone_sword":1,"minecraft:arrow":14,"minecraft:rotten_flesh":126,"minecraft:hay_block":5,"minecraft:cracked_deepslate_bricks":3,"hunting_delight:worm":100,"minecraft:mutton":34,"minecraft:iron_bars":2,"minecraft:skeleton_skull":19,"minecraft:white_wool":20,"minecraft:cobblestone":883,"minecraft:cracked_deepslate_tiles":1,"minecraft:birch_log":2,"minecraft:cooked_beef":2,"minecraft:andesite":3,"minecraft:leather":44,"minecraft:smoker":3,"minecraft:potato":1,"hunting_delight:cowcorpse":4,"minecraft:skull_banner_pattern":1,"minecraft:oak_log":66,"minecraft:yellow_bed":13,"minecraft:gunpowder":55,"minecraft:dirt":802,"minecraft:cooked_mutton":16,"minecraft:bone":80,"minecraft:stonecutter":10,"minecraft:wheat_seeds":58,"horror_element_mod:sound_block":8,"minecraft:iron_ingot":7,"minecraft:stone_pickaxe":6,"minecraft:cobweb":22,"minecraft:glowstone_dust":3,"minecraft:moss_block":10,"minecraft:iron_sword":3,"minecraft:oak_planks":42,"taccraft:flak_vest_boots":2,"minecraft:cooked_porkchop":3,"minecraft:dandelion":2,"minecraft:gravel":2,"hunting_delight:rot":2,"minecraft:blast_furnace":3,"minecraft:white_bed":5,"minecraft:trapped_chest":5,"minecraft:spider_eye":2,"hunting_delight:animal_fat_block":5,"hunting_delight:animal_fat":88,"minecraft:stone_axe":1,"minecraft:granite":7,"hunting_delight:broken_bone":728,"minecraft:gray_wool":2,"minecraft:bread":11,"minecraft:emerald":2,"minecraft:oak_sapling":6,"minecraft:black_wool":1,"minecraft:coal":130,"minecraft:sunflower":26},"minecraft:custom":{"minecraft:mob_kills":85,"minecraft:animals_bred":4,"minecraft:interact_with_crafting_table":46,"minecraft:open_barrel":1,"minecraft:bell_ring":14,"minecraft:damage_dealt_resisted":4,"minecraft:leave_game":7,"minecraft:time_since_death":1203,"minecraft:climb_one_cm":3587,"minecraft:sprint_one_cm":906040,"minecraft:walk_one_cm":847437,"minecraft:damage_blocked_by_shield":340,"minecraft:drop":69,"minecraft:damage_dealt_absorbed":15,"minecraft:talked_to_villager":3,"minecraft:play_time":259759,"minecraft:sneak_time":13841,"minecraft:deaths":12,"minecraft:walk_under_water_one_cm":13029,"minecraft:jump":5203,"minecraft:interact_with_blast_furnace":25,"minecraft:walk_on_water_one_cm":7040,"minecraft:total_world_time":259759,"minecraft:interact_with_furnace":25,"minecraft:tune_noteblock":1,"minecraft:sleep_in_bed":17,"minecraft:time_since_rest":1231,"minecraft:damage_taken":8567,"minecraft:trigger_trapped_chest":24,"minecraft:damage_dealt":14053,"minecraft:swim_one_cm":36255,"minecraft:fly_one_cm":1130971,"minecraft:open_chest":68,"minecraft:crouch_one_cm":33797,"minecraft:interact_with_smoker":47,"minecraft:fall_one_cm":112821},"minecraft:crafted":{"minecraft:oak_door":6,"minecraft:oak_planks":112,"minecraft:bone_meal":63,"k_turrets:titanium_ingot":10,"taccraft:nylon_cloth":8,"minecraft:cooked_mutton":44,"minecraft:leather":64,"minecraft:stone_pickaxe":6,"hunting_delight:huntingknife":2,"minecraft:wheat":45,"minecraft:cooked_beef":38,"minecraft:cooked_porkchop":8,"minecraft:crafting_table":6,"hunting_delight:soaked_coal":14,"minecraft:wooden_pickaxe":3,"minecraft:bucket":1,"minecraft:birch_planks":8,"minecraft:stone_axe":3,"minecraft:bread":15,"minecraft:air":0,"taccraft:plate_bag":2,"minecraft:shield":2,"minecraft:stick":108,"minecraft:iron_ingot":7,"minecraft:iron_pickaxe":1,"minecraft:stone_sword":1,"minecraft:iron_shovel":3,"minecraft:white_bed":3,"minecraft:torch":132},"minecraft:dropped":{"minecraft:bread":1,"minecraft:iron_sword":1,"minecraft:cooked_beef":8,"minecraft:oak_log":6,"hunting_delight:humanmeat":6,"minecraft:cooked_porkchop":3,"minecraft:cobblestone":13,"hunting_delight:broken_bone":131,"minecraft:granite":2,"minecraft:stick":8,"minecraft:emerald":2,"minecraft:cobweb":6,"minecraft:chain":16,"minecraft:sunflower":1,"minecraft:stonecutter":10,"hunting_delight:worm":4,"minecraft:iron_shovel":1,"minecraft:white_wool":1,"hunting_delight:rot":1,"minecraft:redstone":2,"minecraft:gravel":2,"minecraft:stone_axe":1,"minecraft:stone_sword":1,"minecraft:cobbled_deepslate":2,"minecraft:raw_copper":1,"minecraft:birch_sapling":1,"minecraft:rotten_flesh":4,"minecraft:light_gray_wool":1,"minecraft:glowstone_dust":1,"minecraft:white_bed":1,"minecraft:skull_banner_pattern":1,"minecraft:skeleton_skull":14,"horror_element_mod:human_remains":8,"hunting_delight:animal_fat_block":3,"minecraft:spider_eye":2,"minecraft:wooden_pickaxe":1,"minecraft:stone_pickaxe":5,"minecraft:cracked_deepslate_bricks":2,"minecraft:egg":1}},"DataVersion":3120}