{"stats":{"minecraft:mined":{"minecraft:white_bed":2,"minecraft:oak_door":5,"minecraft:sculk_vein":1,"minecraft:granite":5,"minecraft:grass_block":455,"minecraft:oxeye_daisy":1,"minecraft:hay_block":5,"minecraft:smooth_stone":2,"minecraft:furnace":2,"minecraft:fire":15,"minecraft:iron_ore":20,"minecraft:cobbled_deepslate":5,"minecraft:green_terracotta":3,"minecraft:andesite":3,"minecraft:polished_deepslate":1,"minecraft:dirt_path":2,"minecraft:iron_bars":2,"minecraft:stone":370,"horror_element_mod:slashed_skull":1,"horror_element_mod:sound_block":4,"minecraft:smoker":2,"minecraft:dandelion":1,"minecraft:crafting_table":5,"minecraft:torch":5,"minecraft:blast_furnace":2,"minecraft:tall_grass":7,"minecraft:cobblestone":61,"minecraft:oak_planks":21,"minecraft:cracked_deepslate_bricks":3,"minecraft:diorite":1,"minecraft:wall_torch":1,"minecraft:trapped_chest":3,"minecraft:yellow_bed":12,"minecraft:grass":96,"minecraft:cracked_deepslate_tiles":1,"minecraft:oak_log":44,"minecraft:coal_ore":21,"minecraft:sunflower":5,"minecraft:dirt":152,"minecraft:cobweb":15,"minecraft:oak_leaves":5},"minecraft:killed_by":{"minecraft:sheep":1,"minecraft:creeper":3,"minecraft:spider":1,"minecraft:skeleton":1,"minecraft:zombie":1},"minecraft:crafted":{"minecraft:oak_door":6,"minecraft:oak_planks":72,"taccraft:nylon_cloth":8,"minecraft:cooked_mutton":30,"minecraft:leather":18,"minecraft:stone_pickaxe":3,"hunting_delight:huntingknife":1,"minecraft:wheat":45,"minecraft:cooked_beef":33,"minecraft:cooked_porkchop":7,"minecraft:crafting_table":5,"minecraft:wooden_pickaxe":2,"minecraft:stone_axe":1,"minecraft:bread":15,"minecraft:air":0,"taccraft:plate_bag":2,"minecraft:shield":1,"minecraft:stick":44,"minecraft:iron_ingot":1,"minecraft:iron_pickaxe":1,"minecraft:iron_shovel":3,"minecraft:white_bed":1,"minecraft:torch":12},"minecraft:used":{"minecraft:iron_shovel":510,"minecraft:flint_and_steel":45,"minecraft:shield":3,"minecraft:iron_sword":158,"minecraft:green_terracotta":2,"minecraft:oak_door":9,"minecraft:torch":22,"minecraft:dirt":703,"minecraft:cracked_deepslate_tiles":1,"minecraft:oak_sapling":1,"minecraft:furnace":2,"minecraft:trapped_chest":3,"minecraft:egg":3,"minecraft:cooked_beef":12,"hunting_delight:scrambled_eggs":1,"minecraft:cobbled_deepslate":3,"minecraft:cooked_mutton":9,"horror_element_mod:slashed_skull":2,"minecraft:oak_planks":31,"minecraft:stone_pickaxe":247,"minecraft:wooden_pickaxe":30,"minecraft:golden_hoe":5,"minecraft:crafting_table":9,"minecraft:blast_furnace":2,"horror_element_mod:sound_block":2,"minecraft:white_bed":2,"minecraft:smoker":3,"minecraft:oak_log":8,"minecraft:bread":18,"minecraft:iron_pickaxe":249,"minecraft:stone_axe":92,"hunting_delight:rot":1,"minecraft:cobblestone":504,"minecraft:cooked_porkchop":7,"minecraft:yellow_bed":11,"hunting_delight:huntingknife":2,"minecraft:smooth_stone":1,"minecraft:cobweb":16},"minecraft:custom":{"minecraft:mob_kills":52,"minecraft:animals_bred":3,"minecraft:interact_with_crafting_table":27,"minecraft:open_barrel":1,"minecraft:bell_ring":14,"minecraft:leave_game":5,"minecraft:time_since_death":3875,"minecraft:climb_one_cm":3587,"minecraft:sprint_one_cm":641726,"minecraft:walk_one_cm":542996,"minecraft:damage_blocked_by_shield":90,"minecraft:drop":47,"minecraft:talked_to_villager":2,"minecraft:play_time":171083,"minecraft:sneak_time":5461,"minecraft:deaths":9,"minecraft:walk_under_water_one_cm":13029,"minecraft:jump":4010,"minecraft:interact_with_blast_furnace":16,"minecraft:walk_on_water_one_cm":7040,"minecraft:total_world_time":171083,"minecraft:interact_with_furnace":15,"minecraft:tune_noteblock":1,"minecraft:sleep_in_bed":9,"minecraft:time_since_rest":417,"minecraft:damage_taken":4612,"minecraft:trigger_trapped_chest":13,"minecraft:damage_dealt":8311,"minecraft:swim_one_cm":36255,"minecraft:fly_one_cm":938345,"minecraft:open_chest":42,"minecraft:crouch_one_cm":14271,"minecraft:interact_with_smoker":33,"minecraft:fall_one_cm":93865},"minecraft:picked_up":{"minecraft:crafting_table":5,"minecraft:lead":2,"minecraft:wooden_pickaxe":1,"hunting_delight:scrambled_eggs":1,"minecraft:chain":16,"minecraft:shield":1,"minecraft:string":36,"horror_element_mod:human_remains":8,"minecraft:cobbled_deepslate":5,"minecraft:smooth_stone":1,"minecraft:beef":50,"minecraft:light_gray_wool":5,"minecraft:birch_sapling":3,"minecraft:furnace":3,"minecraft:egg":4,"minecraft:stick":21,"minecraft:raw_iron":20,"minecraft:oak_door":6,"horror_element_mod:slashed_skull":2,"hunting_delight:humanmeat":16,"minecraft:torch":11,"minecraft:porkchop":7,"minecraft:diorite":2,"minecraft:green_terracotta":3,"minecraft:stone_sword":1,"minecraft:arrow":5,"minecraft:rotten_flesh":44,"minecraft:hay_block":5,"minecraft:cracked_deepslate_bricks":3,"hunting_delight:worm":95,"minecraft:cobblestone":651,"minecraft:mutton":20,"minecraft:iron_bars":2,"minecraft:skeleton_skull":19,"minecraft:white_wool":14,"minecraft:cracked_deepslate_tiles":1,"minecraft:andesite":3,"minecraft:leather":36,"minecraft:smoker":3,"minecraft:skull_banner_pattern":1,"minecraft:oak_log":47,"minecraft:yellow_bed":13,"minecraft:gunpowder":27,"minecraft:dirt":720,"minecraft:bone":54,"minecraft:stonecutter":10,"minecraft:wheat_seeds":55,"horror_element_mod:sound_block":8,"minecraft:stone_pickaxe":5,"minecraft:iron_ingot":7,"minecraft:cobweb":22,"minecraft:glowstone_dust":2,"minecraft:moss_block":10,"minecraft:iron_sword":3,"minecraft:oak_planks":30,"taccraft:flak_vest_boots":2,"minecraft:cooked_porkchop":3,"hunting_delight:rot":2,"minecraft:blast_furnace":3,"minecraft:white_bed":2,"minecraft:trapped_chest":5,"hunting_delight:animal_fat_block":5,"hunting_delight:animal_fat":76,"minecraft:stone_axe":1,"minecraft:granite":7,"hunting_delight:broken_bone":408,"minecraft:gray_wool":2,"minecraft:emerald":2,"minecraft:bread":11,"minecraft:oak_sapling":2,"minecraft:coal":75,"minecraft:sunflower":26},"minecraft:dropped":{"minecraft:bread":1,"minecraft:iron_sword":1,"minecraft:cooked_beef":8,"minecraft:oak_log":6,"hunting_delight:humanmeat":6,"minecraft:cooked_porkchop":3,"minecraft:cobblestone":3,"hunting_delight:broken_bone":49,"minecraft:granite":2,"minecraft:stick":8,"minecraft:emerald":2,"minecraft:cobweb":6,"minecraft:chain":16,"minecraft:sunflower":1,"minecraft:stonecutter":10,"minecraft:iron_shovel":1,"minecraft:white_wool":1,"hunting_delight:rot":1,"minecraft:stone_sword":1,"minecraft:cobbled_deepslate":2,"minecraft:birch_sapling":1,"minecraft:rotten_flesh":4,"minecraft:light_gray_wool":1,"minecraft:skull_banner_pattern":1,"minecraft:skeleton_skull":14,"horror_element_mod:human_remains":8,"hunting_delight:animal_fat_block":3,"minecraft:stone_pickaxe":4,"minecraft:cracked_deepslate_bricks":2,"minecraft:egg":1},"minecraft:killed":{"minecraft:skeleton":3,"minecraft:pig":3,"minecraft:creeper":9,"minecraft:sheep":1,"minecraft:zombie":16,"minecraft:cow":18},"minecraft:broken":{"minecraft:iron_shovel":2,"minecraft:stone_pickaxe":2,"minecraft:iron_pickaxe":1}},"DataVersion":3120}