{"stats":{"minecraft:mined":{"minecraft:yellow_terracotta":11,"minecraft:smoker":1,"minecraft:sculk_vein":2,"minecraft:orange_terracotta":5,"minecraft:crafting_table":2,"minecraft:light_gray_terracotta":8,"minecraft:red_sand":1,"minecraft:blast_furnace":1,"minecraft:dead_bush":2,"minecraft:deepslate_tile_stairs":1,"minecraft:cracked_deepslate_bricks":3,"minecraft:oak_planks":2,"minecraft:hay_block":27,"minecraft:lime_bed":1,"horror_element_mod:villager_head":1,"minecraft:iron_ore":12,"minecraft:sculk_shrieker":2,"minecraft:coal_ore":6,"minecraft:oak_log":5,"minecraft:iron_bars":5,"minecraft:gravel":2,"minecraft:terracotta":29,"minecraft:stone":12,"minecraft:iron_trapdoor":2,"minecraft:green_bed":1},"minecraft:killed_by":{"minecraft:player":1,"minecraft:creeper":1,"minecraft:zombie":1},"minecraft:custom":{"minecraft:mob_kills":4,"minecraft:tune_noteblock":41,"minecraft:interact_with_crafting_table":6,"minecraft:open_barrel":2,"minecraft:leave_game":3,"minecraft:time_since_death":9375,"minecraft:sleep_in_bed":1,"minecraft:climb_one_cm":3513,"minecraft:time_since_rest":9426,"minecraft:sprint_one_cm":94764,"minecraft:damage_taken":1726,"minecraft:walk_one_cm":125909,"minecraft:damage_blocked_by_shield":40,"minecraft:drop":13,"minecraft:damage_dealt":691,"minecraft:play_noteblock":13,"minecraft:fly_one_cm":155003,"minecraft:swim_one_cm":112762,"minecraft:open_chest":12,"minecraft:crouch_one_cm":3282,"minecraft:play_time":44559,"minecraft:deaths":4,"minecraft:sneak_time":1886,"minecraft:walk_under_water_one_cm":23416,"minecraft:boat_one_cm":117174,"minecraft:jump":806,"minecraft:interact_with_blast_furnace":1,"minecraft:walk_on_water_one_cm":12515,"minecraft:interact_with_smoker":2,"minecraft:total_world_time":44559,"minecraft:fall_one_cm":27487},"minecraft:used":{"minecraft:red_sand":1,"minecraft:iron_bars":3,"minecraft:cracked_deepslate_bricks":2,"minecraft:stone_pickaxe":75,"minecraft:ladder":1,"minecraft:oak_planks":2,"minecraft:shield":1,"minecraft:wooden_pickaxe":3,"minecraft:iron_sword":9,"minecraft:terracotta":9,"minecraft:yellow_terracotta":4,"minecraft:crafting_table":2,"minecraft:blast_furnace":1,"minecraft:light_gray_terracotta":3,"minecraft:smoker":1,"minecraft:bread":13,"minecraft:iron_pickaxe":27,"horror_element_mod:villager_head":1,"minecraft:gravel":2,"minecraft:hay_block":1,"minecraft:furnace":1},"minecraft:dropped":{"minecraft:bread":4,"minecraft:raw_iron":12,"minecraft:cobblestone":4,"minecraft:oak_planks":5,"minecraft:coal":6,"minecraft:stick":12,"minecraft:stone_pickaxe":1,"minecraft:wooden_pickaxe":1},"minecraft:picked_up":{"minecraft:lime_bed":1,"minecraft:crafting_table":3,"minecraft:iron_trapdoor":2,"minecraft:ladder":5,"minecraft:smoker":1,"minecraft:wooden_pickaxe":1,"minecraft:oak_log":5,"horror_element_mod:villager_head":1,"minecraft:gunpowder":8,"minecraft:orange_terracotta":5,"minecraft:cobbled_deepslate":1,"minecraft:red_sand":1,"minecraft:smooth_stone":2,"minecraft:rabbit_hide":1,"minecraft:stone_pickaxe":1,"minecraft:oak_planks":10,"minecraft:furnace":1,"minecraft:stick":1,"minecraft:raw_iron":12,"minecraft:green_bed":1,"minecraft:gravel":2,"minecraft:blast_furnace":1,"minecraft:spider_eye":1,"hunting_delight:animal_fat_block":1,"hunting_delight:animal_fat":13,"minecraft:light_gray_terracotta":12,"minecraft:hay_block":27,"k_turrets:raw_titanium":11,"minecraft:cracked_polished_blackstone_bricks":1,"minecraft:yellow_terracotta":8,"hunting_delight:broken_bone":31,"minecraft:cracked_deepslate_bricks":4,"minecraft:emerald":4,"minecraft:bread":115,"minecraft:terracotta":27,"minecraft:coal":6,"minecraft:iron_bars":9,"minecraft:cobblestone":7},"minecraft:killed":{"minecraft:rabbit":1,"minecraft:spider":1,"minecraft:creeper":2},"minecraft:crafted":{"minecraft:oak_planks":20,"minecraft:crafting_table":1,"minecraft:wooden_pickaxe":1,"minecraft:bread":78,"minecraft:air":0,"minecraft:shield":1,"minecraft:stick":16,"minecraft:iron_ingot":8,"minecraft:stone_pickaxe":1,"minecraft:wheat":234}},"DataVersion":3120}