{"stats":{"minecraft:killed":{"minecraft:witch":2,"minecraft:spider":35,"minecraft:skeleton":102,"minecraft:chicken":2,"minecraft:pig":4,"minecraft:zombie_villager":2,"minecraft:creeper":182,"minecraft:sheep":25,"minecraft:pillager":7,"minecraft:zombie":219,"minecraft:cow":37,"minecraft:drowned":1,"minecraft:bat":1},"minecraft:custom":{"minecraft:animals_bred":17,"minecraft:interact_with_crafting_table":118,"minecraft:open_barrel":33,"minecraft:bell_ring":14,"minecraft:leave_game":21,"minecraft:time_since_death":18312,"minecraft:damage_resisted":140,"minecraft:sprint_one_cm":2685339,"minecraft:damage_blocked_by_shield":4565,"minecraft:drop":323,"minecraft:talked_to_villager":4,"minecraft:play_time":715523,"minecraft:deaths":90,"minecraft:jump":13469,"minecraft:walk_on_water_one_cm":26960,"minecraft:interact_with_furnace":48,"minecraft:sleep_in_bed":38,"minecraft:damage_dealt":18595,"minecraft:player_kills":30,"minecraft:crouch_one_cm":87034,"minecraft:interact_with_smoker":73,"minecraft:mob_kills":700,"minecraft:damage_dealt_resisted":156,"minecraft:climb_one_cm":19373,"minecraft:walk_one_cm":2123733,"minecraft:damage_dealt_absorbed":135,"minecraft:sneak_time":41479,"minecraft:walk_under_water_one_cm":25073,"minecraft:interact_with_blast_furnace":52,"minecraft:total_world_time":715523,"minecraft:tune_noteblock":154,"minecraft:time_since_rest":18400,"minecraft:damage_absorbed":210,"minecraft:damage_taken":47701,"minecraft:trigger_trapped_chest":92,"minecraft:swim_one_cm":66918,"minecraft:fly_one_cm":2959324,"minecraft:open_chest":341,"minecraft:fall_one_cm":366874},"minecraft:mined":{"minecraft:dark_oak_planks":4,"minecraft:spruce_planks":14,"minecraft:white_bed":10,"minecraft:oak_sapling":1,"minecraft:sculk_vein":1,"minecraft:granite":12,"minecraft:grass_block":764,"minecraft:jungle_log":18,"minecraft:oxeye_daisy":4,"minecraft:spawner":5,"minecraft:smooth_stone":3,"minecraft:dark_oak_trapdoor":1,"minecraft:iron_ore":107,"minecraft:sticky_piston":2,"minecraft:fire":16,"minecraft:cobbled_deepslate":6,"minecraft:pointed_dripstone":4,"minecraft:dirt_path":14,"minecraft:iron_bars":2,"minecraft:tripwire":1,"horror_element_mod:slashed_skull":1,"minecraft:smoker":2,"minecraft:torch":28,"minecraft:blast_furnace":2,"minecraft:cobblestone":452,"minecraft:oak_planks":26,"minecraft:smooth_sandstone_slab":1,"minecraft:wall_torch":17,"minecraft:deepslate_copper_ore":1,"minecraft:repeater":1,"minecraft:tinted_glass":1,"minecraft:birch_log":2,"minecraft:wheat":153,"minecraft:black_bed":1,"minecraft:stone_brick_stairs":1,"minecraft:cracked_deepslate_tiles":1,"minecraft:grass":169,"minecraft:oak_log":114,"minecraft:dirt":483,"minecraft:raw_copper_block":1,"minecraft:oak_leaves":17,"minecraft:deepslate":12,"minecraft:oak_door":5,"minecraft:dark_oak_log":1,"minecraft:ladder":1,"minecraft:hay_block":5,"minecraft:waxed_oxidized_cut_copper":1,"minecraft:furnace":2,"minecraft:jungle_sapling":3,"minecraft:andesite":8,"minecraft:green_terracotta":7,"minecraft:polished_deepslate":1,"minecraft:deepslate_iron_ore":47,"hunting_delight:cowcorpse":4,"minecraft:stripped_oak_log":1,"minecraft:stone":535,"horror_element_mod:sound_block":4,"minecraft:scaffolding":1,"minecraft:dandelion":8,"minecraft:polished_granite":1,"minecraft:smooth_sandstone":8,"minecraft:crafting_table":6,"minecraft:cornflower":3,"minecraft:copper_ore":61,"minecraft:tall_grass":13,"minecraft:deepslate_gold_ore":2,"minecraft:lapis_ore":1,"minecraft:lily_pad":1,"minecraft:cracked_deepslate_bricks":4,"minecraft:diorite":68,"minecraft:trapped_chest":4,"minecraft:yellow_bed":12,"minecraft:coal_ore":145,"minecraft:sunflower":5,"minecraft:cobweb":108,"minecraft:stone_bricks":1,"minecraft:polished_andesite":3,"minecraft:gold_ore":1,"minecraft:iron_trapdoor":1},"minecraft:crafted":{"minecraft:oak_planks":280,"k_turrets:titanium_ingot":10,"minecraft:cooked_mutton":44,"minecraft:raw_copper":9,"minecraft:chest":9,"hunting_delight:stuffing":113,"hunting_delight:cutlet":56,"minecraft:gray_bed":1,"taccraft:flak_vest_chestplate":8,"minecraft:cooked_porkchop":8,"minecraft:crafting_table":9,"taccraft:plate_carrier_helmet":8,"minecraft:wooden_pickaxe":3,"minecraft:copper_ingot":101,"minecraft:birch_planks":8,"taccraft:plate_bag":16,"minecraft:shield":5,"taccraft:aramid_insert":48,"minecraft:stick":280,"minecraft:iron_ingot":27,"taccraft:assault_vest_boots":7,"minecraft:iron_pickaxe":3,"minecraft:stone_sword":1,"minecraft:black_bed":1,"minecraft:shears":1,"minecraft:oak_door":9,"minecraft:stone_shovel":3,"minecraft:leather_boots":7,"minecraft:iron_nugget":27,"minecraft:bone_meal":493,"taccraft:nylon_cloth":180,"minecraft:leather":64,"minecraft:iron_axe":2,"minecraft:iron_hoe":1,"minecraft:stone_pickaxe":9,"hunting_delight:huntingknife":3,"minecraft:wheat":45,"minecraft:cooked_beef":38,"hunting_delight:soaked_coal":18,"minecraft:bucket":2,"taccraft:nylon_stripe":52,"minecraft:stone_axe":4,"minecraft:air":0,"minecraft:bread":19,"minecraft:gold_nugget":63,"taccraft:flak_vest_leggings":7,"minecraft:iron_shovel":3,"minecraft:white_bed":3,"hunting_delight:cookedhumanmeat":26,"minecraft:torch":356},"minecraft:killed_by":{"minecraft:sheep":1,"minecraft:creeper":12,"minecraft:zombie":4,"minecraft:player":64,"minecraft:spider":1,"minecraft:skeleton":1,"minecraft:guardian":2},"minecraft:broken":{"minecraft:iron_shovel":3,"taccraft:assault_vest_boots":2,"minecraft:stone_pickaxe":6,"taccraft:flak_vest_leggings":1,"minecraft:stone_shovel":3,"taccraft:plate_carrier_helmet":1,"taccraft:flak_vest_chestplate":1,"minecraft:wooden_pickaxe":1,"minecraft:iron_pickaxe":1},"minecraft:picked_up":{"hunting_delight:tainted_flesh":45,"minecraft:iron_chestplate":2,"hunting_delight:cutlet":98,"minecraft:wheat":179,"cgm:basic_bullet":270,"minecraft:redstone_block":6,"minecraft:iron_trapdoor":1,"minecraft:lead":4,"minecraft:oak_stairs":90,"minecraft:wither_rose":3,"minecraft:potion":1,"minecraft:stone_brick_stairs":2,"additionalguns:awm":29,"minecraft:polished_deepslate":2,"minecraft:string":271,"minecraft:dark_oak_trapdoor":1,"minecraft:raw_copper":381,"cgm:long_scope":3,"minecraft:iron_leggings":3,"minecraft:sticky_piston":2,"minecraft:smooth_stone":3,"minecraft:gold_nugget":59,"minecraft:cobbled_deepslate":33,"minecraft:bucket":2,"minecraft:spruce_planks":51,"minecraft:iron_pickaxe":15,"minecraft:enchanted_golden_apple":1,"minecraft:coal_block":28,"cgm:advanced_bullet":1000,"minecraft:iron_boots":4,"minecraft:furnace":3,"minecraft:golden_helmet":1,"minecraft:stick":519,"horror_element_mod:slashed_skull":2,"minecraft:torch":268,"minecraft:green_bed":2,"additionalguns:m1014":26,"minecraft:porkchop":14,"minecraft:diorite":146,"minecraft:pointed_dripstone":17,"minecraft:music_disc_pigstep":1,"minecraft:golden_chestplate":3,"minecraft:green_terracotta":11,"minecraft:stone_sword":1,"minecraft:rotten_flesh":650,"projectarsenal:arx160":5,"hunting_delight:worm":217,"minecraft:iron_bars":8,"minecraft:cobblestone":1916,"minecraft:birch_log":2,"taccraft:flak_vest_helmet":6,"minecraft:magma_block":2,"minecraft:leather_chestplate":2,"minecraft:cooked_beef":2,"minecraft:repeater":2,"minecraft:jungle_log":18,"minecraft:water_bucket":4,"minecraft:andesite":11,"minecraft:black_bed":1,"minecraft:smoker":3,"minecraft:potato":4,"minecraft:flint":43,"minecraft:skull_banner_pattern":3,"minecraft:tuff":3,"minecraft:lapis_lazuli":6,"minecraft:dirt":4713,"minecraft:stripped_birch_log":36,"minecraft:polished_granite":1,"cgm:grenade":165,"minecraft:bone":913,"taccraft:assault_vest_boots":22,"minecraft:stonecutter":15,"minecraft:bow":16,"minecraft:wheat_seeds":647,"horror_element_mod:sound_block":8,"minecraft:raw_gold":12,"hunting_delight:rawsquid":4,"minecraft:glowstone_dust":12,"minecraft:bamboo":24,"minecraft:moss_block":10,"minecraft:oak_planks":113,"minecraft:stone_hoe":1,"taccraft:flak_vest_boots":7,"minecraft:cooked_porkchop":3,"minecraft:music_disc_13":1,"minecraft:trapped_chest":8,"minecraft:dark_oak_log":1,"hunting_delight:animal_fat":196,"cgm:silencer":1,"additionalguns:desert_eagle":5,"cgm:shell":5366,"minecraft:polished_andesite":6,"additionalguns:scar":5,"minecraft:diamond":1,"hunting_delight:huntingknife":10,"minecraft:black_concrete":6,"minecraft:soul_lantern":9,"minecraft:lever":1,"additionalguns:bullet_short":744,"minecraft:crossbow":8,"minecraft:granite":25,"minecraft:bone_meal":35,"minecraft:golden_apple":256,"minecraft:emerald":56,"minecraft:bread":33,"minecraft:oak_sapling":15,"minecraft:diamond_pickaxe":3,"minecraft:fishing_rod":3,"minecraft:charcoal":47,"minecraft:waxed_oxidized_cut_copper":1,"minecraft:crafting_table":7,"minecraft:ladder":2,"minecraft:nether_wart":50,"taccraft:flak_vest_chestplate":13,"minecraft:wooden_pickaxe":2,"additionalguns:over_under":5,"marbledsapi:steel_sheet":2,"hunting_delight:scrambled_eggs":1,"minecraft:chain":25,"minecraft:shield":8,"minecraft:cornflower":3,"minecraft:iron_axe":15,"minecraft:flint_and_steel":7,"cgm:shotgun":5,"minecraft:item_frame":8,"minecraft:iron_shovel":4,"horror_element_mod:human_remains":12,"taccraft:heavy_assault_vest_leggings":3,"cgm:mini_gun":3,"minecraft:beef":145,"minecraft:jungle_sapling":20,"minecraft:iron_nugget":382,"minecraft:poppy":1,"minecraft:light_gray_wool":7,"minecraft:tinted_glass":1,"cgm:bazooka":18,"minecraft:chest":3,"minecraft:birch_sapling":7,"minecraft:raw_copper_block":1,"minecraft:egg":7,"minecraft:raw_iron":172,"minecraft:orange_dye":4,"minecraft:stone":3,"minecraft:oak_door":8,"minecraft:copper_ingot":2,"hunting_delight:humanmeat":249,"hunting_delight:cookedhumanmeat":1,"hunting_delight:sandwich":636,"minecraft:stone_button":4,"marbledsarsenal:katana":5,"hunting_delight:chitin":43,"minecraft:carrot":9,"minecraft:redstone":224,"minecraft:dark_oak_planks":4,"minecraft:smooth_sandstone_slab":1,"minecraft:arrow":590,"minecraft:diamond_chestplate":10,"k_turrets:raw_titanium":6,"minecraft:hay_block":40,"minecraft:cracked_deepslate_bricks":4,"minecraft:saddle":1,"minecraft:gold_ingot":86,"minecraft:glow_berries":1,"minecraft:mutton":165,"minecraft:skeleton_skull":46,"minecraft:white_wool":281,"minecraft:oxeye_daisy":2,"minecraft:cracked_deepslate_tiles":1,"minecraft:stripped_oak_log":1,"minecraft:glow_ink_sac":4,"minecraft:leather":73,"additionalguns:bullet_long":2438,"hunting_delight:cowcorpse":4,"cgm:missile":524,"minecraft:oak_log":193,"minecraft:yellow_bed":13,"minecraft:gunpowder":968,"additionalguns:casing_long":45,"minecraft:white_banner":4,"cgm:grenade_launcher":3,"minecraft:cooked_mutton":149,"minecraft:smooth_sandstone":23,"minecraft:apple":15,"minecraft:stone_bricks":46,"minecraft:music_disc_far":1,"minecraft:iron_ingot":525,"minecraft:stone_pickaxe":13,"minecraft:cobweb":120,"hunting_delight:large_leather_bag":3,"minecraft:iron_sword":25,"minecraft:soul_sand":30,"minecraft:scaffolding":4,"minecraft:dandelion":11,"minecraft:lava_bucket":6,"minecraft:gravel":25,"hunting_delight:stuffing":16,"hunting_delight:rot":2,"taccraft:flak_vest_leggings":18,"minecraft:blast_furnace":3,"minecraft:white_bed":14,"minecraft:spider_eye":36,"minecraft:leather_helmet":1,"hunting_delight:animal_fat_block":11,"taccraft:heavy_assault_vest_helmet":1,"minecraft:slime_ball":27,"taccraft:heavy_assault_vest_boots":1,"minecraft:stone_axe":8,"minecraft:iron_helmet":7,"hunting_delight:broken_bone":6537,"minecraft:gray_wool":12,"minecraft:black_wool":1,"minecraft:coal":285,"taccraft:plate_carrier_helmet":15,"minecraft:sunflower":48},"minecraft:dropped":{"minecraft:iron_sword":5,"minecraft:cooked_beef":8,"minecraft:oak_log":6,"hunting_delight:humanmeat":16,"minecraft:cooked_porkchop":3,"minecraft:crossbow":2,"minecraft:leather_helmet":1,"minecraft:emerald":3,"minecraft:dirt":211,"hunting_delight:sandwich":97,"minecraft:dark_oak_log":1,"hunting_delight:tainted_flesh":3,"minecraft:mutton":4,"minecraft:dark_oak_trapdoor":1,"minecraft:jungle_sapling":12,"minecraft:chain":24,"minecraft:sunflower":1,"minecraft:dark_oak_planks":1,"minecraft:fishing_rod":1,"minecraft:white_wool":2,"hunting_delight:rot":1,"minecraft:bone":25,"minecraft:gravel":2,"minecraft:stone_axe":1,"additionalguns:desert_eagle":1,"cgm:shotgun":2,"minecraft:tinted_glass":1,"minecraft:cobbled_deepslate":7,"minecraft:birch_sapling":2,"minecraft:wheat":16,"minecraft:pointed_dripstone":1,"minecraft:rotten_flesh":118,"additionalguns:bullet_short":128,"minecraft:oak_planks":6,"minecraft:enchanted_golden_apple":64,"minecraft:glowstone_dust":1,"minecraft:white_bed":2,"minecraft:carrot":9,"minecraft:leather_chestplate":1,"minecraft:gunpowder":108,"minecraft:skull_banner_pattern":2,"minecraft:skeleton_skull":17,"taccraft:plate_carrier_helmet":6,"k_turrets:raw_titanium":6,"hunting_delight:animal_fat_block":3,"minecraft:arrow":22,"minecraft:iron_bars":6,"minecraft:egg":3,"minecraft:bread":12,"minecraft:wheat_seeds":8,"cgm:grenade":57,"minecraft:iron_helmet":1,"minecraft:cobblestone":21,"hunting_delight:broken_bone":1442,"minecraft:granite":2,"hunting_delight:chitin":2,"minecraft:golden_apple":128,"minecraft:stick":98,"minecraft:lava_bucket":1,"minecraft:cobweb":6,"taccraft:flak_vest_chestplate":8,"hunting_delight:cookedhumanmeat":1,"minecraft:diorite":4,"minecraft:iron_trapdoor":1,"minecraft:torch":8,"hunting_delight:rawsquid":1,"taccraft:assault_vest_boots":8,"additionalguns:m1014":3,"taccraft:flak_vest_leggings":9,"minecraft:smooth_sandstone_slab":1,"minecraft:stonecutter":15,"minecraft:iron_axe":1,"hunting_delight:worm":10,"hunting_delight:huntingknife":2,"hunting_delight:animal_fat":4,"minecraft:iron_shovel":1,"minecraft:smooth_sandstone":8,"minecraft:trapped_chest":1,"additionalguns:scar":2,"minecraft:polished_deepslate":2,"minecraft:redstone":2,"minecraft:stone_sword":1,"minecraft:raw_copper":1,"minecraft:tuff":1,"minecraft:raw_iron":82,"minecraft:light_gray_wool":1,"hunting_delight:large_leather_bag":1,"minecraft:potato":1,"minecraft:hay_block":35,"minecraft:diamond_chestplate":1,"minecraft:diamond_pickaxe":2,"horror_element_mod:human_remains":12,"minecraft:oak_sapling":2,"minecraft:waxed_oxidized_cut_copper":1,"additionalguns:bullet_long":668,"minecraft:spider_eye":3,"marbledsarsenal:katana":1,"minecraft:bamboo":24,"minecraft:bow":3,"minecraft:stone_pickaxe":5,"minecraft:wooden_pickaxe":1,"additionalguns:awm":5,"minecraft:cracked_deepslate_bricks":3},"minecraft:used":{"hunting_delight:cutlet":34,"minecraft:iron_shovel":586,"minecraft:ladder":1,"additionalguns:awm":45,"minecraft:chest":10,"minecraft:shield":128,"minecraft:iron_sword":289,"minecraft:rotten_flesh":1,"minecraft:green_terracotta":2,"minecraft:mutton":4,"minecraft:cracked_deepslate_tiles":1,"minecraft:obsidian":1,"minecraft:jungle_sapling":8,"minecraft:lava_bucket":61,"cgm:shotgun":362,"hunting_delight:cookedhumanmeat":28,"minecraft:iron_helmet":1,"minecraft:stone_bricks":4,"taccraft:flak_vest_helmet":1,"taccraft:flak_vest_chestplate":1,"minecraft:oak_sapling":10,"minecraft:furnace":2,"minecraft:gray_bed":1,"minecraft:egg":4,"minecraft:diorite":86,"minecraft:oak_planks":35,"minecraft:stone_pickaxe":890,"minecraft:wooden_pickaxe":81,"hunting_delight:sandwich":19,"minecraft:golden_apple":2,"minecraft:golden_hoe":5,"minecraft:blast_furnace":2,"minecraft:crossbow":1,"cgm:bazooka":14,"minecraft:black_bed":2,"minecraft:lever":1,"minecraft:bread":37,"minecraft:string":1,"hunting_delight:cowcorpse":4,"minecraft:gravel":3,"additionalguns:scar":84,"taccraft:flak_vest_boots":3,"taccraft:flak_vest_leggings":2,"hunting_delight:huntingknife":2,"cgm:mini_gun":71,"minecraft:bone_meal":451,"minecraft:cobweb":109,"minecraft:stone_sword":125,"minecraft:flint_and_steel":78,"minecraft:stone_shovel":393,"minecraft:spruce_planks":10,"additionalguns:over_under":4,"minecraft:oak_door":11,"minecraft:torch":418,"minecraft:dirt":1217,"minecraft:iron_hoe":229,"minecraft:iron_axe":54,"minecraft:jungle_log":6,"cgm:grenade_launcher":4,"additionalguns:m1014":555,"minecraft:trapped_chest":3,"minecraft:cooked_beef":19,"hunting_delight:scrambled_eggs":1,"minecraft:cobbled_deepslate":7,"minecraft:enchanted_golden_apple":2,"minecraft:wheat_seeds":281,"minecraft:cooked_mutton":84,"minecraft:water_bucket":19,"horror_element_mod:slashed_skull":2,"taccraft:plate_carrier_helmet":2,"minecraft:crafting_table":13,"minecraft:white_bed":12,"horror_element_mod:sound_block":2,"taccraft:heavy_assault_vest_leggings":1,"minecraft:smoker":3,"minecraft:oak_log":13,"additionalguns:desert_eagle":5,"minecraft:iron_pickaxe":618,"minecraft:stone_axe":191,"hunting_delight:rot":1,"minecraft:cobblestone":964,"minecraft:cooked_porkchop":8,"minecraft:bucket":81,"minecraft:yellow_bed":11,"projectarsenal:arx160":85,"minecraft:dandelion":1,"minecraft:smooth_stone":1,"taccraft:assault_vest_boots":1}},"DataVersion":3120}