{"stats":{"minecraft:broken":{"minecraft:iron_shovel":3,"taccraft:assault_vest_boots":1,"minecraft:stone_pickaxe":6,"taccraft:flak_vest_leggings":1,"minecraft:stone_shovel":3,"taccraft:plate_carrier_helmet":1,"taccraft:flak_vest_chestplate":1,"minecraft:wooden_pickaxe":1,"minecraft:iron_pickaxe":1},"minecraft:killed":{"minecraft:witch":2,"minecraft:spider":26,"minecraft:skeleton":88,"minecraft:pig":3,"minecraft:zombie_villager":2,"minecraft:creeper":154,"minecraft:sheep":3,"minecraft:pillager":7,"minecraft:zombie":187,"minecraft:cow":22,"minecraft:bat":1},"minecraft:killed_by":{"minecraft:sheep":1,"minecraft:creeper":11,"minecraft:zombie":3,"minecraft:player":3,"minecraft:spider":1,"minecraft:skeleton":1,"minecraft:guardian":2},"minecraft:mined":{"minecraft:dark_oak_planks":4,"minecraft:spruce_planks":14,"minecraft:white_bed":6,"minecraft:oak_sapling":1,"minecraft:sculk_vein":1,"minecraft:granite":12,"minecraft:grass_block":762,"minecraft:jungle_log":18,"minecraft:oxeye_daisy":4,"minecraft:spawner":5,"minecraft:smooth_stone":3,"minecraft:dark_oak_trapdoor":1,"minecraft:cobbled_deepslate":6,"minecraft:iron_ore":104,"minecraft:sticky_piston":2,"minecraft:fire":16,"minecraft:pointed_dripstone":4,"minecraft:dirt_path":14,"minecraft:iron_bars":2,"minecraft:tripwire":1,"horror_element_mod:slashed_skull":1,"minecraft:smoker":2,"minecraft:torch":28,"minecraft:blast_furnace":2,"minecraft:cobblestone":452,"minecraft:oak_planks":26,"minecraft:smooth_sandstone_slab":1,"minecraft:wall_torch":17,"minecraft:deepslate_copper_ore":1,"minecraft:repeater":1,"minecraft:tinted_glass":1,"minecraft:birch_log":2,"minecraft:wheat":153,"minecraft:black_bed":1,"minecraft:stone_brick_stairs":1,"minecraft:grass":167,"minecraft:cracked_deepslate_tiles":1,"minecraft:oak_log":111,"minecraft:dirt":483,"minecraft:raw_copper_block":1,"minecraft:oak_leaves":15,"minecraft:deepslate":12,"minecraft:oak_door":5,"minecraft:dark_oak_log":1,"minecraft:ladder":1,"minecraft:hay_block":5,"minecraft:waxed_oxidized_cut_copper":1,"minecraft:furnace":2,"minecraft:jungle_sapling":3,"minecraft:green_terracotta":7,"minecraft:andesite":8,"minecraft:polished_deepslate":1,"minecraft:deepslate_iron_ore":47,"minecraft:stripped_oak_log":1,"hunting_delight:cowcorpse":4,"minecraft:stone":520,"horror_element_mod:sound_block":4,"minecraft:scaffolding":1,"minecraft:dandelion":8,"minecraft:polished_granite":1,"minecraft:crafting_table":6,"minecraft:smooth_sandstone":8,"minecraft:cornflower":3,"minecraft:tall_grass":11,"minecraft:copper_ore":49,"minecraft:deepslate_gold_ore":2,"minecraft:lapis_ore":1,"minecraft:cracked_deepslate_bricks":4,"minecraft:diorite":68,"minecraft:trapped_chest":4,"minecraft:yellow_bed":12,"minecraft:coal_ore":145,"minecraft:sunflower":5,"minecraft:cobweb":108,"minecraft:polished_andesite":3,"minecraft:stone_bricks":1,"minecraft:gold_ore":1,"minecraft:iron_trapdoor":1},"minecraft:used":{"hunting_delight:cutlet":19,"minecraft:iron_shovel":586,"minecraft:ladder":1,"minecraft:chest":9,"minecraft:shield":124,"minecraft:iron_sword":276,"minecraft:green_terracotta":2,"minecraft:cracked_deepslate_tiles":1,"minecraft:obsidian":1,"minecraft:jungle_sapling":8,"minecraft:lava_bucket":61,"cgm:shotgun":362,"hunting_delight:cookedhumanmeat":28,"minecraft:iron_helmet":1,"minecraft:stone_bricks":4,"taccraft:flak_vest_chestplate":1,"minecraft:oak_sapling":10,"minecraft:furnace":2,"minecraft:gray_bed":1,"minecraft:egg":4,"minecraft:diorite":80,"minecraft:oak_planks":35,"minecraft:stone_pickaxe":890,"minecraft:wooden_pickaxe":81,"hunting_delight:sandwich":9,"minecraft:golden_hoe":5,"minecraft:blast_furnace":2,"minecraft:crossbow":1,"minecraft:black_bed":2,"minecraft:lever":1,"minecraft:bread":37,"minecraft:string":1,"hunting_delight:cowcorpse":4,"minecraft:gravel":3,"additionalguns:scar":84,"taccraft:flak_vest_boots":2,"hunting_delight:huntingknife":2,"taccraft:flak_vest_leggings":1,"minecraft:bone_meal":433,"minecraft:cobweb":109,"minecraft:stone_sword":125,"minecraft:flint_and_steel":47,"minecraft:stone_shovel":393,"minecraft:spruce_planks":10,"minecraft:oak_door":11,"minecraft:torch":418,"minecraft:dirt":1159,"minecraft:iron_hoe":229,"minecraft:iron_axe":24,"minecraft:jungle_log":6,"additionalguns:m1014":416,"minecraft:trapped_chest":3,"minecraft:cooked_beef":19,"hunting_delight:scrambled_eggs":1,"minecraft:cobbled_deepslate":7,"minecraft:wheat_seeds":281,"minecraft:cooked_mutton":84,"minecraft:water_bucket":19,"horror_element_mod:slashed_skull":2,"taccraft:plate_carrier_helmet":1,"minecraft:crafting_table":12,"minecraft:white_bed":6,"horror_element_mod:sound_block":2,"minecraft:smoker":3,"minecraft:oak_log":13,"minecraft:iron_pickaxe":588,"minecraft:stone_axe":191,"hunting_delight:rot":1,"minecraft:cobblestone":944,"minecraft:cooked_porkchop":8,"minecraft:bucket":81,"minecraft:yellow_bed":11,"minecraft:dandelion":1,"minecraft:smooth_stone":1},"minecraft:picked_up":{"hunting_delight:tainted_flesh":3,"minecraft:wheat":135,"minecraft:redstone_block":6,"minecraft:iron_trapdoor":1,"minecraft:lead":4,"minecraft:wither_rose":3,"minecraft:potion":1,"minecraft:stone_brick_stairs":2,"minecraft:polished_deepslate":2,"minecraft:string":185,"minecraft:dark_oak_trapdoor":1,"minecraft:raw_copper":307,"minecraft:iron_leggings":2,"minecraft:sticky_piston":2,"minecraft:cobbled_deepslate":33,"minecraft:gold_nugget":59,"minecraft:smooth_stone":3,"minecraft:bucket":2,"minecraft:spruce_planks":51,"minecraft:iron_pickaxe":7,"minecraft:furnace":3,"minecraft:golden_helmet":1,"minecraft:stick":479,"horror_element_mod:slashed_skull":2,"minecraft:torch":219,"additionalguns:m1014":9,"minecraft:porkchop":7,"minecraft:music_disc_pigstep":1,"minecraft:pointed_dripstone":5,"minecraft:diorite":105,"minecraft:green_terracotta":11,"minecraft:stone_sword":1,"minecraft:rotten_flesh":334,"hunting_delight:worm":157,"minecraft:iron_bars":8,"minecraft:cobblestone":1351,"minecraft:birch_log":2,"minecraft:leather_chestplate":2,"minecraft:cooked_beef":2,"minecraft:repeater":2,"minecraft:jungle_log":18,"minecraft:andesite":11,"minecraft:black_bed":1,"minecraft:smoker":3,"minecraft:potato":2,"minecraft:skull_banner_pattern":2,"minecraft:flint":2,"minecraft:tuff":3,"minecraft:lapis_lazuli":6,"minecraft:dirt":1787,"minecraft:polished_granite":1,"minecraft:bone":241,"taccraft:assault_vest_boots":10,"minecraft:stonecutter":15,"minecraft:bow":9,"minecraft:wheat_seeds":428,"horror_element_mod:sound_block":8,"minecraft:raw_gold":12,"hunting_delight:rawsquid":4,"minecraft:bamboo":24,"minecraft:glowstone_dust":3,"minecraft:moss_block":10,"minecraft:oak_planks":51,"taccraft:flak_vest_boots":4,"minecraft:cooked_porkchop":3,"minecraft:music_disc_13":1,"minecraft:trapped_chest":6,"minecraft:dark_oak_log":1,"hunting_delight:animal_fat":91,"additionalguns:desert_eagle":1,"cgm:shell":1761,"minecraft:polished_andesite":6,"additionalguns:scar":4,"minecraft:diamond":1,"hunting_delight:huntingknife":3,"minecraft:black_concrete":2,"minecraft:lever":1,"additionalguns:bullet_short":128,"minecraft:crossbow":3,"minecraft:granite":23,"minecraft:golden_apple":1,"minecraft:emerald":7,"minecraft:bread":33,"minecraft:oak_sapling":11,"minecraft:diamond_pickaxe":3,"minecraft:fishing_rod":2,"minecraft:charcoal":47,"minecraft:waxed_oxidized_cut_copper":1,"minecraft:crafting_table":6,"minecraft:nether_wart":50,"minecraft:ladder":2,"taccraft:flak_vest_chestplate":10,"minecraft:wooden_pickaxe":2,"marbledsapi:steel_sheet":2,"hunting_delight:scrambled_eggs":1,"minecraft:chain":25,"minecraft:shield":7,"minecraft:cornflower":2,"minecraft:flint_and_steel":1,"cgm:shotgun":5,"minecraft:iron_shovel":1,"horror_element_mod:human_remains":12,"minecraft:beef":55,"minecraft:jungle_sapling":20,"minecraft:light_gray_wool":6,"minecraft:tinted_glass":1,"minecraft:chest":1,"minecraft:birch_sapling":3,"minecraft:raw_copper_block":1,"minecraft:egg":7,"minecraft:raw_iron":166,"minecraft:oak_door":6,"minecraft:copper_ingot":2,"hunting_delight:humanmeat":38,"hunting_delight:cookedhumanmeat":1,"hunting_delight:sandwich":88,"minecraft:stone_button":4,"marbledsarsenal:katana":1,"minecraft:carrot":9,"hunting_delight:chitin":15,"minecraft:redstone":2,"minecraft:dark_oak_planks":4,"minecraft:smooth_sandstone_slab":1,"minecraft:arrow":139,"minecraft:diamond_chestplate":3,"k_turrets:raw_titanium":6,"minecraft:hay_block":40,"minecraft:cracked_deepslate_bricks":4,"minecraft:gold_ingot":10,"minecraft:glow_berries":1,"minecraft:mutton":38,"minecraft:skeleton_skull":22,"minecraft:white_wool":147,"minecraft:oxeye_daisy":2,"minecraft:cracked_deepslate_tiles":1,"minecraft:stripped_oak_log":1,"minecraft:glow_ink_sac":4,"minecraft:leather":44,"additionalguns:bullet_long":897,"hunting_delight:cowcorpse":4,"minecraft:oak_log":163,"minecraft:yellow_bed":13,"minecraft:gunpowder":425,"additionalguns:casing_long":29,"minecraft:white_banner":2,"minecraft:cooked_mutton":149,"minecraft:smooth_sandstone":8,"minecraft:apple":1,"minecraft:stone_bricks":4,"minecraft:music_disc_far":1,"minecraft:iron_ingot":18,"minecraft:stone_pickaxe":7,"minecraft:cobweb":120,"minecraft:soul_sand":30,"hunting_delight:large_leather_bag":3,"minecraft:iron_sword":16,"minecraft:scaffolding":4,"minecraft:dandelion":5,"minecraft:lava_bucket":6,"minecraft:gravel":19,"hunting_delight:stuffing":16,"hunting_delight:rot":2,"taccraft:flak_vest_leggings":12,"minecraft:blast_furnace":3,"minecraft:white_bed":7,"hunting_delight:animal_fat_block":5,"minecraft:spider_eye":12,"minecraft:leather_helmet":1,"minecraft:stone_axe":8,"minecraft:iron_helmet":2,"hunting_delight:broken_bone":4032,"minecraft:gray_wool":10,"minecraft:black_wool":1,"minecraft:coal":221,"taccraft:plate_carrier_helmet":8,"minecraft:sunflower":26},"minecraft:custom":{"minecraft:animals_bred":15,"minecraft:interact_with_crafting_table":115,"minecraft:open_barrel":33,"minecraft:bell_ring":14,"minecraft:leave_game":16,"minecraft:time_since_death":56015,"minecraft:sprint_one_cm":2181499,"minecraft:damage_blocked_by_shield":3505,"minecraft:drop":289,"minecraft:talked_to_villager":3,"minecraft:play_time":583998,"minecraft:deaths":24,"minecraft:jump":10775,"minecraft:walk_on_water_one_cm":22102,"minecraft:interact_with_furnace":45,"minecraft:sleep_in_bed":35,"minecraft:damage_dealt":15676,"minecraft:player_kills":1,"minecraft:crouch_one_cm":56688,"minecraft:interact_with_smoker":64,"minecraft:mob_kills":575,"minecraft:damage_dealt_resisted":156,"minecraft:climb_one_cm":19373,"minecraft:walk_one_cm":1816624,"minecraft:damage_dealt_absorbed":135,"minecraft:sneak_time":26700,"minecraft:walk_under_water_one_cm":17972,"minecraft:interact_with_blast_furnace":46,"minecraft:total_world_time":583998,"minecraft:tune_noteblock":154,"minecraft:time_since_rest":951,"minecraft:damage_taken":18404,"minecraft:trigger_trapped_chest":89,"minecraft:swim_one_cm":47460,"minecraft:fly_one_cm":2262209,"minecraft:open_chest":319,"minecraft:fall_one_cm":224249},"minecraft:crafted":{"minecraft:oak_planks":268,"k_turrets:titanium_ingot":10,"minecraft:cooked_mutton":44,"minecraft:raw_copper":9,"minecraft:chest":8,"hunting_delight:cutlet":24,"minecraft:gray_bed":1,"taccraft:flak_vest_chestplate":8,"minecraft:cooked_porkchop":8,"minecraft:crafting_table":8,"minecraft:wooden_pickaxe":3,"taccraft:plate_carrier_helmet":8,"minecraft:copper_ingot":81,"minecraft:birch_planks":8,"taccraft:plate_bag":16,"minecraft:shield":5,"taccraft:aramid_insert":48,"minecraft:stick":280,"taccraft:assault_vest_boots":7,"minecraft:iron_ingot":19,"minecraft:iron_pickaxe":3,"minecraft:stone_sword":1,"minecraft:black_bed":1,"minecraft:shears":1,"minecraft:oak_door":9,"minecraft:stone_shovel":3,"minecraft:leather_boots":7,"minecraft:iron_nugget":27,"minecraft:bone_meal":475,"taccraft:nylon_cloth":180,"minecraft:leather":64,"minecraft:iron_axe":2,"minecraft:iron_hoe":1,"minecraft:stone_pickaxe":9,"hunting_delight:huntingknife":2,"minecraft:wheat":45,"minecraft:cooked_beef":38,"hunting_delight:soaked_coal":18,"minecraft:bucket":2,"taccraft:nylon_stripe":52,"minecraft:stone_axe":4,"minecraft:bread":19,"minecraft:air":0,"minecraft:gold_nugget":63,"taccraft:flak_vest_leggings":7,"minecraft:iron_shovel":3,"minecraft:white_bed":3,"hunting_delight:cookedhumanmeat":26,"minecraft:torch":356},"minecraft:dropped":{"minecraft:iron_sword":5,"minecraft:cooked_beef":8,"minecraft:oak_log":6,"hunting_delight:humanmeat":14,"minecraft:cooked_porkchop":3,"minecraft:crossbow":2,"minecraft:leather_helmet":1,"minecraft:emerald":2,"minecraft:dirt":66,"hunting_delight:sandwich":78,"minecraft:dark_oak_log":1,"hunting_delight:tainted_flesh":3,"minecraft:mutton":4,"minecraft:dark_oak_trapdoor":1,"minecraft:jungle_sapling":12,"minecraft:chain":24,"minecraft:sunflower":1,"minecraft:dark_oak_planks":1,"minecraft:fishing_rod":1,"minecraft:white_wool":2,"hunting_delight:rot":1,"minecraft:bone":25,"minecraft:gravel":2,"minecraft:stone_axe":1,"additionalguns:desert_eagle":1,"cgm:shotgun":2,"minecraft:cobbled_deepslate":7,"minecraft:tinted_glass":1,"minecraft:birch_sapling":1,"minecraft:wheat":16,"minecraft:pointed_dripstone":1,"minecraft:rotten_flesh":15,"additionalguns:bullet_short":128,"minecraft:oak_planks":6,"minecraft:glowstone_dust":1,"minecraft:white_bed":1,"minecraft:carrot":9,"minecraft:leather_chestplate":1,"minecraft:gunpowder":108,"minecraft:skull_banner_pattern":2,"minecraft:skeleton_skull":17,"k_turrets:raw_titanium":6,"taccraft:plate_carrier_helmet":6,"hunting_delight:animal_fat_block":3,"minecraft:iron_bars":6,"minecraft:egg":3,"minecraft:bread":12,"minecraft:wheat_seeds":8,"minecraft:cobblestone":14,"hunting_delight:broken_bone":1414,"minecraft:granite":2,"hunting_delight:chitin":2,"minecraft:stick":98,"minecraft:cobweb":6,"minecraft:lava_bucket":1,"taccraft:flak_vest_chestplate":8,"hunting_delight:cookedhumanmeat":1,"minecraft:diorite":4,"minecraft:iron_trapdoor":1,"minecraft:torch":8,"hunting_delight:rawsquid":1,"taccraft:assault_vest_boots":8,"additionalguns:m1014":3,"taccraft:flak_vest_leggings":9,"minecraft:smooth_sandstone_slab":1,"minecraft:stonecutter":15,"hunting_delight:worm":9,"hunting_delight:huntingknife":1,"hunting_delight:animal_fat":4,"minecraft:iron_shovel":1,"minecraft:smooth_sandstone":8,"minecraft:trapped_chest":1,"additionalguns:scar":2,"minecraft:redstone":2,"minecraft:polished_deepslate":2,"minecraft:stone_sword":1,"minecraft:raw_copper":1,"minecraft:tuff":1,"minecraft:raw_iron":82,"minecraft:light_gray_wool":1,"hunting_delight:large_leather_bag":1,"minecraft:potato":1,"minecraft:hay_block":35,"minecraft:diamond_pickaxe":2,"horror_element_mod:human_remains":12,"minecraft:waxed_oxidized_cut_copper":1,"additionalguns:bullet_long":412,"marbledsarsenal:katana":1,"minecraft:spider_eye":3,"minecraft:bamboo":24,"minecraft:bow":3,"minecraft:stone_pickaxe":5,"minecraft:wooden_pickaxe":1,"minecraft:cracked_deepslate_bricks":3}},"DataVersion":3120}