{"stats":{"minecraft:killed":{"minecraft:pig":3,"minecraft:cow":8},"minecraft:mined":{"minecraft:oak_door":4,"minecraft:smoker":1,"minecraft:sculk_vein":1,"minecraft:crafting_table":1,"minecraft:granite":2,"minecraft:blast_furnace":1,"minecraft:grass_block":1,"minecraft:oak_planks":20,"minecraft:cracked_deepslate_bricks":2,"minecraft:hay_block":5,"minecraft:furnace":1,"minecraft:iron_ore":8,"minecraft:grass":4,"minecraft:coal_ore":16,"minecraft:oak_log":15,"minecraft:iron_bars":2,"minecraft:stone":67,"minecraft:oak_leaves":1},"minecraft:custom":{"minecraft:interact_with_furnace":5,"minecraft:mob_kills":9,"minecraft:interact_with_crafting_table":9,"minecraft:open_barrel":1,"minecraft:bell_ring":14,"minecraft:time_since_death":17424,"minecraft:sleep_in_bed":1,"minecraft:climb_one_cm":2723,"minecraft:time_since_rest":8087,"minecraft:sprint_one_cm":91639,"minecraft:damage_taken":1730,"minecraft:walk_one_cm":59828,"minecraft:drop":5,"minecraft:damage_dealt":1241,"minecraft:swim_one_cm":12689,"minecraft:talked_to_villager":1,"minecraft:fly_one_cm":84513,"minecraft:open_chest":2,"minecraft:crouch_one_cm":439,"minecraft:play_time":25476,"minecraft:deaths":6,"minecraft:sneak_time":798,"minecraft:walk_under_water_one_cm":7974,"minecraft:jump":400,"minecraft:interact_with_blast_furnace":8,"minecraft:walk_on_water_one_cm":2500,"minecraft:total_world_time":25476,"minecraft:interact_with_smoker":13,"minecraft:fall_one_cm":10499},"minecraft:crafted":{"minecraft:cooked_beef":15,"minecraft:oak_door":3,"minecraft:oak_planks":56,"minecraft:cooked_porkchop":7,"minecraft:crafting_table":2,"minecraft:wooden_pickaxe":2,"minecraft:stone_axe":1,"minecraft:air":0,"minecraft:leather":4,"minecraft:stick":28,"minecraft:iron_ingot":1,"minecraft:stone_pickaxe":1,"hunting_delight:huntingknife":1},"minecraft:killed_by":{"minecraft:sheep":1,"minecraft:skeleton":1,"minecraft:creeper":2,"minecraft:spider":1,"minecraft:zombie":1},"minecraft:picked_up":{"minecraft:crafting_table":1,"minecraft:leather":2,"minecraft:wooden_pickaxe":1,"minecraft:smoker":1,"minecraft:oak_log":18,"minecraft:dirt":52,"minecraft:beef":15,"minecraft:light_gray_wool":3,"minecraft:oak_planks":23,"minecraft:birch_sapling":3,"minecraft:iron_sword":1,"minecraft:egg":1,"minecraft:furnace":1,"minecraft:stick":13,"minecraft:raw_iron":8,"taccraft:flak_vest_boots":1,"minecraft:oak_door":5,"hunting_delight:humanmeat":12,"hunting_delight:rot":2,"minecraft:porkchop":7,"minecraft:blast_furnace":1,"hunting_delight:animal_fat_block":5,"hunting_delight:animal_fat":20,"minecraft:rotten_flesh":13,"minecraft:hay_block":5,"minecraft:granite":2,"hunting_delight:broken_bone":77,"minecraft:cracked_deepslate_bricks":2,"minecraft:skeleton_skull":4,"minecraft:oak_sapling":1,"minecraft:coal":16,"minecraft:mutton":3,"minecraft:iron_bars":2,"minecraft:white_wool":3,"minecraft:cobblestone":76},"minecraft:dropped":{"minecraft:cooked_beef":8,"minecraft:rotten_flesh":2,"minecraft:light_gray_wool":1,"minecraft:white_wool":1,"hunting_delight:rot":1},"minecraft:used":{"minecraft:stone_pickaxe":90,"minecraft:oak_planks":20,"minecraft:wooden_pickaxe":21,"minecraft:iron_sword":13,"minecraft:oak_door":5,"minecraft:dirt":1,"minecraft:crafting_table":3,"minecraft:blast_furnace":1,"minecraft:smoker":1,"minecraft:oak_log":1,"minecraft:stone_axe":30,"minecraft:cobblestone":3,"minecraft:furnace":1,"minecraft:oak_sapling":1,"minecraft:cooked_porkchop":3,"hunting_delight:huntingknife":2}},"DataVersion":3120}