{"stats":{"minecraft:killed":{"minecraft:spider":11,"minecraft:skeleton":53,"minecraft:pig":3,"minecraft:creeper":69,"minecraft:sheep":3,"minecraft:pillager":4,"minecraft:zombie":93,"minecraft:cow":22},"minecraft:custom":{"minecraft:animals_bred":9,"minecraft:interact_with_crafting_table":90,"minecraft:open_barrel":7,"minecraft:bell_ring":14,"minecraft:leave_game":12,"minecraft:time_since_death":19212,"minecraft:sprint_one_cm":1480123,"minecraft:damage_blocked_by_shield":2335,"minecraft:drop":144,"minecraft:talked_to_villager":3,"minecraft:play_time":428162,"minecraft:deaths":15,"minecraft:jump":7960,"minecraft:walk_on_water_one_cm":7440,"minecraft:interact_with_furnace":34,"minecraft:sleep_in_bed":28,"minecraft:damage_dealt":15003,"minecraft:player_kills":1,"minecraft:crouch_one_cm":48887,"minecraft:interact_with_smoker":57,"minecraft:mob_kills":291,"minecraft:damage_dealt_resisted":4,"minecraft:climb_one_cm":15855,"minecraft:walk_one_cm":1336160,"minecraft:damage_dealt_absorbed":15,"minecraft:sneak_time":22963,"minecraft:walk_under_water_one_cm":13029,"minecraft:interact_with_blast_furnace":36,"minecraft:total_world_time":428162,"minecraft:tune_noteblock":147,"minecraft:time_since_rest":13488,"minecraft:damage_taken":12390,"minecraft:trigger_trapped_chest":72,"minecraft:swim_one_cm":36255,"minecraft:fly_one_cm":1735929,"minecraft:open_chest":183,"minecraft:fall_one_cm":173184},"minecraft:mined":{"minecraft:dark_oak_planks":4,"minecraft:spruce_planks":14,"minecraft:white_bed":5,"minecraft:oak_sapling":1,"minecraft:sculk_vein":1,"minecraft:granite":6,"minecraft:grass_block":729,"minecraft:oxeye_daisy":1,"minecraft:smooth_stone":2,"minecraft:dark_oak_trapdoor":1,"minecraft:cobbled_deepslate":5,"minecraft:iron_ore":38,"minecraft:sticky_piston":2,"minecraft:fire":16,"minecraft:pointed_dripstone":4,"minecraft:dirt_path":14,"minecraft:iron_bars":2,"horror_element_mod:slashed_skull":1,"minecraft:smoker":2,"minecraft:torch":27,"minecraft:blast_furnace":2,"minecraft:cobblestone":443,"minecraft:oak_planks":26,"minecraft:wall_torch":16,"minecraft:tinted_glass":1,"minecraft:birch_log":2,"minecraft:wheat":6,"minecraft:black_bed":1,"minecraft:grass":112,"minecraft:cracked_deepslate_tiles":1,"minecraft:oak_log":74,"minecraft:dirt":468,"minecraft:raw_copper_block":1,"minecraft:oak_leaves":9,"minecraft:deepslate":2,"minecraft:oak_door":5,"minecraft:dark_oak_log":1,"minecraft:ladder":1,"minecraft:hay_block":5,"minecraft:waxed_oxidized_cut_copper":1,"minecraft:furnace":2,"minecraft:green_terracotta":3,"minecraft:andesite":3,"minecraft:polished_deepslate":1,"minecraft:deepslate_iron_ore":1,"minecraft:stripped_oak_log":1,"hunting_delight:cowcorpse":4,"minecraft:stone":504,"horror_element_mod:sound_block":4,"minecraft:scaffolding":1,"minecraft:dandelion":3,"minecraft:polished_granite":1,"minecraft:crafting_table":6,"minecraft:cornflower":1,"minecraft:tall_grass":8,"minecraft:copper_ore":29,"minecraft:lapis_ore":1,"minecraft:cracked_deepslate_bricks":4,"minecraft:diorite":60,"minecraft:trapped_chest":4,"minecraft:yellow_bed":12,"minecraft:coal_ore":100,"minecraft:sunflower":5,"minecraft:cobweb":15,"minecraft:stone_bricks":1,"minecraft:gold_ore":1},"minecraft:crafted":{"minecraft:oak_planks":160,"k_turrets:titanium_ingot":10,"minecraft:cooked_mutton":44,"minecraft:raw_copper":9,"minecraft:chest":6,"taccraft:flak_vest_chestplate":4,"minecraft:cooked_porkchop":8,"minecraft:crafting_table":6,"minecraft:wooden_pickaxe":3,"taccraft:plate_carrier_helmet":4,"minecraft:copper_ingot":56,"minecraft:birch_planks":8,"taccraft:plate_bag":8,"minecraft:shield":4,"taccraft:aramid_insert":26,"minecraft:stick":136,"minecraft:iron_pickaxe":1,"minecraft:iron_ingot":15,"taccraft:assault_vest_boots":5,"minecraft:stone_sword":1,"minecraft:black_bed":1,"minecraft:oak_door":6,"minecraft:stone_shovel":3,"minecraft:leather_boots":5,"minecraft:iron_nugget":18,"minecraft:bone_meal":63,"taccraft:nylon_cloth":84,"minecraft:leather":64,"minecraft:stone_pickaxe":9,"minecraft:wheat":45,"hunting_delight:huntingknife":2,"minecraft:cooked_beef":38,"hunting_delight:soaked_coal":14,"minecraft:bucket":2,"taccraft:nylon_stripe":20,"minecraft:stone_axe":4,"minecraft:bread":19,"minecraft:air":0,"minecraft:gold_nugget":27,"taccraft:flak_vest_leggings":4,"minecraft:iron_shovel":3,"minecraft:white_bed":3,"hunting_delight:cookedhumanmeat":26,"minecraft:torch":148},"minecraft:killed_by":{"minecraft:sheep":1,"minecraft:creeper":6,"minecraft:zombie":2,"minecraft:player":2,"minecraft:spider":1,"minecraft:skeleton":1},"minecraft:broken":{"minecraft:iron_shovel":3,"minecraft:stone_pickaxe":6,"minecraft:stone_shovel":3,"minecraft:wooden_pickaxe":1,"minecraft:iron_pickaxe":1},"minecraft:picked_up":{"hunting_delight:tainted_flesh":2,"minecraft:wheat":22,"minecraft:lead":4,"minecraft:wither_rose":3,"minecraft:polished_deepslate":2,"minecraft:string":47,"minecraft:dark_oak_trapdoor":1,"minecraft:raw_copper":234,"minecraft:sticky_piston":2,"minecraft:cobbled_deepslate":13,"minecraft:gold_nugget":59,"minecraft:smooth_stone":1,"minecraft:bucket":1,"minecraft:spruce_planks":13,"minecraft:iron_pickaxe":4,"minecraft:furnace":3,"minecraft:stick":34,"horror_element_mod:slashed_skull":2,"minecraft:torch":71,"minecraft:porkchop":7,"minecraft:pointed_dripstone":5,"minecraft:diorite":97,"minecraft:green_terracotta":3,"minecraft:stone_sword":1,"minecraft:rotten_flesh":206,"hunting_delight:worm":152,"minecraft:iron_bars":2,"minecraft:cobblestone":1241,"minecraft:birch_log":2,"minecraft:leather_chestplate":1,"minecraft:cooked_beef":2,"minecraft:andesite":3,"minecraft:black_bed":1,"minecraft:smoker":3,"minecraft:potato":2,"minecraft:skull_banner_pattern":2,"minecraft:flint":2,"minecraft:tuff":1,"minecraft:lapis_lazuli":6,"minecraft:dirt":1670,"minecraft:polished_granite":1,"minecraft:bone":156,"taccraft:assault_vest_boots":7,"minecraft:stonecutter":15,"minecraft:bow":7,"minecraft:wheat_seeds":77,"horror_element_mod:sound_block":8,"minecraft:raw_gold":1,"minecraft:glowstone_dust":3,"minecraft:moss_block":10,"minecraft:oak_planks":47,"taccraft:flak_vest_boots":2,"minecraft:cooked_porkchop":3,"minecraft:dark_oak_log":1,"minecraft:trapped_chest":6,"hunting_delight:animal_fat":88,"cgm:shell":1113,"additionalguns:scar":2,"minecraft:black_concrete":1,"hunting_delight:huntingknife":2,"minecraft:lever":1,"minecraft:crossbow":3,"minecraft:granite":8,"minecraft:emerald":3,"minecraft:bread":33,"minecraft:oak_sapling":9,"minecraft:diamond_pickaxe":1,"minecraft:fishing_rod":1,"minecraft:waxed_oxidized_cut_copper":1,"minecraft:crafting_table":6,"minecraft:ladder":2,"taccraft:flak_vest_chestplate":7,"minecraft:wooden_pickaxe":2,"hunting_delight:scrambled_eggs":1,"minecraft:chain":24,"minecraft:shield":4,"minecraft:cornflower":1,"minecraft:flint_and_steel":1,"cgm:shotgun":5,"minecraft:iron_shovel":1,"horror_element_mod:human_remains":12,"minecraft:beef":55,"minecraft:light_gray_wool":6,"minecraft:tinted_glass":1,"minecraft:birch_sapling":3,"minecraft:raw_copper_block":1,"minecraft:egg":4,"minecraft:raw_iron":42,"minecraft:oak_door":6,"minecraft:copper_ingot":2,"hunting_delight:humanmeat":22,"hunting_delight:chitin":6,"minecraft:redstone":2,"minecraft:dark_oak_planks":4,"minecraft:arrow":73,"k_turrets:raw_titanium":6,"minecraft:hay_block":5,"minecraft:cracked_deepslate_bricks":4,"minecraft:mutton":34,"minecraft:white_wool":126,"minecraft:skeleton_skull":22,"minecraft:cracked_deepslate_tiles":1,"minecraft:stripped_oak_log":1,"minecraft:leather":44,"additionalguns:bullet_long":641,"hunting_delight:cowcorpse":4,"minecraft:oak_log":77,"minecraft:yellow_bed":13,"minecraft:gunpowder":134,"minecraft:white_banner":2,"minecraft:cooked_mutton":133,"minecraft:stone_bricks":4,"minecraft:iron_ingot":8,"minecraft:stone_pickaxe":7,"minecraft:cobweb":28,"hunting_delight:large_leather_bag":2,"minecraft:iron_sword":10,"minecraft:scaffolding":4,"minecraft:dandelion":2,"minecraft:lava_bucket":3,"minecraft:gravel":19,"hunting_delight:stuffing":16,"hunting_delight:rot":2,"taccraft:flak_vest_leggings":7,"minecraft:blast_furnace":3,"minecraft:white_bed":6,"hunting_delight:animal_fat_block":5,"minecraft:spider_eye":6,"minecraft:leather_helmet":1,"minecraft:stone_axe":4,"hunting_delight:broken_bone":1862,"minecraft:gray_wool":9,"minecraft:black_wool":1,"minecraft:coal":157,"taccraft:plate_carrier_helmet":7,"minecraft:sunflower":26},"minecraft:dropped":{"minecraft:iron_sword":3,"minecraft:cooked_beef":8,"minecraft:oak_log":6,"hunting_delight:humanmeat":8,"minecraft:cooked_porkchop":3,"minecraft:crossbow":2,"minecraft:leather_helmet":1,"minecraft:emerald":2,"minecraft:dirt":66,"minecraft:dark_oak_log":1,"hunting_delight:tainted_flesh":2,"minecraft:dark_oak_trapdoor":1,"minecraft:chain":24,"minecraft:sunflower":1,"minecraft:dark_oak_planks":1,"minecraft:white_wool":1,"hunting_delight:rot":1,"minecraft:bone":25,"minecraft:gravel":2,"minecraft:stone_axe":1,"cgm:shotgun":1,"minecraft:cobbled_deepslate":7,"minecraft:tinted_glass":1,"minecraft:birch_sapling":1,"minecraft:wheat":16,"minecraft:pointed_dripstone":1,"minecraft:rotten_flesh":12,"minecraft:glowstone_dust":1,"minecraft:white_bed":1,"minecraft:skull_banner_pattern":2,"minecraft:skeleton_skull":17,"taccraft:plate_carrier_helmet":4,"k_turrets:raw_titanium":6,"hunting_delight:animal_fat_block":3,"minecraft:egg":1,"minecraft:bread":12,"minecraft:cobblestone":13,"hunting_delight:broken_bone":531,"minecraft:granite":2,"minecraft:stick":8,"minecraft:cobweb":6,"minecraft:lava_bucket":1,"taccraft:flak_vest_chestplate":5,"hunting_delight:cookedhumanmeat":1,"minecraft:diorite":4,"taccraft:assault_vest_boots":5,"taccraft:flak_vest_leggings":5,"minecraft:stonecutter":15,"hunting_delight:worm":9,"minecraft:iron_shovel":1,"minecraft:trapped_chest":1,"minecraft:redstone":2,"minecraft:polished_deepslate":2,"minecraft:stone_sword":1,"minecraft:raw_copper":1,"minecraft:tuff":1,"minecraft:light_gray_wool":1,"horror_element_mod:human_remains":12,"minecraft:waxed_oxidized_cut_copper":1,"additionalguns:bullet_long":156,"minecraft:spider_eye":2,"minecraft:bow":1,"minecraft:stone_pickaxe":5,"minecraft:wooden_pickaxe":1,"minecraft:cracked_deepslate_bricks":3},"minecraft:used":{"minecraft:iron_shovel":586,"minecraft:ladder":1,"minecraft:chest":6,"minecraft:shield":61,"minecraft:iron_sword":178,"minecraft:green_terracotta":2,"minecraft:cracked_deepslate_tiles":1,"minecraft:obsidian":1,"minecraft:lava_bucket":58,"cgm:shotgun":362,"hunting_delight:cookedhumanmeat":26,"minecraft:stone_bricks":4,"taccraft:flak_vest_chestplate":1,"minecraft:oak_sapling":9,"minecraft:furnace":2,"minecraft:egg":3,"minecraft:diorite":80,"minecraft:oak_planks":35,"minecraft:stone_pickaxe":890,"minecraft:wooden_pickaxe":81,"minecraft:golden_hoe":5,"minecraft:blast_furnace":2,"minecraft:crossbow":1,"minecraft:black_bed":2,"minecraft:lever":1,"minecraft:bread":37,"hunting_delight:cowcorpse":4,"minecraft:gravel":3,"additionalguns:scar":84,"hunting_delight:huntingknife":2,"minecraft:bone_meal":21,"minecraft:cobweb":16,"minecraft:stone_sword":125,"minecraft:flint_and_steel":47,"minecraft:stone_shovel":393,"minecraft:spruce_planks":10,"minecraft:oak_door":9,"minecraft:torch":208,"minecraft:dirt":1120,"minecraft:trapped_chest":3,"minecraft:cooked_beef":19,"hunting_delight:scrambled_eggs":1,"minecraft:cobbled_deepslate":4,"minecraft:wheat_seeds":6,"minecraft:cooked_mutton":62,"minecraft:water_bucket":2,"horror_element_mod:slashed_skull":2,"taccraft:plate_carrier_helmet":1,"minecraft:crafting_table":10,"minecraft:white_bed":5,"horror_element_mod:sound_block":2,"minecraft:smoker":3,"minecraft:oak_log":8,"minecraft:iron_pickaxe":328,"minecraft:stone_axe":153,"hunting_delight:rot":1,"minecraft:cobblestone":892,"minecraft:cooked_porkchop":8,"minecraft:bucket":61,"minecraft:yellow_bed":11,"minecraft:smooth_stone":1}},"DataVersion":3120}