{"stats":{"minecraft:killed_by":{"minecraft:stray":1,"gnumus:gnumus_hunter_not_dispawn":1},"minecraft:dropped":{"gnumus:gnumus_cutlass":2,"minecraft:wheat_seeds":26,"minecraft:lilac":11,"minecraft:iron_helmet":1,"born_in_chaos_v1:pileof_dark_metal":1,"gnumus:gnumus_pickaxe":1,"minecraft:cod":1,"minecraft:flint":5,"minecraft:dirt":1,"minecraft:brewing_stand":1,"minecraft:rose_bush":2,"minecraft:potion":2,"born_in_chaos_v1:trident_hayfork":1,"minecraft:paper":3,"irons_spellbooks:frozen_bone":29,"minecraft:spruce_sapling":1,"minecraft:pink_tulip":1,"minecraft:white_tulip":1,"alexsmobs:maggot":2,"born_in_chaos_v1:spiritual_dust":4,"minecraft:spruce_fence":2,"minecraft:carrot":1,"minecraft:rabbit_foot":1,"minecraft:allium":1,"minecraft:spruce_slab":11,"minecraft:bow":1,"minecraft:wooden_pickaxe":1,"minecraft:stone_pickaxe":1,"born_in_chaos_v1:dark_rod":1,"gnumus:lucky_hat_helmet":1},"minecraft:crafted":{"minecraft:oak_door":3,"gnumus:grilled_juicy_meat":1,"minecraft:oak_planks":36,"minecraft:cooked_chicken":6,"minecraft:furnace":2,"minecraft:cooked_mutton":7,"minecraft:spruce_stairs":40,"minecraft:iron_boots":1,"minecraft:spruce_slab":138,"minecraft:stone_pickaxe":1,"minecraft:chest":8,"minecraft:crafting_table":1,"minecraft:spruce_planks":344,"minecraft:iron_helmet":1,"minecraft:bucket":1,"minecraft:stone_axe":1,"minecraft:air":0,"minecraft:shield":1,"minecraft:stick":8,"minecraft:iron_ingot":3,"minecraft:gold_ingot":7,"minecraft:torch":72},"minecraft:custom":{"minecraft:interact_with_anvil":2,"minecraft:mob_kills":37,"minecraft:interact_with_crafting_table":28,"minecraft:open_barrel":13,"minecraft:leave_game":33,"minecraft:time_since_death":143483,"minecraft:climb_one_cm":5543,"minecraft:sprint_one_cm":304224,"minecraft:walk_one_cm":518274,"minecraft:damage_blocked_by_shield":540,"minecraft:drop":42,"minecraft:play_time":178936,"minecraft:deaths":2,"minecraft:sneak_time":5083,"minecraft:walk_under_water_one_cm":1923,"minecraft:interact_with_blast_furnace":2,"minecraft:jump":1894,"minecraft:walk_on_water_one_cm":879,"minecraft:total_world_time":178936,"minecraft:interact_with_furnace":18,"minecraft:sleep_in_bed":5,"minecraft:time_since_rest":2545,"minecraft:damage_taken":2558,"minecraft:damage_dealt":2789,"minecraft:swim_one_cm":7802,"minecraft:fly_one_cm":275804,"minecraft:open_chest":110,"minecraft:crouch_one_cm":16762,"minecraft:fall_one_cm":61863},"minecraft:picked_up":{"irons_spellbooks:scroll":5,"minecraft:charcoal":76,"minecraft:music_disc_strad":2,"minecraft:crafting_table":8,"minecraft:allium":1,"minecraft:chicken":7,"born_in_chaos_v1:seedof_chaos":11,"minecraft:wooden_pickaxe":1,"minecraft:cooked_rabbit":4,"minecraft:potion":6,"minecraft:brewing_stand":4,"minecraft:string":42,"minecraft:wayfinder_armor_trim_smithing_template":3,"minecraft:raw_copper":4,"minecraft:iron_axe":1,"born_in_chaos_v1:dark_metal_ingot":3,"minecraft:spruce_planks":13,"gnumus:packaged_goods":7,"minecraft:beef":2,"minecraft:white_tulip":1,"minecraft:rose_bush":2,"minecraft:spruce_slab":24,"minecraft:chest":4,"minecraft:iron_boots":1,"irons_spellbooks:inscription_table":2,"minecraft:furnace":7,"minecraft:tipped_arrow":60,"minecraft:stick":21,"born_in_chaos_v1:shattered_skull":5,"alexscaves:cycad":3,"gnumus:juicy_meat":2,"minecraft:torch":45,"minecraft:spruce_stairs":29,"minecraft:spruce_fence":2,"born_in_chaos_v1:pileof_dark_metal":5,"gnumus:lucky_hat_helmet":2,"minecraft:porkchop":4,"born_in_chaos_v1:nightmare_claw":4,"born_in_chaos_v1:pieceofdarkmetal":2,"minecraft:carrot":1,"gnumus:grilled_juicy_meat":2,"minecraft:golden_chestplate":2,"gnumus:vintage_metal":1,"minecraft:arrow":152,"minecraft:pumpkin_pie":16,"minecraft:hay_block":14,"gnumus:gnumus_chickpeas":84,"minecraft:iron_block":30,"minecraft:pink_tulip":1,"minecraft:gold_ingot":150,"born_in_chaos_v1:trident_hayfork":1,"gnumus:mouse_skin":8,"minecraft:obsidian":10,"minecraft:mutton":7,"minecraft:cod":2,"minecraft:snowball":5,"minecraft:cobblestone":75,"gnumus:gnumus_doubloons":5,"minecraft:feather":5,"minecraft:lilac":11,"born_in_chaos_v1:monster_flesh":1,"minecraft:golden_carrot":37,"born_in_chaos_v1:spiritual_dust":12,"gnumus:overripe_carrot":19,"minecraft:leather":33,"minecraft:golden_leggings":3,"gnumus:gnumus_cutlass":2,"gnumus:gnumus_pouch":8,"minecraft:filled_map":2,"minecraft:oak_log":26,"minecraft:wither_skeleton_skull":1,"minecraft:gunpowder":24,"gnumus:gnumus_pickaxe":1,"minecraft:dirt":147,"minecraft:paper":7,"alexscaves:amber":5,"gnumus:gnumus_pouch_2":2,"born_in_chaos_v1:monster_skin":6,"minecraft:cooked_mutton":7,"minecraft:bone":144,"minecraft:apple":13,"minecraft:wheat_seeds":23,"minecraft:wild_armor_trim_smithing_template":2,"minecraft:spruce_wood":18,"minecraft:stone_pickaxe":3,"minecraft:iron_ingot":13,"minecraft:cooked_chicken":4,"minecraft:iron_sword":1,"minecraft:oak_planks":31,"minecraft:honeycomb":2,"irons_spellbooks:frozen_bone":78,"born_in_chaos_v1:orbofthe_summoner":1,"born_in_chaos_v1:ethereal_spirit":3,"born_in_chaos_v1:dark_rod":4,"gnumus:gnumus_cheese":6,"minecraft:spruce_sapling":1,"minecraft:blast_furnace":4,"minecraft:spruce_log":165,"minecraft:spider_eye":14,"alexsmobs:animal_dictionary":5,"minecraft:firework_rocket":6,"gnumus:vintage_parts":3,"minecraft:diamond":1,"minecraft:stone_axe":2,"gnumus:gnumus_clay":20,"minecraft:golden_apple":1,"born_in_chaos_v1:tombstone_dark_titan_066":4,"minecraft:emerald":125,"alexsmobs:maggot":2,"minecraft:damaged_anvil":1,"minecraft:coal":108,"minecraft:ender_pearl":4},"minecraft:used":{"minecraft:spruce_slab":140,"minecraft:spruce_planks":141,"minecraft:chest":12,"minecraft:shield":11,"minecraft:iron_sword":21,"minecraft:cooked_chicken":5,"minecraft:oak_door":2,"minecraft:torch":81,"minecraft:dirt":12,"minecraft:spruce_stairs":29,"minecraft:golden_chestplate":1,"minecraft:snowball":5,"minecraft:spruce_wood":4,"minecraft:iron_axe":240,"minecraft:iron_helmet":1,"minecraft:iron_boots":1,"minecraft:golden_carrot":1,"minecraft:bow":39,"minecraft:hay_block":5,"minecraft:furnace":7,"gnumus:grilled_juicy_meat":2,"minecraft:cooked_mutton":7,"minecraft:damaged_anvil":1,"minecraft:stone_pickaxe":78,"minecraft:crafting_table":7,"minecraft:blast_furnace":4,"gnumus:gnumus_cutlass":3,"minecraft:spruce_log":90,"minecraft:firework_rocket":6,"minecraft:iron_pickaxe":17,"minecraft:golden_leggings":2,"minecraft:stone_axe":55,"minecraft:cobblestone":3,"born_in_chaos_v1:tombstone_dark_titan_066":3,"minecraft:cooked_rabbit":19,"alexsmobs:animal_dictionary":8},"minecraft:killed":{"born_in_chaos_v1:restless_spirit":1,"minecraft:spider":1,"born_in_chaos_v1:maggot":3,"minecraft:chicken":4,"minecraft:zombie_villager":1,"alexsmobs:skunk":1,"minecraft:creeper":3,"minecraft:zombie":2,"born_in_chaos_v1:dread_hound":1,"minecraft:stray":17,"alexsmobs:fly":2},"minecraft:mined":{"minecraft:spruce_planks":13,"minecraft:brewing_stand":1,"minecraft:allium":1,"minecraft:grass_block":134,"minecraft:spruce_fence":2,"minecraft:spruce_leaves":27,"minecraft:spawner":2,"minecraft:hay_block":5,"minecraft:furnace":5,"minecraft:peony":1,"minecraft:red_tulip":1,"minecraft:dirt_path":1,"minecraft:pink_tulip":1,"minecraft:spruce_wood":21,"gnumus:fragile_gnumus_jug":2,"irons_spellbooks:inscription_table":2,"minecraft:stone":24,"minecraft:spruce_slab":11,"minecraft:glass_pane":1,"alexscaves:amber":5,"minecraft:powder_snow":6,"minecraft:crafting_table":6,"minecraft:blast_furnace":4,"minecraft:chest":4,"minecraft:rose_bush":2,"minecraft:tall_grass":7,"minecraft:cobblestone":3,"minecraft:damaged_anvil":1,"minecraft:wall_torch":9,"minecraft:spruce_stairs":29,"born_in_chaos_v1:tombstone_dark_titan_066":3,"minecraft:sweet_berry_bush":1,"minecraft:lilac":1,"minecraft:spruce_log":167,"minecraft:grass":25,"minecraft:oak_log":16,"minecraft:coal_ore":45,"minecraft:dirt":12,"minecraft:oak_leaves":7,"minecraft:fern":19}},"DataVersion":3465}