{"stats":{"minecraft:picked_up":{"hunting_delight:tainted_flesh":2,"minecraft:crafting_table":1,"minecraft:wheat":17,"minecraft:azure_bluet":6,"minecraft:wooden_pickaxe":2,"minecraft:oak_stairs":15,"minecraft:gold_block":2,"hunting_delight:scrambled_eggs":1,"minecraft:shield":1,"minecraft:amethyst_block":1,"minecraft:cornflower":6,"minecraft:raw_copper":4,"minecraft:flint_and_steel":1,"minecraft:iron_shovel":2,"minecraft:spruce_planks":1,"minecraft:beef":7,"minecraft:iron_nugget":1,"minecraft:poppy":8,"minecraft:iron_pickaxe":1,"minecraft:chest":10,"minecraft:birch_sapling":4,"minecraft:egg":3,"minecraft:stick":46,"minecraft:raw_iron":4,"minecraft:stone":2,"minecraft:oak_fence":5,"hunting_delight:humanmeat":10,"minecraft:torch":21,"minecraft:diorite":1,"minecraft:rotten_flesh":42,"additionalguns:casing_short":511,"minecraft:stone_sword":3,"minecraft:arrow":15,"minecraft:golden_hoe":1,"k_turrets:raw_titanium":10,"minecraft:cracked_deepslate_bricks":3,"hunting_delight:worm":117,"minecraft:obsidian":9,"minecraft:mutton":21,"minecraft:skeleton_skull":8,"minecraft:white_wool":7,"minecraft:cobblestone":767,"minecraft:oxeye_daisy":2,"minecraft:birch_log":63,"minecraft:leather":25,"minecraft:potato":27,"minecraft:birch_planks":102,"minecraft:oak_log":135,"minecraft:yellow_bed":4,"minecraft:gunpowder":13,"minecraft:dirt":899,"minecraft:stripped_birch_log":72,"minecraft:white_banner":1,"cgm:grenade":1,"minecraft:cooked_mutton":11,"minecraft:bone":55,"minecraft:apple":3,"minecraft:stone_bricks":2,"minecraft:bow":1,"minecraft:wheat_seeds":114,"minecraft:iron_ingot":1,"minecraft:stone_pickaxe":3,"minecraft:oak_fence_gate":4,"hunting_delight:rawsquid":1,"minecraft:iron_sword":1,"minecraft:oak_planks":145,"taccraft:flak_vest_boots":1,"minecraft:dandelion":20,"minecraft:white_bed":3,"minecraft:spider_eye":1,"hunting_delight:animal_fat":14,"cgm:shell":191,"additionalguns:desert_eagle":2,"hunting_delight:huntingknife":3,"minecraft:stone_axe":3,"additionalguns:bullet_short":320,"hunting_delight:broken_bone":78,"minecraft:golden_apple":1,"minecraft:emerald":1,"minecraft:bread":11,"minecraft:oak_sapling":19,"minecraft:coal":41,"minecraft:sunflower":56},"minecraft:killed_by":{"minecraft:player":1,"minecraft:creeper":1,"minecraft:zombie":2},"minecraft:custom":{"minecraft:mob_kills":13,"minecraft:animals_bred":8,"minecraft:interact_with_crafting_table":63,"minecraft:leave_game":25,"minecraft:time_since_death":58129,"minecraft:sprint_one_cm":458775,"minecraft:walk_one_cm":908817,"minecraft:drop":31,"minecraft:talked_to_villager":1,"minecraft:play_time":257173,"minecraft:deaths":4,"minecraft:sneak_time":3564,"minecraft:walk_under_water_one_cm":2202,"minecraft:jump":4405,"minecraft:interact_with_blast_furnace":8,"minecraft:walk_on_water_one_cm":6201,"minecraft:total_world_time":257173,"minecraft:interact_with_furnace":53,"minecraft:sleep_in_bed":11,"minecraft:time_since_rest":8190,"minecraft:damage_taken":2390,"minecraft:trigger_trapped_chest":35,"minecraft:damage_dealt":2482,"minecraft:swim_one_cm":13701,"minecraft:fly_one_cm":1021993,"minecraft:open_chest":141,"minecraft:crouch_one_cm":15272,"minecraft:interact_with_smoker":22,"minecraft:fall_one_cm":96524},"minecraft:crafted":{"minecraft:oak_planks":520,"minecraft:iron_nugget":171,"minecraft:stone":230,"minecraft:bone_meal":96,"minecraft:cooked_mutton":48,"minecraft:glass":11,"minecraft:leather":64,"minecraft:iron_axe":1,"minecraft:stone_pickaxe":4,"minecraft:chest":1,"minecraft:stone_bricks":228,"minecraft:oak_fence":36,"minecraft:birch_planks":56,"minecraft:stone_axe":4,"minecraft:air":0,"minecraft:oak_fence_gate":10,"minecraft:stick":112,"minecraft:iron_ingot":5,"minecraft:iron_pickaxe":1,"minecraft:oak_stairs":40,"minecraft:stone_sword":1,"minecraft:iron_shovel":1,"minecraft:torch":80},"minecraft:broken":{"minecraft:iron_shovel":2,"minecraft:stone_pickaxe":2,"minecraft:stone_axe":4,"minecraft:iron_pickaxe":1},"minecraft:dropped":{"minecraft:iron_sword":1,"minecraft:oxeye_daisy":2,"minecraft:cornflower":6,"minecraft:sunflower":54,"hunting_delight:huntingknife":1,"cgm:shell":191,"minecraft:dandelion":19,"minecraft:azure_bluet":6,"minecraft:poppy":8,"minecraft:shield":1,"minecraft:yellow_bed":1,"minecraft:bow":1,"minecraft:stone_pickaxe":2},"minecraft:killed":{"minecraft:witch":1,"minecraft:creeper":1,"minecraft:sheep":5,"minecraft:pillager":1,"minecraft:zombie":4},"minecraft:used":{"minecraft:oak_fence":35,"minecraft:stone_sword":60,"minecraft:iron_shovel":517,"minecraft:chest":8,"minecraft:rotten_flesh":2,"minecraft:torch":84,"minecraft:dirt":679,"minecraft:oak_fence_gate":10,"minecraft:glass":11,"minecraft:iron_axe":58,"minecraft:oak_stairs":43,"minecraft:birch_sapling":4,"hunting_delight:worm":27,"minecraft:stone_bricks":208,"minecraft:oak_sapling":12,"minecraft:egg":3,"hunting_delight:scrambled_eggs":1,"minecraft:wheat_seeds":24,"minecraft:cooked_mutton":24,"minecraft:birch_planks":56,"minecraft:stripped_birch_log":66,"minecraft:stone_pickaxe":463,"minecraft:oak_planks":370,"minecraft:wooden_pickaxe":4,"minecraft:golden_hoe":12,"minecraft:white_bed":3,"minecraft:oak_log":1,"minecraft:apple":10,"minecraft:sunflower":1,"minecraft:bread":3,"minecraft:iron_pickaxe":251,"cgm:grenade":1,"minecraft:stone_axe":471,"minecraft:cobblestone":387,"minecraft:birch_log":44,"minecraft:yellow_bed":2,"minecraft:bone_meal":44},"minecraft:mined":{"minecraft:white_bed":3,"minecraft:oak_sapling":1,"minecraft:farmland":1,"minecraft:stripped_birch_log":70,"minecraft:grass_block":714,"minecraft:oxeye_daisy":2,"minecraft:azure_bluet":7,"minecraft:dirt_path":1,"minecraft:oak_stairs":13,"minecraft:stone":236,"minecraft:dandelion":24,"minecraft:oak_fence":5,"minecraft:cornflower":9,"minecraft:torch":6,"minecraft:poppy":8,"minecraft:chest":7,"minecraft:tall_grass":46,"minecraft:cobblestone":457,"minecraft:oak_planks":78,"minecraft:diorite":1,"minecraft:wall_torch":3,"minecraft:birch_planks":51,"minecraft:birch_log":64,"minecraft:wheat":18,"minecraft:birch_leaves":26,"minecraft:yellow_bed":1,"minecraft:grass":466,"minecraft:oak_log":125,"minecraft:coal_ore":16,"minecraft:oak_fence_gate":4,"minecraft:sunflower":50,"minecraft:dirt":143,"minecraft:stone_bricks":2,"minecraft:oak_leaves":41}},"DataVersion":3120}