{"stats":{"minecraft:custom":{"minecraft:jump":38,"minecraft:time_since_rest":2801,"minecraft:damage_taken":140,"minecraft:leave_game":2,"minecraft:play_time":2801,"minecraft:sprint_one_cm":3894,"minecraft:time_since_death":2801,"minecraft:walk_on_water_one_cm":2060,"minecraft:walk_one_cm":3079,"minecraft:sneak_time":6,"minecraft:total_world_time":2801,"minecraft:walk_under_water_one_cm":502,"minecraft:swim_one_cm":9954,"minecraft:fall_one_cm":2737,"minecraft:fly_one_cm":8302}},"DataVersion":3120}