{"stats":{"minecraft:mined":{"minecraft:yellow_terracotta":11,"minecraft:smoker":1,"minecraft:sculk_vein":1,"minecraft:crafting_table":2,"minecraft:light_gray_terracotta":18,"minecraft:ladder":1,"minecraft:blast_furnace":1,"minecraft:chest":1,"minecraft:cracked_polished_blackstone_bricks":1,"minecraft:cracked_deepslate_bricks":1,"minecraft:hay_block":34,"minecraft:lime_bed":2,"minecraft:furnace":2,"minecraft:iron_ore":7,"k_turrets:titanium_ore":4,"minecraft:coal_ore":55,"minecraft:oak_log":6,"minecraft:terracotta":32,"minecraft:stone":48,"minecraft:oak_leaves":1},"minecraft:custom":{"minecraft:interact_with_furnace":4,"minecraft:interact_with_crafting_table":9,"minecraft:open_barrel":1,"minecraft:time_since_death":28930,"minecraft:climb_one_cm":1820,"minecraft:time_since_rest":28930,"minecraft:sprint_one_cm":20884,"minecraft:damage_taken":97,"minecraft:walk_one_cm":91929,"minecraft:drop":9,"minecraft:damage_dealt":93,"minecraft:swim_one_cm":5099,"minecraft:fly_one_cm":35820,"minecraft:player_kills":1,"minecraft:open_chest":16,"minecraft:crouch_one_cm":3339,"minecraft:play_time":28930,"minecraft:sneak_time":1036,"minecraft:walk_under_water_one_cm":4913,"minecraft:jump":331,"minecraft:interact_with_blast_furnace":13,"minecraft:walk_on_water_one_cm":5650,"minecraft:total_world_time":28930,"minecraft:interact_with_smoker":1,"minecraft:fall_one_cm":8934},"minecraft:broken":{"minecraft:stone_pickaxe":1},"minecraft:dropped":{"minecraft:light_gray_terracotta":11,"minecraft:oak_planks":13,"minecraft:stick":11,"minecraft:stone_pickaxe":1,"minecraft:wooden_pickaxe":2,"minecraft:terracotta":11},"minecraft:used":{"minecraft:stone_pickaxe":131,"minecraft:chest":1,"minecraft:wooden_pickaxe":26,"minecraft:iron_sword":2,"minecraft:terracotta":15,"minecraft:yellow_terracotta":9,"minecraft:crafting_table":2,"minecraft:light_gray_terracotta":2,"minecraft:bread":3,"minecraft:iron_pickaxe":24,"minecraft:furnace":1},"minecraft:picked_up":{"minecraft:cracked_deepslate_tiles":2,"minecraft:lime_bed":2,"minecraft:crafting_table":2,"minecraft:wooden_pickaxe":4,"minecraft:smoker":1,"minecraft:gilded_blackstone":4,"minecraft:oak_log":6,"minecraft:string":4,"minecraft:iron_ingot":27,"minecraft:stone_pickaxe":2,"minecraft:iron_pickaxe":1,"minecraft:chest":1,"minecraft:oak_planks":10,"minecraft:furnace":2,"minecraft:stick":20,"minecraft:raw_iron":7,"k_turrets:titanium_ingot":15,"minecraft:blast_furnace":1,"hunting_delight:chitin":2,"minecraft:deepslate_tile_stairs":2,"minecraft:light_gray_terracotta":32,"minecraft:soul_lantern":1,"minecraft:hay_block":34,"k_turrets:raw_titanium":4,"minecraft:cracked_polished_blackstone_bricks":1,"hunting_delight:broken_bone":33,"minecraft:yellow_terracotta":22,"minecraft:emerald":4,"minecraft:terracotta":63,"minecraft:oak_sapling":2,"minecraft:coal":116,"minecraft:cobblestone":48},"minecraft:crafted":{"minecraft:oak_planks":24,"minecraft:wooden_pickaxe":1,"minecraft:iron_sword":1,"minecraft:furnace":1,"minecraft:bread":39,"minecraft:air":0,"minecraft:shield":1,"minecraft:stick":4,"minecraft:iron_ingot":23,"minecraft:stone_pickaxe":1,"minecraft:chest":1,"minecraft:wheat":117}},"DataVersion":3120}