{"stats":{"minecraft:mined":{"minecraft:grass_block":251,"minecraft:chest":1,"minecraft:tall_grass":4,"minecraft:wall_torch":1,"minecraft:yellow_bed":1,"minecraft:grass":12,"minecraft:coal_ore":16,"minecraft:dirt_path":1,"minecraft:sunflower":3,"minecraft:dirt":9,"minecraft:stone":125},"minecraft:custom":{"minecraft:mob_kills":1,"minecraft:interact_with_crafting_table":5,"minecraft:leave_game":4,"minecraft:time_since_death":2987,"minecraft:time_since_rest":3127,"minecraft:sprint_one_cm":53604,"minecraft:damage_taken":780,"minecraft:walk_one_cm":119541,"minecraft:drop":6,"minecraft:damage_dealt":29,"minecraft:swim_one_cm":9954,"minecraft:fly_one_cm":138389,"minecraft:open_chest":7,"minecraft:crouch_one_cm":4923,"minecraft:play_time":29194,"minecraft:deaths":2,"minecraft:sneak_time":1045,"minecraft:walk_under_water_one_cm":502,"minecraft:jump":556,"minecraft:walk_on_water_one_cm":2060,"minecraft:total_world_time":29194,"minecraft:fall_one_cm":14924},"minecraft:crafted":{"minecraft:stone_axe":1,"minecraft:stick":12,"minecraft:stone_pickaxe":1,"minecraft:stone_sword":1},"minecraft:killed_by":{"minecraft:creeper":1,"minecraft:zombie":1},"minecraft:broken":{"minecraft:iron_shovel":1},"minecraft:picked_up":{"minecraft:crafting_table":1,"minecraft:leather":25,"minecraft:wooden_pickaxe":1,"minecraft:potato":27,"minecraft:oak_stairs":2,"minecraft:gold_block":2,"minecraft:yellow_bed":4,"minecraft:shield":1,"minecraft:gunpowder":7,"minecraft:amethyst_block":1,"minecraft:dirt":266,"minecraft:raw_copper":2,"minecraft:flint_and_steel":1,"minecraft:iron_shovel":2,"minecraft:wheat_seeds":11,"minecraft:beef":7,"minecraft:iron_ingot":1,"minecraft:stone_pickaxe":2,"hunting_delight:rawsquid":1,"minecraft:iron_nugget":1,"minecraft:chest":1,"minecraft:oak_planks":12,"minecraft:iron_sword":1,"minecraft:egg":2,"minecraft:stick":8,"minecraft:raw_iron":4,"hunting_delight:humanmeat":8,"minecraft:torch":1,"minecraft:dandelion":1,"minecraft:spider_eye":1,"minecraft:stone_sword":1,"minecraft:arrow":5,"minecraft:rotten_flesh":19,"minecraft:stone_axe":1,"hunting_delight:huntingknife":1,"k_turrets:raw_titanium":10,"hunting_delight:broken_bone":13,"minecraft:cracked_deepslate_bricks":2,"minecraft:bread":11,"minecraft:golden_apple":1,"minecraft:emerald":1,"hunting_delight:worm":43,"minecraft:obsidian":9,"minecraft:coal":28,"minecraft:skeleton_skull":8,"minecraft:cobblestone":168,"minecraft:sunflower":5},"minecraft:dropped":{"minecraft:iron_sword":1,"minecraft:shield":1,"minecraft:yellow_bed":1,"minecraft:sunflower":4,"minecraft:stone_pickaxe":1,"minecraft:dandelion":1},"minecraft:used":{"minecraft:iron_shovel":262,"minecraft:stone_pickaxe":143,"minecraft:chest":1,"minecraft:torch":1,"minecraft:dirt":252,"minecraft:sunflower":1,"minecraft:bread":3,"hunting_delight:worm":27,"minecraft:cobblestone":18,"minecraft:yellow_bed":2,"minecraft:egg":2}},"DataVersion":3120}