{"stats":{"minecraft:custom":{"minecraft:interact_with_furnace":17,"minecraft:mob_kills":9,"minecraft:interact_with_crafting_table":13,"minecraft:leave_game":4,"minecraft:time_since_death":22757,"minecraft:sleep_in_bed":1,"minecraft:climb_one_cm":2333,"minecraft:time_since_rest":22877,"minecraft:sprint_one_cm":121555,"minecraft:damage_taken":1101,"minecraft:walk_one_cm":119556,"minecraft:drop":17,"minecraft:damage_dealt":1054,"minecraft:swim_one_cm":28360,"minecraft:talked_to_villager":1,"minecraft:fly_one_cm":190320,"minecraft:open_chest":4,"minecraft:play_time":58312,"minecraft:crouch_one_cm":4868,"minecraft:deaths":3,"minecraft:sneak_time":1368,"minecraft:walk_under_water_one_cm":4161,"minecraft:jump":1069,"minecraft:walk_on_water_one_cm":15288,"minecraft:total_world_time":58312,"minecraft:fall_one_cm":27317},"minecraft:killed_by":{"alexsmobs:crocodile":1,"minecraft:skeleton":1,"minecraft:zombie":1},"minecraft:dropped":{"minecraft:bread":32,"minecraft:kelp":1,"minecraft:wheat_seeds":5,"minecraft:stone_sword":1,"minecraft:bowl":2,"minecraft:light_gray_terracotta":27,"minecraft:diamond":1,"minecraft:dripstone_block":1,"minecraft:rotten_flesh":3,"minecraft:rooted_dirt":5,"alexsmobs:leafcutter_ant_chamber":2,"alexsmobs:flying_fish":1,"gnumus:gnumus_hummus":1},"minecraft:used":{"minecraft:stone_pickaxe":52,"minecraft:oak_planks":2,"minecraft:wooden_pickaxe":28,"minecraft:iron_sword":1,"minecraft:crafting_table":3,"minecraft:carrot":1,"minecraft:light_gray_terracotta":8,"alexsmobs:leafcutter_ant_pupa":1,"minecraft:bread":12,"minecraft:rooted_dirt":1,"minecraft:packed_mud":2,"minecraft:golden_leggings":1,"minecraft:stone_axe":19,"minecraft:furnace":2},"minecraft:picked_up":{"gnumus:gnumus_totem":1,"minecraft:crafting_table":3,"gnumus:gnumus_doubloons":3,"gnumus:gnumus_claw":2,"minecraft:leather":3,"minecraft:golden_leggings":1,"minecraft:wooden_pickaxe":1,"minecraft:potato":10,"minecraft:birch_planks":2,"minecraft:golden_shovel":1,"minecraft:packed_mud":2,"minecraft:oak_log":16,"minecraft:string":2,"minecraft:dirt":28,"minecraft:raw_copper":7,"gnumus:gnumus_pouch_2":1,"minecraft:bone":1,"artifacts:fire_gauntlet":1,"minecraft:apple":11,"minecraft:kelp":1,"minecraft:wheat_seeds":6,"minecraft:raw_gold":1,"minecraft:rabbit_hide":4,"minecraft:birch_wood":2,"minecraft:iron_ingot":2,"minecraft:stone_pickaxe":1,"minecraft:iron_nugget":18,"minecraft:oak_planks":31,"alexsmobs:leafcutter_ant_chamber":2,"minecraft:furnace":3,"minecraft:stick":2,"minecraft:raw_iron":13,"gnumus:juicy_meat":1,"minecraft:bowl":1,"minecraft:dripstone_block":1,"minecraft:carrot":1,"alexsmobs:leafcutter_ant_pupa":1,"minecraft:golden_chestplate":1,"minecraft:light_gray_terracotta":35,"alexsmobs:raw_catfish":1,"minecraft:stone_sword":1,"minecraft:arrow":6,"minecraft:rotten_flesh":6,"minecraft:diamond":5,"minecraft:hay_block":27,"gnumus:gnumus_chickpeas":6,"minecraft:emerald":6,"minecraft:golden_horse_armor":1,"minecraft:bread":44,"minecraft:gold_ingot":5,"minecraft:rooted_dirt":11,"gnumus:mouse_skin":4,"alexsmobs:flying_fish":1,"minecraft:coal":24,"minecraft:cobblestone":22,"minecraft:white_wool":3},"minecraft:killed":{"minecraft:sheep":3,"minecraft:zombie":4,"alexsmobs:flying_fish":1},"minecraft:crafted":{"gnumus:gnumus_hummus":3,"minecraft:oak_planks":64,"minecraft:crafting_table":1,"minecraft:wooden_pickaxe":1,"minecraft:iron_sword":1,"minecraft:bowl":4,"minecraft:furnace":1,"minecraft:stone_axe":1,"minecraft:bread":81,"minecraft:air":0,"minecraft:stick":20,"minecraft:iron_ingot":6,"minecraft:iron_pickaxe":1,"minecraft:stone_pickaxe":1,"alexsmobs:cooked_catfish":1,"minecraft:wheat":243},"minecraft:mined":{"alexsmobs:leafcutter_anthill":1,"minecraft:crafting_table":2,"minecraft:light_gray_terracotta":28,"minecraft:grass_block":3,"minecraft:tall_grass":7,"minecraft:birch_wood":2,"minecraft:oak_planks":2,"minecraft:hay_block":27,"minecraft:furnace":1,"minecraft:iron_ore":6,"minecraft:grass":15,"minecraft:oak_log":16,"minecraft:coal_ore":12,"minecraft:dirt":8,"gnumus:fragile_gnumus_jug":12,"minecraft:stone":22,"minecraft:oak_leaves":4}},"DataVersion":3465}