{"stats":{"minecraft:custom":{"minecraft:interact_with_furnace":17,"minecraft:mob_kills":10,"minecraft:interact_with_crafting_table":18,"minecraft:leave_game":13,"minecraft:time_since_death":2037,"minecraft:sleep_in_bed":1,"minecraft:climb_one_cm":3318,"minecraft:time_since_rest":2286,"minecraft:sprint_one_cm":131132,"minecraft:damage_taken":1840,"minecraft:walk_one_cm":158611,"minecraft:drop":26,"minecraft:damage_dealt":1254,"minecraft:swim_one_cm":28360,"minecraft:fly_one_cm":232576,"minecraft:talked_to_villager":1,"minecraft:open_chest":11,"minecraft:play_time":85936,"minecraft:crouch_one_cm":11830,"minecraft:deaths":5,"minecraft:sneak_time":3313,"minecraft:walk_under_water_one_cm":4253,"minecraft:jump":1258,"minecraft:walk_on_water_one_cm":15376,"minecraft:total_world_time":85936,"minecraft:fall_one_cm":31598},"minecraft:killed_by":{"call_of_yucutan:undead_warrior":1,"alexsmobs:crocodile":1,"minecraft:skeleton":1,"minecraft:zombie":1,"call_of_yucutan:blowgun_huracan":1},"minecraft:dropped":{"minecraft:bread":32,"minecraft:kelp":1,"minecraft:birch_planks":1,"minecraft:wheat_seeds":5,"minecraft:golden_chestplate":1,"minecraft:stone_sword":1,"minecraft:bowl":2,"minecraft:light_gray_terracotta":27,"minecraft:diamond":1,"minecraft:golden_horse_armor":1,"minecraft:dripstone_block":1,"minecraft:rotten_flesh":3,"minecraft:rooted_dirt":5,"minecraft:potato":10,"gnumus:gnumus_claw":1,"alexsmobs:leafcutter_ant_chamber":2,"alexsmobs:flying_fish":1,"gnumus:gnumus_hummus":1,"minecraft:stone_pickaxe":1,"minecraft:wooden_pickaxe":1,"call_of_yucutan:ritual_rocks":2},"minecraft:used":{"minecraft:oak_planks":2,"minecraft:stone_pickaxe":52,"minecraft:wooden_pickaxe":28,"minecraft:iron_sword":4,"minecraft:torch":1,"minecraft:crafting_table":4,"minecraft:carrot":1,"minecraft:light_gray_terracotta":8,"alexsmobs:leafcutter_ant_pupa":1,"minecraft:bread":17,"minecraft:rooted_dirt":1,"minecraft:packed_mud":2,"minecraft:iron_pickaxe":25,"minecraft:golden_leggings":1,"minecraft:stone_axe":19,"minecraft:cobblestone":3,"call_of_yucutan:ritual_rocks":15,"minecraft:furnace":2},"minecraft:picked_up":{"gnumus:gnumus_totem":1,"minecraft:crafting_table":4,"gnumus:gnumus_doubloons":3,"call_of_yucutan:bone_torch":2,"minecraft:leather":3,"call_of_yucutan:jade":9,"gnumus:gnumus_claw":2,"minecraft:golden_leggings":1,"minecraft:wooden_pickaxe":1,"minecraft:potato":10,"minecraft:birch_planks":18,"minecraft:packed_mud":2,"minecraft:golden_shovel":1,"call_of_yucutan:ritual_rocks":2,"minecraft:oak_log":16,"minecraft:string":2,"minecraft:dirt":28,"minecraft:raw_copper":7,"gnumus:gnumus_pouch_2":1,"artifacts:fire_gauntlet":1,"minecraft:bone":1,"minecraft:apple":11,"minecraft:kelp":1,"minecraft:wheat_seeds":6,"minecraft:raw_gold":1,"minecraft:rabbit_hide":4,"minecraft:birch_wood":2,"minecraft:iron_ingot":2,"minecraft:stone_pickaxe":2,"minecraft:iron_nugget":18,"minecraft:oak_planks":31,"alexsmobs:leafcutter_ant_chamber":2,"minecraft:furnace":3,"minecraft:raw_iron":13,"minecraft:stick":2,"gnumus:juicy_meat":1,"minecraft:torch":1,"minecraft:bowl":1,"minecraft:dripstone_block":1,"minecraft:carrot":1,"alexsmobs:leafcutter_ant_pupa":1,"minecraft:golden_chestplate":1,"alexsmobs:raw_catfish":1,"minecraft:light_gray_terracotta":35,"minecraft:stone_sword":1,"minecraft:arrow":6,"minecraft:rotten_flesh":6,"minecraft:diamond":5,"call_of_yucutan:jade_block":1,"minecraft:hay_block":27,"gnumus:gnumus_chickpeas":6,"minecraft:gold_ingot":5,"minecraft:bread":44,"minecraft:golden_horse_armor":1,"minecraft:emerald":6,"minecraft:rooted_dirt":11,"gnumus:mouse_skin":4,"minecraft:white_wool":3,"minecraft:coal":24,"alexsmobs:flying_fish":1,"minecraft:cobblestone":30},"minecraft:killed":{"minecraft:sheep":3,"minecraft:skeleton":1,"minecraft:zombie":4,"alexsmobs:flying_fish":1},"minecraft:crafted":{"gnumus:gnumus_hummus":3,"call_of_yucutan:jades_chestplate":1,"minecraft:oak_planks":64,"minecraft:crafting_table":2,"minecraft:wooden_pickaxe":1,"minecraft:iron_sword":1,"call_of_yucutan:jades_boots":1,"minecraft:bowl":4,"minecraft:furnace":1,"minecraft:stone_axe":1,"call_of_yucutan:jades_helmet":1,"minecraft:bread":81,"minecraft:air":0,"call_of_yucutan:jade":9,"minecraft:stick":20,"minecraft:iron_ingot":6,"minecraft:iron_pickaxe":1,"minecraft:stone_pickaxe":1,"alexsmobs:cooked_catfish":1,"minecraft:wheat":243},"minecraft:mined":{"call_of_yucutan:bone_torch_wall":2,"alexsmobs:leafcutter_anthill":1,"minecraft:crafting_table":3,"minecraft:light_gray_terracotta":28,"minecraft:grass_block":3,"minecraft:birch_wood":2,"minecraft:tall_grass":7,"minecraft:cobblestone":2,"minecraft:oak_planks":2,"minecraft:hay_block":27,"minecraft:furnace":1,"call_of_yucutan:jade_ore":5,"minecraft:iron_ore":6,"call_of_yucutan:ritual_rocks":3,"minecraft:grass":15,"minecraft:coal_ore":12,"minecraft:oak_log":16,"minecraft:dirt":8,"call_of_yucutan:polished_jade_block":1,"gnumus:fragile_gnumus_jug":12,"minecraft:stone":35,"minecraft:oak_leaves":4}},"DataVersion":3465}