{"stats":{"minecraft:custom":{"minecraft:interact_with_furnace":5,"minecraft:interact_with_crafting_table":12,"minecraft:open_barrel":1,"minecraft:leave_game":1,"minecraft:time_since_death":58374,"minecraft:sleep_in_bed":2,"minecraft:climb_one_cm":5504,"minecraft:time_since_rest":22386,"minecraft:sprint_one_cm":69776,"minecraft:damage_taken":143,"minecraft:walk_one_cm":135218,"minecraft:drop":20,"minecraft:damage_dealt":103,"minecraft:swim_one_cm":9186,"minecraft:fly_one_cm":146254,"minecraft:player_kills":1,"minecraft:open_chest":31,"minecraft:play_time":58374,"minecraft:crouch_one_cm":4189,"minecraft:sneak_time":1498,"minecraft:walk_under_water_one_cm":5424,"minecraft:boat_one_cm":337061,"minecraft:jump":765,"minecraft:interact_with_blast_furnace":13,"minecraft:walk_on_water_one_cm":6219,"minecraft:total_world_time":58374,"minecraft:interact_with_smoker":1,"minecraft:fall_one_cm":22530},"minecraft:mined":{"minecraft:yellow_terracotta":11,"minecraft:cut_sandstone":1,"minecraft:stone_pressure_plate":1,"minecraft:spruce_planks":10,"minecraft:smoker":1,"minecraft:sculk_vein":1,"minecraft:crafting_table":3,"minecraft:light_gray_terracotta":18,"minecraft:ladder":1,"minecraft:blast_furnace":1,"minecraft:chest":1,"minecraft:cracked_polished_blackstone_bricks":1,"minecraft:cracked_deepslate_bricks":1,"minecraft:sandstone":9,"minecraft:hay_block":34,"minecraft:smooth_stone":1,"minecraft:lime_bed":3,"minecraft:furnace":2,"minecraft:iron_ore":7,"minecraft:chiseled_sandstone":1,"minecraft:gold_block":1,"k_turrets:titanium_ore":4,"minecraft:oak_log":6,"minecraft:coal_ore":55,"minecraft:gravel":3,"minecraft:sand":2,"minecraft:terracotta":32,"minecraft:polished_andesite":4,"minecraft:stone":48,"minecraft:oak_leaves":1},"minecraft:crafted":{"minecraft:oak_planks":24,"minecraft:crafting_table":1,"minecraft:wooden_pickaxe":1,"minecraft:iron_sword":1,"minecraft:furnace":1,"minecraft:bread":102,"minecraft:air":0,"minecraft:shield":1,"minecraft:stick":4,"minecraft:iron_ingot":23,"minecraft:stone_pickaxe":1,"minecraft:chest":1,"minecraft:gold_ingot":9,"minecraft:spruce_boat":1,"minecraft:wheat":306,"hunting_delight:huntingknife":1},"minecraft:broken":{"minecraft:stone_pickaxe":1},"minecraft:picked_up":{"minecraft:cracked_deepslate_tiles":2,"minecraft:lime_bed":3,"minecraft:crafting_table":3,"minecraft:wooden_pickaxe":4,"minecraft:smoker":1,"minecraft:gold_block":1,"minecraft:gilded_blackstone":4,"minecraft:oak_log":6,"minecraft:string":4,"minecraft:bone":12,"minecraft:smooth_stone":1,"minecraft:spruce_planks":10,"minecraft:iron_ingot":27,"minecraft:beef":19,"minecraft:stone_pickaxe":2,"minecraft:iron_pickaxe":1,"minecraft:chest":1,"minecraft:oak_planks":10,"minecraft:furnace":2,"minecraft:sandstone":9,"minecraft:stick":20,"minecraft:raw_iron":7,"k_turrets:titanium_ingot":15,"minecraft:gravel":3,"minecraft:blast_furnace":1,"hunting_delight:chitin":2,"minecraft:deepslate_tile_stairs":2,"minecraft:light_gray_terracotta":32,"minecraft:polished_andesite":4,"minecraft:soul_lantern":1,"minecraft:spruce_boat":1,"k_turrets:raw_titanium":4,"minecraft:hay_block":34,"minecraft:cracked_polished_blackstone_bricks":1,"hunting_delight:broken_bone":33,"minecraft:yellow_terracotta":22,"minecraft:bread":15,"minecraft:emerald":4,"minecraft:terracotta":63,"minecraft:oak_sapling":2,"minecraft:coal":116,"minecraft:cobblestone":48},"minecraft:dropped":{"minecraft:gravel":3,"minecraft:bread":100,"minecraft:light_gray_terracotta":11,"minecraft:oak_planks":13,"minecraft:stick":11,"minecraft:cracked_polished_blackstone_bricks":1,"minecraft:stone_pickaxe":1,"minecraft:wooden_pickaxe":3,"minecraft:smooth_stone":1,"minecraft:terracotta":11},"minecraft:used":{"minecraft:stone_pickaxe":131,"minecraft:chest":1,"minecraft:wooden_pickaxe":26,"minecraft:iron_sword":2,"minecraft:terracotta":15,"minecraft:yellow_terracotta":9,"minecraft:lime_bed":2,"minecraft:crafting_table":3,"minecraft:light_gray_terracotta":5,"minecraft:spruce_boat":1,"minecraft:bread":6,"minecraft:iron_pickaxe":42,"minecraft:furnace":1}},"DataVersion":3120}