{"stats":{"minecraft:crafted":{"minecraft:oak_planks":36,"gnumus:grilled_juicy_meat":1,"minecraft:cooked_chicken":6,"minecraft:furnace":1,"minecraft:stone_axe":1,"minecraft:cooked_mutton":7,"minecraft:air":0,"minecraft:shield":1,"minecraft:stick":8,"minecraft:stone_pickaxe":1,"minecraft:gold_ingot":7},"minecraft:killed":{"minecraft:zombie_villager":1,"born_in_chaos_v1:restless_spirit":1,"alexsmobs:skunk":1,"minecraft:spider":1,"born_in_chaos_v1:maggot":3,"minecraft:chicken":4,"minecraft:stray":17},"minecraft:picked_up":{"minecraft:crafting_table":5,"gnumus:gnumus_doubloons":4,"minecraft:feather":5,"minecraft:chicken":7,"minecraft:golden_carrot":6,"gnumus:overripe_carrot":19,"minecraft:golden_leggings":3,"minecraft:wooden_pickaxe":1,"gnumus:gnumus_cutlass":2,"gnumus:gnumus_pouch":8,"minecraft:oak_log":26,"minecraft:brewing_stand":1,"minecraft:string":3,"gnumus:gnumus_pickaxe":1,"minecraft:dirt":4,"minecraft:paper":4,"minecraft:raw_copper":4,"minecraft:wayfinder_armor_trim_smithing_template":2,"gnumus:gnumus_pouch_2":2,"minecraft:cooked_mutton":7,"minecraft:bone":17,"minecraft:wheat_seeds":6,"gnumus:packaged_goods":4,"minecraft:beef":2,"minecraft:stone_pickaxe":3,"minecraft:cooked_chicken":4,"minecraft:iron_sword":1,"minecraft:oak_planks":31,"minecraft:furnace":4,"minecraft:tipped_arrow":4,"minecraft:stick":14,"irons_spellbooks:frozen_bone":32,"gnumus:juicy_meat":2,"minecraft:spruce_fence":2,"gnumus:gnumus_cheese":6,"gnumus:grilled_juicy_meat":2,"minecraft:golden_chestplate":2,"alexsmobs:animal_dictionary":2,"minecraft:firework_rocket":6,"minecraft:arrow":24,"minecraft:stone_axe":2,"gnumus:gnumus_clay":20,"minecraft:hay_block":8,"gnumus:gnumus_chickpeas":56,"minecraft:emerald":7,"born_in_chaos_v1:trident_hayfork":1,"gnumus:mouse_skin":8,"minecraft:mutton":7,"minecraft:cod":2,"minecraft:coal":43,"minecraft:cobblestone":55},"minecraft:mined":{"minecraft:glass_pane":1,"minecraft:powder_snow":6,"minecraft:brewing_stand":1,"minecraft:crafting_table":3,"minecraft:grass_block":2,"minecraft:spruce_fence":2,"minecraft:cobblestone":3,"minecraft:tall_grass":4,"minecraft:spawner":1,"minecraft:furnace":2,"minecraft:grass":3,"minecraft:oak_log":16,"minecraft:coal_ore":45,"minecraft:dirt_path":1,"minecraft:dirt":1,"minecraft:stone":24,"minecraft:oak_leaves":7},"minecraft:used":{"minecraft:cooked_mutton":7,"minecraft:stone_pickaxe":78,"minecraft:shield":3,"minecraft:cooked_chicken":5,"minecraft:crafting_table":3,"gnumus:gnumus_cutlass":3,"minecraft:golden_chestplate":1,"minecraft:firework_rocket":6,"minecraft:golden_leggings":2,"minecraft:stone_axe":55,"minecraft:golden_carrot":1,"minecraft:cobblestone":3,"minecraft:bow":27,"minecraft:furnace":2,"minecraft:cooked_rabbit":2,"alexsmobs:animal_dictionary":8,"gnumus:grilled_juicy_meat":2},"minecraft:killed_by":{"minecraft:stray":1,"gnumus:gnumus_hunter_not_dispawn":1},"minecraft:custom":{"minecraft:interact_with_furnace":16,"minecraft:mob_kills":29,"minecraft:open_barrel":9,"minecraft:interact_with_crafting_table":9,"minecraft:leave_game":9,"minecraft:time_since_death":24467,"minecraft:sleep_in_bed":1,"minecraft:climb_one_cm":5543,"minecraft:time_since_rest":12430,"minecraft:sprint_one_cm":144388,"minecraft:damage_taken":1925,"minecraft:walk_one_cm":145954,"minecraft:damage_blocked_by_shield":180,"minecraft:drop":11,"minecraft:damage_dealt":2025,"minecraft:swim_one_cm":5296,"minecraft:fly_one_cm":98878,"minecraft:open_chest":48,"minecraft:crouch_one_cm":2211,"minecraft:play_time":59920,"minecraft:deaths":2,"minecraft:sneak_time":978,"minecraft:walk_under_water_one_cm":511,"minecraft:jump":741,"minecraft:walk_on_water_one_cm":487,"minecraft:total_world_time":59920,"minecraft:fall_one_cm":25585},"minecraft:dropped":{"gnumus:gnumus_cutlass":2,"minecraft:wheat_seeds":9,"minecraft:spruce_fence":2,"gnumus:gnumus_pickaxe":1,"minecraft:cod":1,"minecraft:flint":5,"minecraft:dirt":1,"born_in_chaos_v1:trident_hayfork":1,"minecraft:stone_pickaxe":1,"minecraft:wooden_pickaxe":1}},"DataVersion":3465}