{"stats":{"minecraft:picked_up":{"minecraft:crafting_table":1,"minecraft:wheat":12,"minecraft:azure_bluet":6,"minecraft:leather":25,"minecraft:wooden_pickaxe":2,"minecraft:oak_stairs":2,"minecraft:potato":27,"minecraft:gold_block":2,"hunting_delight:scrambled_eggs":1,"minecraft:oak_log":40,"minecraft:yellow_bed":4,"minecraft:shield":1,"minecraft:gunpowder":7,"minecraft:amethyst_block":1,"minecraft:cornflower":6,"minecraft:dirt":377,"minecraft:raw_copper":4,"minecraft:flint_and_steel":1,"minecraft:iron_shovel":2,"minecraft:wheat_seeds":93,"minecraft:beef":7,"minecraft:iron_ingot":1,"minecraft:stone_pickaxe":3,"hunting_delight:rawsquid":1,"minecraft:iron_nugget":1,"minecraft:poppy":8,"minecraft:chest":7,"minecraft:iron_sword":1,"minecraft:oak_planks":16,"minecraft:egg":2,"minecraft:stick":13,"minecraft:raw_iron":4,"minecraft:oak_fence":5,"hunting_delight:humanmeat":8,"minecraft:torch":13,"minecraft:dandelion":20,"minecraft:diorite":1,"minecraft:spider_eye":1,"minecraft:stone_sword":2,"minecraft:arrow":10,"minecraft:rotten_flesh":29,"hunting_delight:huntingknife":2,"minecraft:stone_axe":2,"minecraft:golden_hoe":1,"k_turrets:raw_titanium":10,"hunting_delight:broken_bone":26,"minecraft:cracked_deepslate_bricks":3,"minecraft:golden_apple":1,"minecraft:emerald":1,"minecraft:bread":11,"minecraft:oak_sapling":1,"hunting_delight:worm":55,"minecraft:obsidian":9,"minecraft:coal":41,"minecraft:skeleton_skull":8,"minecraft:sunflower":46,"minecraft:cobblestone":577,"minecraft:oxeye_daisy":2},"minecraft:killed_by":{"minecraft:creeper":1,"minecraft:zombie":2},"minecraft:custom":{"minecraft:interact_with_furnace":6,"minecraft:mob_kills":6,"minecraft:animals_bred":5,"minecraft:interact_with_crafting_table":21,"minecraft:leave_game":13,"minecraft:time_since_death":68374,"minecraft:sleep_in_bed":1,"minecraft:time_since_rest":6196,"minecraft:sprint_one_cm":211796,"minecraft:damage_taken":1771,"minecraft:walk_one_cm":406742,"minecraft:trigger_trapped_chest":3,"minecraft:drop":19,"minecraft:damage_dealt":1651,"minecraft:swim_one_cm":13424,"minecraft:fly_one_cm":573010,"minecraft:talked_to_villager":1,"minecraft:open_chest":45,"minecraft:crouch_one_cm":6922,"minecraft:play_time":101420,"minecraft:sneak_time":1633,"minecraft:deaths":3,"minecraft:walk_under_water_one_cm":1215,"minecraft:jump":2286,"minecraft:interact_with_blast_furnace":3,"minecraft:walk_on_water_one_cm":3157,"minecraft:total_world_time":101420,"minecraft:interact_with_smoker":7,"minecraft:fall_one_cm":55256},"minecraft:crafted":{"minecraft:oak_planks":140,"minecraft:bone_meal":96,"minecraft:stone_axe":2,"minecraft:cooked_mutton":11,"minecraft:air":0,"minecraft:oak_fence_gate":6,"minecraft:stick":88,"minecraft:iron_ingot":5,"minecraft:iron_pickaxe":1,"minecraft:stone_pickaxe":3,"minecraft:stone_sword":1,"minecraft:chest":1,"minecraft:torch":60,"minecraft:oak_fence":36},"minecraft:dropped":{"minecraft:iron_sword":1,"minecraft:azure_bluet":6,"minecraft:oxeye_daisy":2,"minecraft:poppy":8,"minecraft:shield":1,"minecraft:cornflower":6,"minecraft:yellow_bed":1,"minecraft:sunflower":41,"minecraft:stone_pickaxe":2,"minecraft:dandelion":19},"minecraft:broken":{"minecraft:stone_pickaxe":2,"minecraft:iron_shovel":1},"minecraft:killed":{"minecraft:witch":1,"minecraft:zombie":4},"minecraft:used":{"minecraft:wheat_seeds":18,"minecraft:oak_fence":34,"minecraft:cooked_mutton":11,"minecraft:stone_sword":44,"minecraft:iron_shovel":262,"minecraft:stone_pickaxe":430,"minecraft:wooden_pickaxe":4,"minecraft:chest":3,"minecraft:rotten_flesh":2,"minecraft:torch":61,"minecraft:golden_hoe":12,"minecraft:dirt":369,"minecraft:oak_fence_gate":6,"minecraft:oak_log":1,"minecraft:apple":2,"minecraft:sunflower":1,"minecraft:bread":3,"minecraft:iron_pickaxe":96,"hunting_delight:worm":27,"minecraft:stone_axe":56,"minecraft:cobblestone":217,"minecraft:egg":2,"minecraft:yellow_bed":2,"hunting_delight:scrambled_eggs":1,"minecraft:bone_meal":29},"minecraft:mined":{"minecraft:farmland":1,"minecraft:dandelion":24,"minecraft:oak_fence":5,"minecraft:cornflower":9,"minecraft:grass_block":345,"minecraft:poppy":8,"minecraft:chest":7,"minecraft:tall_grass":40,"minecraft:cobblestone":312,"minecraft:oak_planks":4,"minecraft:diorite":1,"minecraft:oxeye_daisy":2,"minecraft:wall_torch":1,"minecraft:wheat":12,"minecraft:yellow_bed":1,"minecraft:azure_bluet":7,"minecraft:grass":459,"minecraft:oak_log":30,"minecraft:coal_ore":16,"minecraft:dirt_path":1,"minecraft:sunflower":48,"minecraft:dirt":22,"minecraft:stone":197,"minecraft:oak_leaves":8}},"DataVersion":3120}