{"stats":{"minecraft:killed_by":{"minecraft:stray":1,"gnumus:gnumus_hunter_not_dispawn":1},"minecraft:dropped":{"gnumus:gnumus_cutlass":2,"minecraft:wheat_seeds":26,"minecraft:lilac":11,"minecraft:iron_helmet":1,"born_in_chaos_v1:pileof_dark_metal":1,"gnumus:gnumus_pickaxe":1,"minecraft:cod":1,"minecraft:flint":5,"minecraft:dirt":1,"minecraft:rose_bush":2,"born_in_chaos_v1:trident_hayfork":1,"minecraft:paper":3,"irons_spellbooks:frozen_bone":29,"minecraft:spruce_sapling":1,"minecraft:pink_tulip":1,"minecraft:white_tulip":1,"alexsmobs:maggot":2,"minecraft:spruce_fence":2,"minecraft:carrot":1,"minecraft:rabbit_foot":1,"minecraft:allium":1,"minecraft:bow":1,"minecraft:wooden_pickaxe":1,"minecraft:stone_pickaxe":1,"gnumus:lucky_hat_helmet":1},"minecraft:crafted":{"minecraft:oak_door":3,"minecraft:oak_planks":36,"gnumus:grilled_juicy_meat":1,"minecraft:cooked_chicken":6,"minecraft:furnace":1,"minecraft:cooked_mutton":7,"minecraft:iron_boots":1,"minecraft:stone_pickaxe":1,"minecraft:crafting_table":1,"minecraft:spruce_planks":20,"minecraft:iron_helmet":1,"minecraft:bucket":1,"minecraft:stone_axe":1,"minecraft:air":0,"minecraft:shield":1,"minecraft:stick":8,"minecraft:gold_ingot":7,"minecraft:torch":72},"minecraft:custom":{"minecraft:mob_kills":35,"minecraft:interact_with_crafting_table":21,"minecraft:open_barrel":13,"minecraft:leave_game":28,"minecraft:time_since_death":89972,"minecraft:climb_one_cm":5543,"minecraft:sprint_one_cm":238883,"minecraft:walk_one_cm":305128,"minecraft:damage_blocked_by_shield":540,"minecraft:drop":36,"minecraft:play_time":125425,"minecraft:deaths":2,"minecraft:sneak_time":1143,"minecraft:walk_under_water_one_cm":1923,"minecraft:jump":1452,"minecraft:walk_on_water_one_cm":879,"minecraft:total_world_time":125425,"minecraft:interact_with_furnace":18,"minecraft:sleep_in_bed":2,"minecraft:time_since_rest":30987,"minecraft:damage_taken":2374,"minecraft:damage_dealt":2419,"minecraft:swim_one_cm":7802,"minecraft:fly_one_cm":229666,"minecraft:open_chest":69,"minecraft:crouch_one_cm":2512,"minecraft:fall_one_cm":49199},"minecraft:picked_up":{"minecraft:crafting_table":7,"minecraft:allium":1,"minecraft:chicken":7,"minecraft:wooden_pickaxe":1,"minecraft:brewing_stand":1,"minecraft:string":3,"minecraft:iron_axe":1,"minecraft:wayfinder_armor_trim_smithing_template":2,"minecraft:raw_copper":4,"gnumus:packaged_goods":7,"minecraft:beef":2,"minecraft:white_tulip":1,"minecraft:rose_bush":2,"minecraft:furnace":5,"minecraft:tipped_arrow":4,"minecraft:stick":14,"gnumus:juicy_meat":2,"minecraft:torch":4,"minecraft:spruce_fence":2,"gnumus:lucky_hat_helmet":2,"born_in_chaos_v1:pileof_dark_metal":5,"minecraft:carrot":1,"gnumus:grilled_juicy_meat":2,"minecraft:golden_chestplate":2,"minecraft:arrow":24,"minecraft:hay_block":14,"gnumus:gnumus_chickpeas":56,"minecraft:pink_tulip":1,"gnumus:mouse_skin":8,"born_in_chaos_v1:trident_hayfork":1,"minecraft:mutton":7,"minecraft:cod":2,"minecraft:snowball":5,"minecraft:cobblestone":55,"gnumus:gnumus_doubloons":5,"minecraft:feather":5,"minecraft:lilac":11,"minecraft:golden_carrot":13,"gnumus:overripe_carrot":19,"minecraft:leather":3,"minecraft:golden_leggings":3,"gnumus:gnumus_cutlass":2,"gnumus:gnumus_pouch":8,"minecraft:oak_log":26,"minecraft:dirt":11,"gnumus:gnumus_pickaxe":1,"minecraft:paper":7,"gnumus:gnumus_pouch_2":2,"minecraft:cooked_mutton":7,"minecraft:bone":17,"minecraft:wheat_seeds":23,"minecraft:spruce_wood":6,"minecraft:stone_pickaxe":3,"minecraft:cooked_chicken":4,"minecraft:iron_sword":1,"minecraft:oak_planks":31,"irons_spellbooks:frozen_bone":32,"gnumus:gnumus_cheese":6,"minecraft:spruce_sapling":1,"minecraft:spruce_log":58,"alexsmobs:animal_dictionary":2,"minecraft:firework_rocket":6,"gnumus:vintage_parts":1,"minecraft:stone_axe":2,"gnumus:gnumus_clay":20,"born_in_chaos_v1:tombstone_dark_titan_066":2,"minecraft:emerald":7,"alexsmobs:maggot":2,"minecraft:coal":77},"minecraft:used":{"minecraft:shield":11,"minecraft:iron_sword":15,"minecraft:cooked_chicken":5,"minecraft:oak_door":2,"minecraft:torch":45,"minecraft:dirt":7,"minecraft:golden_chestplate":1,"minecraft:snowball":5,"minecraft:spruce_wood":2,"minecraft:iron_axe":39,"minecraft:iron_helmet":1,"minecraft:iron_boots":1,"minecraft:golden_carrot":1,"minecraft:bow":39,"minecraft:hay_block":5,"minecraft:furnace":4,"gnumus:grilled_juicy_meat":2,"minecraft:cooked_mutton":7,"minecraft:stone_pickaxe":78,"minecraft:crafting_table":5,"gnumus:gnumus_cutlass":3,"minecraft:spruce_log":44,"minecraft:firework_rocket":6,"minecraft:iron_pickaxe":3,"minecraft:golden_leggings":2,"minecraft:stone_axe":55,"minecraft:cobblestone":3,"born_in_chaos_v1:tombstone_dark_titan_066":1,"minecraft:cooked_rabbit":12,"alexsmobs:animal_dictionary":8},"minecraft:mined":{"minecraft:brewing_stand":1,"minecraft:allium":1,"minecraft:grass_block":9,"minecraft:spruce_fence":2,"minecraft:spruce_leaves":1,"minecraft:spawner":2,"minecraft:hay_block":5,"minecraft:furnace":3,"minecraft:peony":1,"minecraft:red_tulip":1,"minecraft:dirt_path":1,"minecraft:pink_tulip":1,"minecraft:spruce_wood":9,"gnumus:fragile_gnumus_jug":2,"minecraft:stone":24,"minecraft:glass_pane":1,"minecraft:powder_snow":6,"minecraft:crafting_table":5,"minecraft:rose_bush":2,"minecraft:tall_grass":7,"minecraft:cobblestone":3,"minecraft:wall_torch":3,"born_in_chaos_v1:tombstone_dark_titan_066":1,"minecraft:sweet_berry_bush":1,"minecraft:lilac":1,"minecraft:spruce_log":59,"minecraft:grass":25,"minecraft:oak_log":16,"minecraft:coal_ore":45,"minecraft:dirt":1,"minecraft:oak_leaves":7,"minecraft:fern":19},"minecraft:killed":{"born_in_chaos_v1:restless_spirit":1,"minecraft:spider":1,"born_in_chaos_v1:maggot":3,"minecraft:chicken":4,"minecraft:zombie_villager":1,"alexsmobs:skunk":1,"minecraft:creeper":2,"minecraft:zombie":2,"minecraft:stray":17,"alexsmobs:fly":2}},"DataVersion":3465}