{"stats":{"minecraft:broken":{"minecraft:iron_shovel":2,"minecraft:stone_pickaxe":2,"minecraft:iron_axe":1,"minecraft:stone_axe":4,"minecraft:iron_pickaxe":1},"minecraft:killed":{"minecraft:witch":3,"minecraft:spider":3,"minecraft:skeleton":8,"minecraft:bat":1,"minecraft:creeper":15,"minecraft:sheep":5,"minecraft:pillager":1,"minecraft:zombie":58},"minecraft:killed_by":{"minecraft:player":1,"minecraft:creeper":1,"minecraft:zombie":2},"minecraft:mined":{"minecraft:white_bed":4,"minecraft:oak_sapling":1,"minecraft:farmland":1,"minecraft:stripped_birch_log":170,"minecraft:stone_button":1,"minecraft:grass_block":717,"minecraft:oxeye_daisy":2,"minecraft:spawner":6,"minecraft:smooth_stone":7,"minecraft:cobbled_deepslate":6,"minecraft:azure_bluet":7,"minecraft:dirt_path":1,"minecraft:oak_stairs":45,"minecraft:stone":308,"minecraft:birch_stairs":9,"minecraft:dandelion":24,"minecraft:oak_fence":5,"minecraft:smooth_sandstone":3,"minecraft:cornflower":9,"minecraft:torch":6,"minecraft:poppy":8,"minecraft:chest":8,"minecraft:tall_grass":46,"minecraft:cobblestone":459,"minecraft:oak_planks":100,"minecraft:diorite":1,"minecraft:smooth_sandstone_slab":2,"minecraft:wall_torch":13,"minecraft:birch_planks":51,"minecraft:birch_log":110,"minecraft:wheat":18,"minecraft:birch_leaves":76,"minecraft:yellow_bed":1,"minecraft:grass":467,"minecraft:oak_log":125,"minecraft:coal_ore":16,"minecraft:oak_fence_gate":4,"minecraft:sunflower":50,"minecraft:sand":47,"minecraft:dirt":172,"minecraft:polished_andesite":3,"minecraft:stone_bricks":39,"minecraft:oak_leaves":43},"minecraft:used":{"minecraft:oak_fence":35,"minecraft:iron_shovel":517,"minecraft:stone_sword":61,"minecraft:iron_bars":1,"minecraft:flint_and_steel":1,"minecraft:chest":37,"minecraft:iron_sword":2,"minecraft:rotten_flesh":2,"minecraft:oak_door":2,"minecraft:torch":121,"minecraft:dirt":733,"minecraft:oak_fence_gate":10,"minecraft:glass":43,"minecraft:iron_axe":356,"minecraft:oak_stairs":55,"minecraft:birch_sapling":19,"hunting_delight:worm":27,"minecraft:stone_bricks":387,"minecraft:item_frame":13,"additionalguns:m1014":157,"minecraft:oak_sapling":12,"minecraft:furnace":1,"minecraft:egg":3,"hunting_delight:scrambled_eggs":1,"minecraft:cobbled_deepslate":4,"minecraft:wheat_seeds":24,"minecraft:cooked_mutton":48,"minecraft:birch_planks":56,"minecraft:stripped_birch_log":156,"minecraft:polished_andesite":3,"minecraft:stone_pickaxe":486,"minecraft:oak_planks":419,"minecraft:wooden_pickaxe":4,"hunting_delight:sandwich":3,"minecraft:golden_hoe":12,"minecraft:white_bed":4,"minecraft:oak_log":1,"minecraft:apple":10,"additionalguns:desert_eagle":118,"minecraft:iron_pickaxe":368,"minecraft:sunflower":1,"minecraft:bread":3,"cgm:grenade":1,"minecraft:stone_axe":471,"additionalguns:scar":5,"minecraft:cobblestone":389,"minecraft:birch_log":60,"minecraft:yellow_bed":2,"minecraft:smooth_stone":8,"minecraft:bone_meal":104,"minecraft:birch_stairs":25},"minecraft:picked_up":{"hunting_delight:tainted_flesh":2,"minecraft:crafting_table":1,"minecraft:azure_bluet":6,"minecraft:wheat":17,"taccraft:flak_vest_chestplate":2,"minecraft:wooden_pickaxe":2,"minecraft:oak_stairs":47,"minecraft:gold_block":2,"marbledsapi:steel_sheet":6,"hunting_delight:scrambled_eggs":1,"minecraft:chain":1,"minecraft:shield":1,"minecraft:amethyst_block":1,"minecraft:cornflower":6,"minecraft:string":2,"minecraft:raw_copper":4,"minecraft:flint_and_steel":1,"minecraft:item_frame":1,"minecraft:iron_shovel":2,"minecraft:smooth_stone":8,"minecraft:cobbled_deepslate":6,"minecraft:spruce_planks":1,"minecraft:music_disc_otherside":1,"minecraft:beef":7,"minecraft:iron_nugget":1,"minecraft:poppy":8,"minecraft:iron_pickaxe":1,"minecraft:chest":11,"minecraft:birch_sapling":22,"minecraft:egg":3,"minecraft:stick":51,"minecraft:raw_iron":4,"minecraft:stone":2,"minecraft:oak_fence":5,"hunting_delight:humanmeat":10,"minecraft:torch":32,"additionalguns:m1014":2,"hunting_delight:sandwich":3,"minecraft:stone_button":3,"minecraft:diorite":1,"hunting_delight:chitin":1,"additionalguns:casing_short":511,"minecraft:stone_sword":3,"minecraft:arrow":20,"minecraft:rotten_flesh":73,"minecraft:golden_hoe":1,"k_turrets:raw_titanium":10,"minecraft:cracked_deepslate_bricks":3,"hunting_delight:worm":118,"minecraft:obsidian":9,"minecraft:mutton":21,"minecraft:iron_bars":1,"minecraft:skeleton_skull":8,"minecraft:white_wool":7,"minecraft:cobblestone":843,"minecraft:oxeye_daisy":2,"minecraft:birch_log":110,"minecraft:leather":25,"minecraft:potato":28,"minecraft:birch_planks":102,"minecraft:oak_log":135,"minecraft:yellow_bed":4,"minecraft:gunpowder":33,"minecraft:stripped_birch_log":172,"minecraft:dirt":937,"minecraft:white_banner":1,"cgm:grenade":1,"minecraft:cooked_mutton":11,"minecraft:smooth_sandstone":3,"minecraft:bone":62,"minecraft:apple":3,"taccraft:assault_vest_boots":2,"minecraft:stone_bricks":39,"minecraft:bow":2,"minecraft:wheat_seeds":114,"minecraft:iron_ingot":57,"minecraft:stone_pickaxe":3,"minecraft:oak_fence_gate":4,"hunting_delight:rawsquid":1,"minecraft:iron_sword":3,"minecraft:oak_planks":166,"taccraft:flak_vest_boots":1,"minecraft:dandelion":20,"minecraft:birch_stairs":9,"minecraft:sand":47,"taccraft:flak_vest_leggings":1,"minecraft:white_bed":4,"minecraft:spider_eye":3,"hunting_delight:animal_fat":14,"additionalguns:desert_eagle":3,"cgm:shell":479,"minecraft:polished_andesite":3,"additionalguns:scar":4,"hunting_delight:huntingknife":3,"minecraft:stone_axe":3,"minecraft:iron_helmet":1,"additionalguns:bullet_short":448,"hunting_delight:broken_bone":258,"minecraft:golden_apple":1,"minecraft:emerald":1,"minecraft:bread":11,"minecraft:oak_sapling":20,"minecraft:coal":43,"taccraft:plate_carrier_helmet":2,"minecraft:sunflower":56},"minecraft:custom":{"minecraft:mob_kills":104,"minecraft:animals_bred":8,"minecraft:interact_with_crafting_table":91,"minecraft:open_barrel":57,"minecraft:damage_dealt_resisted":202,"minecraft:leave_game":34,"minecraft:time_since_death":222168,"minecraft:climb_one_cm":9000,"minecraft:sprint_one_cm":817663,"minecraft:walk_one_cm":1430730,"minecraft:drop":90,"minecraft:damage_dealt_absorbed":80,"minecraft:talked_to_villager":1,"minecraft:play_time":421212,"minecraft:sneak_time":8894,"minecraft:deaths":4,"minecraft:walk_under_water_one_cm":2202,"minecraft:jump":6784,"minecraft:interact_with_blast_furnace":15,"minecraft:walk_on_water_one_cm":6201,"minecraft:total_world_time":421212,"minecraft:interact_with_furnace":109,"minecraft:tune_noteblock":1,"minecraft:sleep_in_bed":19,"minecraft:time_since_rest":5293,"minecraft:damage_taken":4041,"minecraft:trigger_trapped_chest":68,"minecraft:damage_dealt":2629,"minecraft:player_kills":1,"minecraft:swim_one_cm":13701,"minecraft:fly_one_cm":1543717,"minecraft:open_chest":406,"minecraft:crouch_one_cm":30458,"minecraft:interact_with_smoker":35,"minecraft:fall_one_cm":143087},"minecraft:dropped":{"minecraft:iron_sword":2,"minecraft:black_dye":2,"minecraft:iron_helmet":1,"hunting_delight:broken_bone":71,"minecraft:stick":5,"minecraft:cobweb":38,"minecraft:oxeye_daisy":2,"minecraft:dirt":1,"minecraft:gray_wool":6,"taccraft:flak_vest_chestplate":1,"minecraft:stone_button":3,"minecraft:yellow_dye":2,"minecraft:cornflower":6,"taccraft:assault_vest_boots":1,"additionalguns:m1014":1,"minecraft:iron_leggings":1,"minecraft:sunflower":54,"hunting_delight:worm":1,"hunting_delight:huntingknife":2,"minecraft:string":27,"minecraft:smooth_sandstone":3,"cgm:shell":191,"additionalguns:scar":4,"minecraft:dandelion":19,"minecraft:cobbled_deepslate":1,"additionalguns:desert_eagle":1,"minecraft:rotten_flesh":9,"additionalguns:bullet_short":128,"minecraft:light_gray_wool":1,"minecraft:azure_bluet":6,"minecraft:poppy":8,"minecraft:shield":1,"minecraft:diamond_chestplate":1,"minecraft:charcoal":41,"minecraft:yellow_bed":1,"taccraft:plate_carrier_helmet":1,"minecraft:spider_eye":2,"minecraft:arrow":2,"minecraft:bow":2,"minecraft:stone_pickaxe":2},"minecraft:crafted":{"minecraft:black_dye":3,"minecraft:oak_door":3,"minecraft:oak_planks":520,"minecraft:iron_nugget":171,"minecraft:furnace":1,"minecraft:stone":355,"minecraft:bone_meal":156,"minecraft:cooked_mutton":48,"minecraft:glass":52,"minecraft:leather":64,"minecraft:iron_axe":2,"minecraft:stone_pickaxe":4,"minecraft:chest":29,"minecraft:stone_bricks":348,"minecraft:oak_fence":36,"marbledsarsenal:katana":1,"minecraft:item_frame":12,"minecraft:iron_sword":1,"minecraft:birch_planks":240,"minecraft:stone_axe":4,"minecraft:air":0,"minecraft:oak_fence_gate":10,"minecraft:gold_nugget":162,"minecraft:yellow_dye":2,"minecraft:stick":192,"minecraft:iron_ingot":5,"minecraft:iron_pickaxe":3,"minecraft:oak_stairs":44,"minecraft:stone_sword":1,"minecraft:iron_shovel":1,"minecraft:birch_stairs":16,"minecraft:torch":100}},"DataVersion":3120}