{"stats":{"minecraft:custom":{"minecraft:jump":36,"minecraft:time_since_rest":1855,"minecraft:leave_game":1,"minecraft:walk_on_water_one_cm":2060,"minecraft:sprint_one_cm":3774,"minecraft:play_time":1855,"minecraft:damage_taken":140,"minecraft:time_since_death":1855,"minecraft:walk_one_cm":2753,"minecraft:sneak_time":6,"minecraft:total_world_time":1855,"minecraft:walk_under_water_one_cm":502,"minecraft:swim_one_cm":9954,"minecraft:fall_one_cm":2737,"minecraft:fly_one_cm":8097}},"DataVersion":3120}