{"stats":{"minecraft:broken":{"minecraft:iron_shovel":2,"minecraft:stone_pickaxe":2,"minecraft:stone_axe":4,"minecraft:iron_axe":1,"minecraft:iron_pickaxe":2},"minecraft:killed":{"minecraft:witch":3,"minecraft:spider":5,"minecraft:skeleton":9,"minecraft:creeper":29,"minecraft:sheep":5,"minecraft:pillager":1,"minecraft:zombie":62,"minecraft:blaze":6,"minecraft:rabbit":1,"minecraft:bat":1,"minecraft:wither_skeleton":2},"minecraft:killed_by":{"minecraft:creeper":1,"minecraft:zombie":2,"minecraft:player":1},"minecraft:mined":{"minecraft:white_bed":7,"minecraft:oak_sapling":1,"minecraft:farmland":1,"minecraft:brewing_stand":1,"minecraft:grass_block":720,"minecraft:oxeye_daisy":2,"minecraft:spawner":6,"minecraft:smooth_stone":7,"minecraft:cobbled_deepslate":6,"minecraft:azure_bluet":7,"minecraft:dirt_path":1,"minecraft:oak_stairs":45,"minecraft:white_banner":1,"minecraft:green_bed":1,"minecraft:smoker":2,"minecraft:torch":6,"minecraft:poppy":8,"minecraft:chest":15,"minecraft:cobblestone":630,"minecraft:cyan_bed":2,"minecraft:grindstone":1,"minecraft:oak_planks":103,"minecraft:smooth_sandstone_slab":2,"minecraft:wall_torch":13,"minecraft:birch_log":131,"minecraft:wheat":18,"minecraft:black_bed":1,"minecraft:grass":470,"minecraft:oak_log":125,"minecraft:oak_fence_gate":4,"minecraft:sand":47,"minecraft:dirt":176,"minecraft:oak_leaves":43,"minecraft:stripped_birch_log":182,"minecraft:nether_bricks":6,"minecraft:stone_button":1,"cgm:workbench":1,"minecraft:hay_block":41,"minecraft:furnace":2,"minecraft:bamboo":1,"minecraft:stone":308,"minecraft:smithing_table":1,"minecraft:birch_stairs":9,"minecraft:dandelion":24,"minecraft:oak_fence":5,"minecraft:crafting_table":2,"minecraft:smooth_sandstone":3,"minecraft:cornflower":9,"minecraft:tall_grass":46,"minecraft:diorite":1,"minecraft:birch_planks":51,"minecraft:lime_bed":2,"minecraft:gray_bed":1,"minecraft:birch_leaves":82,"minecraft:yellow_bed":1,"minecraft:coal_ore":16,"minecraft:sunflower":50,"minecraft:polished_andesite":3,"minecraft:stone_bricks":63,"minecraft:fern":1},"minecraft:used":{"minecraft:iron_shovel":517,"minecraft:chest":51,"minecraft:stone":2,"minecraft:iron_sword":2,"minecraft:rotten_flesh":2,"minecraft:nether_bricks":6,"minecraft:glass":67,"hunting_delight:cookedhumanmeat":2,"minecraft:birch_sapling":28,"minecraft:stone_bricks":437,"minecraft:item_frame":24,"minecraft:oak_sapling":12,"minecraft:furnace":5,"minecraft:egg":4,"minecraft:stripped_birch_log":160,"minecraft:oak_planks":422,"minecraft:stone_pickaxe":486,"minecraft:wooden_pickaxe":4,"minecraft:sandstone":10,"hunting_delight:sandwich":11,"minecraft:golden_hoe":12,"minecraft:blast_furnace":4,"minecraft:black_bed":1,"minecraft:bread":6,"minecraft:cyan_bed":2,"additionalguns:scar":6,"minecraft:grindstone":1,"minecraft:smithing_table":1,"minecraft:birch_log":60,"minecraft:bone_meal":108,"minecraft:oak_fence":35,"minecraft:iron_bars":1,"minecraft:stone_sword":61,"minecraft:flint_and_steel":1,"minecraft:oak_door":2,"minecraft:torch":128,"minecraft:brewing_stand":1,"minecraft:dirt":759,"cgm:workbench":1,"minecraft:oak_fence_gate":10,"minecraft:iron_axe":417,"minecraft:oak_stairs":55,"hunting_delight:worm":27,"marbledsarsenal:katana":4,"minecraft:bamboo":9,"additionalguns:m1014":227,"hunting_delight:scrambled_eggs":1,"minecraft:cobbled_deepslate":4,"minecraft:cooked_mutton":48,"minecraft:wheat_seeds":24,"minecraft:birch_planks":69,"minecraft:polished_andesite":3,"minecraft:green_bed":1,"minecraft:lime_bed":1,"minecraft:crafting_table":2,"minecraft:white_bed":7,"minecraft:smoker":2,"minecraft:oak_log":1,"minecraft:diamond_pickaxe":4,"minecraft:apple":10,"additionalguns:desert_eagle":127,"minecraft:sunflower":1,"minecraft:iron_pickaxe":573,"cgm:grenade":1,"minecraft:stone_axe":471,"minecraft:cobblestone":390,"minecraft:white_banner":1,"minecraft:bucket":2,"minecraft:yellow_bed":2,"minecraft:smooth_stone":8,"minecraft:birch_stairs":25},"minecraft:picked_up":{"hunting_delight:tainted_flesh":15,"hunting_delight:cutlet":31,"minecraft:wheat":17,"minecraft:redstone_block":7,"minecraft:smithing_table":1,"minecraft:oak_stairs":47,"minecraft:potion":6,"minecraft:brewing_stand":1,"minecraft:amethyst_block":1,"minecraft:music_disc_cat":1,"minecraft:string":40,"minecraft:raw_copper":147,"minecraft:iron_leggings":1,"minecraft:experience_bottle":1,"minecraft:cobbled_deepslate":24,"minecraft:gold_nugget":64,"minecraft:smooth_stone":9,"minecraft:bucket":1,"minecraft:spruce_planks":1,"minecraft:iron_pickaxe":1,"minecraft:coal_block":46,"minecraft:iron_boots":1,"minecraft:furnace":2,"minecraft:tipped_arrow":1,"minecraft:stick":61,"minecraft:oak_fence":5,"minecraft:torch":40,"minecraft:green_bed":1,"minecraft:porkchop":8,"additionalguns:m1014":9,"minecraft:diorite":11,"minecraft:music_disc_pigstep":1,"minecraft:stone_sword":4,"minecraft:rotten_flesh":173,"additionalguns:casing_heavy":128,"hunting_delight:worm":143,"minecraft:blaze_rod":4,"minecraft:obsidian":9,"minecraft:iron_bars":1,"minecraft:cobblestone":982,"minecraft:birch_log":131,"minecraft:magma_cream":6,"minecraft:andesite":4,"minecraft:black_bed":1,"minecraft:smoker":2,"minecraft:potato":28,"minecraft:flint":2,"minecraft:tuff":2,"minecraft:lapis_lazuli":6,"minecraft:stripped_birch_log":186,"minecraft:dirt":955,"cgm:grenade":1,"minecraft:bone":258,"taccraft:assault_vest_boots":2,"minecraft:bow":10,"minecraft:orange_tulip":6,"minecraft:wheat_seeds":187,"minecraft:raw_gold":11,"minecraft:grindstone":1,"minecraft:glowstone_dust":15,"hunting_delight:rawsquid":1,"minecraft:bamboo":9,"minecraft:oak_planks":170,"taccraft:flak_vest_boots":1,"minecraft:music_disc_13":1,"minecraft:sand":47,"minecraft:cyan_bed":2,"minecraft:spectral_arrow":18,"hunting_delight:animal_fat":27,"additionalguns:desert_eagle":5,"cgm:shell":479,"minecraft:polished_andesite":3,"additionalguns:scar":8,"minecraft:sugar":7,"minecraft:black_concrete":1,"minecraft:diamond":16,"hunting_delight:huntingknife":3,"additionalguns:bullet_short":448,"minecraft:crossbow":3,"minecraft:granite":6,"minecraft:golden_apple":2,"minecraft:emerald":1,"minecraft:golden_horse_armor":1,"minecraft:bread":12,"minecraft:oak_sapling":26,"minecraft:netherrack":2,"minecraft:diamond_pickaxe":1,"minecraft:fishing_rod":1,"minecraft:charcoal":94,"minecraft:crafting_table":3,"minecraft:allium":4,"minecraft:azure_bluet":6,"minecraft:nether_wart":122,"taccraft:flak_vest_chestplate":2,"minecraft:wooden_pickaxe":2,"minecraft:gold_block":18,"marbledsapi:steel_sheet":8,"hunting_delight:scrambled_eggs":1,"minecraft:diamond_horse_armor":1,"minecraft:chain":2,"minecraft:shield":1,"minecraft:cornflower":6,"minecraft:flint_and_steel":2,"minecraft:item_frame":2,"minecraft:iron_shovel":2,"minecraft:music_disc_otherside":2,"minecraft:beef":7,"minecraft:observer":2,"minecraft:iron_nugget":1,"minecraft:poppy":8,"minecraft:light_gray_wool":1,"minecraft:chest":18,"minecraft:birch_sapling":34,"minecraft:diamond_hoe":1,"minecraft:egg":4,"minecraft:raw_iron":102,"minecraft:stone":15,"minecraft:copper_ingot":26,"hunting_delight:humanmeat":12,"hunting_delight:sandwich":39,"minecraft:stone_button":3,"marbledsarsenal:katana":1,"hunting_delight:chitin":9,"minecraft:carrot":64,"minecraft:redstone":2,"minecraft:iron_horse_armor":1,"additionalguns:casing_short":639,"minecraft:arrow":81,"minecraft:nether_bricks":6,"minecraft:golden_hoe":1,"k_turrets:raw_titanium":10,"minecraft:hay_block":41,"minecraft:cracked_deepslate_bricks":3,"minecraft:saddle":2,"minecraft:gold_ingot":2,"minecraft:glow_berries":3,"minecraft:mutton":21,"minecraft:skeleton_skull":8,"minecraft:white_wool":19,"minecraft:oxeye_daisy":2,"minecraft:lime_bed":2,"minecraft:glow_ink_sac":4,"minecraft:leather":25,"additionalguns:bullet_long":80,"minecraft:birch_planks":102,"minecraft:oak_log":135,"minecraft:yellow_bed":4,"minecraft:gunpowder":49,"additionalguns:casing_long":112,"minecraft:white_banner":6,"minecraft:cooked_mutton":11,"minecraft:smooth_sandstone":3,"minecraft:apple":5,"minecraft:stone_bricks":63,"minecraft:kelp":1,"minecraft:oak_fence_gate":4,"minecraft:iron_ingot":57,"minecraft:music_disc_far":2,"minecraft:stone_pickaxe":4,"minecraft:cobweb":49,"minecraft:gray_bed":1,"minecraft:soul_sand":30,"minecraft:iron_sword":4,"minecraft:dandelion":21,"minecraft:gravel":17,"minecraft:birch_stairs":9,"taccraft:flak_vest_leggings":1,"minecraft:spruce_sapling":1,"minecraft:white_bed":7,"minecraft:spider_eye":11,"minecraft:slime_ball":85,"minecraft:stone_axe":3,"minecraft:iron_helmet":1,"hunting_delight:broken_bone":1263,"taccraft:plate_carrier_helmet":2,"cgm:workbench":1,"minecraft:coal":390,"minecraft:sunflower":56},"minecraft:custom":{"minecraft:animals_bred":8,"minecraft:interact_with_crafting_table":105,"minecraft:open_barrel":57,"minecraft:leave_game":47,"minecraft:time_since_death":360012,"minecraft:sprint_one_cm":1098359,"minecraft:drop":235,"minecraft:talked_to_villager":3,"minecraft:play_time":559056,"minecraft:deaths":4,"minecraft:jump":8344,"minecraft:walk_on_water_one_cm":7937,"minecraft:interact_with_furnace":162,"minecraft:sleep_in_bed":23,"minecraft:damage_dealt":2738,"minecraft:player_kills":1,"minecraft:crouch_one_cm":41110,"minecraft:interact_with_smoker":50,"minecraft:interact_with_smithing_table":1,"minecraft:mob_kills":135,"minecraft:damage_dealt_resisted":202,"minecraft:climb_one_cm":9331,"minecraft:walk_one_cm":1743131,"minecraft:damage_dealt_absorbed":80,"minecraft:sneak_time":11961,"minecraft:walk_under_water_one_cm":4281,"minecraft:boat_one_cm":252439,"minecraft:interact_with_blast_furnace":39,"minecraft:total_world_time":559056,"minecraft:tune_noteblock":1,"minecraft:time_since_rest":2488,"minecraft:damage_taken":4697,"minecraft:trigger_trapped_chest":81,"minecraft:swim_one_cm":21134,"minecraft:fly_one_cm":1945717,"minecraft:open_chest":770,"minecraft:fall_one_cm":172627},"minecraft:dropped":{"minecraft:iron_sword":3,"minecraft:porkchop":8,"hunting_delight:humanmeat":2,"minecraft:crossbow":3,"minecraft:iron_horse_armor":1,"minecraft:gold_block":16,"minecraft:dirt":1,"minecraft:stone_button":3,"minecraft:yellow_dye":2,"minecraft:cornflower":6,"minecraft:chain":1,"minecraft:sunflower":54,"minecraft:fishing_rod":1,"minecraft:white_wool":3,"cgm:shell":191,"minecraft:gold_ingot":2,"hunting_delight:cutlet":1,"additionalguns:desert_eagle":3,"minecraft:cobbled_deepslate":1,"minecraft:rotten_flesh":9,"additionalguns:bullet_short":128,"minecraft:music_disc_far":1,"minecraft:azure_bluet":6,"minecraft:poppy":8,"minecraft:gunpowder":2,"minecraft:charcoal":88,"taccraft:plate_carrier_helmet":1,"minecraft:arrow":4,"minecraft:netherrack":2,"minecraft:black_dye":2,"minecraft:iron_helmet":1,"hunting_delight:broken_bone":1196,"minecraft:spectral_arrow":18,"minecraft:coal":65,"minecraft:stick":5,"minecraft:oxeye_daisy":2,"minecraft:cobweb":38,"minecraft:gray_wool":6,"taccraft:flak_vest_chestplate":1,"taccraft:assault_vest_boots":1,"additionalguns:m1014":8,"minecraft:potion":1,"minecraft:iron_leggings":2,"hunting_delight:worm":26,"hunting_delight:huntingknife":2,"minecraft:string":27,"minecraft:smooth_sandstone":3,"additionalguns:scar":8,"minecraft:dandelion":20,"minecraft:redstone":1,"minecraft:kelp":1,"minecraft:nether_wart":29,"minecraft:blaze_rod":1,"minecraft:light_gray_wool":1,"minecraft:iron_boots":1,"minecraft:shield":1,"minecraft:diamond_chestplate":1,"minecraft:diamond_pickaxe":1,"minecraft:yellow_bed":1,"additionalguns:bullet_long":80,"minecraft:spider_eye":2,"minecraft:bow":8,"minecraft:stone_pickaxe":3,"minecraft:magma_cream":6},"minecraft:crafted":{"minecraft:black_dye":3,"minecraft:oak_planks":520,"minecraft:smooth_stone":31,"additionalguns:desert_eagle":2,"minecraft:stone":451,"minecraft:cooked_mutton":48,"minecraft:glass":58,"hunting_delight:sandwich":62,"minecraft:chest":38,"hunting_delight:cutlet":33,"minecraft:magenta_dye":4,"minecraft:stone_bricks":420,"minecraft:oak_fence":36,"additionalguns:m1014":7,"minecraft:item_frame":23,"minecraft:copper_ingot":79,"minecraft:gold_block":14,"minecraft:birch_planks":364,"minecraft:yellow_dye":2,"minecraft:emerald_block":6,"minecraft:stick":304,"minecraft:iron_ingot":128,"minecraft:iron_pickaxe":3,"minecraft:stone_sword":1,"minecraft:gold_ingot":11,"minecraft:birch_stairs":16,"minecraft:oak_door":3,"minecraft:iron_nugget":171,"minecraft:furnace":7,"minecraft:blast_furnace":4,"minecraft:bone_meal":156,"minecraft:leather":64,"minecraft:iron_axe":2,"minecraft:stone_pickaxe":4,"marbledsarsenal:katana":1,"minecraft:wheat":369,"minecraft:iron_sword":1,"minecraft:stone_axe":4,"minecraft:orange_dye":6,"minecraft:bread":126,"minecraft:air":0,"minecraft:blue_dye":5,"minecraft:oak_fence_gate":10,"minecraft:gold_nugget":162,"minecraft:white_dye":1,"minecraft:oak_stairs":44,"minecraft:iron_shovel":1,"hunting_delight:cookedhumanmeat":2,"minecraft:torch":100}},"DataVersion":3120}