{"stats":{"minecraft:crafted":{"minecraft:oak_planks":48,"gnumus:gnumus_cutlass":1,"minecraft:crafting_table":2,"minecraft:iron_helmet":1,"minecraft:wooden_pickaxe":1,"minecraft:iron_sword":1,"minecraft:air":0,"minecraft:bread":18,"gnumus:gnumus_pickaxe":1,"minecraft:iron_boots":1,"minecraft:iron_chestplate":1,"minecraft:shield":1,"minecraft:iron_pickaxe":1,"minecraft:iron_ingot":26,"minecraft:stick":16,"minecraft:stone_pickaxe":1,"minecraft:iron_leggings":1,"minecraft:stone_sword":1,"gnumus:pileof_gnumus_doubloons":3,"minecraft:torch":8,"minecraft:wheat":54},"minecraft:killed":{"gnumus:gnumus_hunter_not_dispawn":3,"gnumus:gnumus_shaman":1,"minecraft:zombie_villager":6,"minecraft:sheep":4,"gnumus:gnumus_worker":4,"minecraft:stray":13,"gnumus:pitcher_mousse":2},"minecraft:broken":{"minecraft:golden_shovel":1},"minecraft:picked_up":{"born_in_chaos_v1:corpse_maggot":1,"minecraft:crafting_table":2,"gnumus:gnumus_doubloons":19,"minecraft:feather":5,"minecraft:leather_leggings":1,"gnumus:overripe_carrot":10,"gnumus:gnumus_claw":18,"minecraft:golden_leggings":2,"gnumus:gnumus_cutlass":1,"artifacts:thorn_pendant":1,"gnumus:gnumus_pouch":7,"minecraft:flint":2,"minecraft:oak_log":18,"gnumus:gnumus_pickaxe":1,"minecraft:paper":9,"minecraft:raw_copper":4,"minecraft:string":1,"minecraft:dirt":75,"minecraft:wayfinder_armor_trim_smithing_template":1,"gnumus:gnumus_pouch_2":5,"minecraft:bone":11,"minecraft:apple":4,"minecraft:bow":2,"minecraft:wheat_seeds":6,"minecraft:rabbit_hide":2,"gnumus:packaged_goods":3,"minecraft:iron_ingot":2,"minecraft:stone_pickaxe":2,"minecraft:cooked_chicken":2,"minecraft:oak_planks":22,"minecraft:furnace":1,"minecraft:tipped_arrow":6,"minecraft:stick":7,"minecraft:raw_iron":26,"irons_spellbooks:frozen_bone":13,"minecraft:sweet_berries":2,"gnumus:juicy_meat":2,"minecraft:spyglass":1,"gnumus:gnumus_cheese":5,"minecraft:spruce_sapling":1,"gnumus:grilled_juicy_meat":5,"minecraft:golden_chestplate":1,"alexsmobs:animal_dictionary":2,"minecraft:mossy_cobblestone":1,"gnumus:wrapper_with_goods":3,"gnumus:vintage_metal":1,"minecraft:stone_sword":1,"minecraft:arrow":21,"gnumus:vintage_parts":1,"minecraft:rotten_flesh":9,"gnumus:gnumus_clay":20,"minecraft:stone_axe":1,"minecraft:hay_block":16,"minecraft:granite":1,"gnumus:gnumus_chickpeas":15,"minecraft:mossy_cobblestone_stairs":1,"minecraft:emerald":2,"gnumus:gnumus_pouch_3":1,"minecraft:oak_sapling":5,"gnumus:mouse_skin":8,"minecraft:mutton":13,"minecraft:snowball":13,"minecraft:coal":4,"minecraft:white_wool":8,"minecraft:cobblestone":16},"minecraft:mined":{"minecraft:mossy_cobblestone":1,"minecraft:brown_carpet":1,"minecraft:powder_snow":4,"minecraft:crafting_table":1,"minecraft:granite":1,"minecraft:grass_block":3,"minecraft:spruce_leaves":6,"minecraft:hay_block":10,"minecraft:coarse_dirt":1,"gnumus:scion_weed":1,"minecraft:mossy_cobblestone_stairs":1,"minecraft:iron_ore":22,"minecraft:grass":3,"minecraft:coal_ore":4,"minecraft:oak_log":6,"minecraft:dirt":37,"gnumus:fragile_gnumus_jug":7,"minecraft:stone":12,"minecraft:oak_leaves":18},"minecraft:used":{"minecraft:stone_sword":51,"minecraft:carved_pumpkin":1,"minecraft:snow_block":2,"minecraft:stone_pickaxe":40,"minecraft:oak_planks":2,"minecraft:shield":17,"minecraft:wooden_pickaxe":4,"minecraft:iron_sword":44,"minecraft:cooked_chicken":2,"minecraft:torch":3,"minecraft:mossy_cobblestone":1,"minecraft:dirt":29,"minecraft:spyglass":2,"minecraft:crafting_table":3,"gnumus:gnumus_cutlass":5,"minecraft:golden_shovel":32,"gnumus:gnumus_cheese":1,"minecraft:granite":1,"minecraft:mossy_cobblestone_stairs":1,"minecraft:bread":5,"minecraft:golden_leggings":1,"minecraft:stone_axe":9,"minecraft:bow":16,"minecraft:cooked_rabbit":18,"alexsmobs:animal_dictionary":1},"minecraft:killed_by":{"gnumus:gnumus_hunter_not_dispawn":1},"minecraft:custom":{"minecraft:interact_with_furnace":8,"minecraft:mob_kills":34,"minecraft:interact_with_crafting_table":15,"minecraft:open_barrel":10,"minecraft:time_since_death":43285,"minecraft:sleep_in_bed":2,"minecraft:climb_one_cm":7163,"minecraft:time_since_rest":430,"minecraft:sprint_one_cm":126727,"minecraft:damage_taken":1646,"minecraft:walk_one_cm":218353,"minecraft:damage_blocked_by_shield":1020,"minecraft:drop":50,"minecraft:damage_dealt":4024,"minecraft:swim_one_cm":16068,"minecraft:fly_one_cm":88237,"minecraft:open_chest":43,"minecraft:crouch_one_cm":2890,"minecraft:play_time":60053,"minecraft:deaths":1,"minecraft:sneak_time":1437,"minecraft:walk_under_water_one_cm":4165,"minecraft:jump":615,"minecraft:walk_on_water_one_cm":7317,"minecraft:total_world_time":60053,"minecraft:fall_one_cm":14454},"minecraft:dropped":{"minecraft:furnace":1,"gnumus:gnumus_cutlass":1,"minecraft:stone_axe":1,"minecraft:golden_chestplate":1,"minecraft:oak_log":6,"gnumus:overripe_carrot":7,"alexsmobs:animal_dictionary":1,"minecraft:crafting_table":1,"minecraft:cobblestone":5,"minecraft:wayfinder_armor_trim_smithing_template":2,"gnumus:gnumus_pickaxe":1,"minecraft:cod":1,"minecraft:stick":7,"minecraft:emerald":4,"minecraft:hay_block":4,"gnumus:gnumus_pouch_2":2,"minecraft:mutton":7,"gnumus:juicy_meat":2,"gnumus:gnumus_chickpeas":14,"minecraft:golden_leggings":2,"gnumus:gnumus_pouch":8,"minecraft:beef":1,"gnumus:gnumus_cheese":3,"minecraft:stone_pickaxe":1,"minecraft:wooden_pickaxe":1,"minecraft:firework_rocket":6}},"DataVersion":3465}