{"stats":{"minecraft:custom":{"minecraft:mob_kills":21,"minecraft:interact_with_crafting_table":26,"minecraft:open_barrel":4,"minecraft:leave_game":5,"minecraft:time_since_death":25067,"minecraft:climb_one_cm":7461,"minecraft:sprint_one_cm":276569,"minecraft:walk_one_cm":324730,"minecraft:drop":60,"minecraft:play_time":121620,"minecraft:sneak_time":4093,"minecraft:deaths":4,"minecraft:walk_under_water_one_cm":10607,"minecraft:jump":1794,"minecraft:walk_on_water_one_cm":21541,"minecraft:total_world_time":121620,"minecraft:interact_with_furnace":25,"minecraft:time_since_rest":29143,"minecraft:damage_taken":3134,"minecraft:damage_dealt":3001,"minecraft:swim_one_cm":32539,"minecraft:fly_one_cm":379854,"minecraft:open_chest":22,"minecraft:crouch_one_cm":10360,"minecraft:fall_one_cm":40214,"minecraft:inspect_dispenser":2},"minecraft:killed_by":{"call_of_yucutan:undead_warrior":2,"call_of_yucutan:blowgun_huracan":1,"minecraft:skeleton":1},"minecraft:dropped":{"minecraft:bread":1,"minecraft:oak_slab":6,"minecraft:wheat_seeds":5,"gnumus:overripe_carrot":2,"minecraft:glow_ink_sac":1,"minecraft:diamond":4,"minecraft:dripstone_block":7,"iceandfire:armor_copper_metal_chestplate":1,"call_of_yucutan:jade":5,"minecraft:leather":1,"minecraft:copper_ingot":6,"minecraft:stick":1,"minecraft:torch":1,"alexsmobs:leafcutter_ant_chamber":2,"alexsmobs:flying_fish":3,"minecraft:bone":5,"minecraft:furnace":1,"minecraft:golden_chestplate":1,"minecraft:stone_sword":1,"minecraft:raw_copper":6,"minecraft:bowl":2,"minecraft:rotten_flesh":2,"call_of_yucutan:polished_jade_block":5,"gnumus:gnumus_totem":1,"alexsmobs:leafcutter_ant_pupa":1,"minecraft:rabbit_hide":4,"gnumus:gnumus_clay":5,"gnumus:juicy_meat":5,"gnumus:gnumus_chickpeas":8,"minecraft:redstone_torch":2,"minecraft:stone_bricks":1,"minecraft:stone_pickaxe":1},"minecraft:used":{"minecraft:stone_sword":96,"minecraft:iron_sword":14,"minecraft:torch":10,"minecraft:dirt":11,"minecraft:granite":1,"minecraft:shroomlight":1,"call_of_yucutan:red_limestone_tiles":2,"call_of_yucutan:jade_tiles":2,"minecraft:rooted_dirt":4,"minecraft:packed_mud":1,"minecraft:stone_bricks":1,"call_of_yucutan:ritual_rocks":1,"minecraft:furnace":3,"minecraft:cooked_beef":6,"gnumus:grilled_juicy_meat":1,"call_of_yucutan:jades_chestplate":1,"minecraft:birch_planks":2,"minecraft:stone_pickaxe":176,"minecraft:wooden_pickaxe":21,"minecraft:brown_mushroom":5,"minecraft:cracked_stone_bricks":2,"minecraft:crafting_table":6,"minecraft:light_gray_terracotta":32,"minecraft:dripstone_block":2,"alexsmobs:leafcutter_ant_pupa":1,"minecraft:bread":32,"minecraft:iron_pickaxe":143,"minecraft:cobblestone":20,"minecraft:andesite":1},"minecraft:picked_up":{"call_of_yucutan:bone_torch":2,"minecraft:brown_mushroom":13,"minecraft:gold_block":1,"minecraft:string":4,"minecraft:raw_copper":36,"minecraft:shroomlight":1,"iceandfire:sea_serpent_scales_bronze":1,"minecraft:cracked_stone_bricks":2,"minecraft:cobbled_deepslate":5,"minecraft:redstone_torch":2,"minecraft:jungle_sapling":1,"minecraft:iron_pickaxe":1,"minecraft:raw_copper_block":35,"minecraft:furnace":1,"alexsmobs:leafcutter_ant_chamber":2,"minecraft:stick":8,"minecraft:raw_iron":34,"call_of_yucutan:mossy_ritual_rock_tiles":1,"minecraft:copper_ingot":6,"gnumus:juicy_meat":2,"minecraft:torch":1,"minecraft:bowl":2,"minecraft:redstone":10,"alexsmobs:leafcutter_ant_pupa":2,"minecraft:brown_carpet":2,"minecraft:stone_sword":1,"gnumus:pileof_gnumus_doubloons":2,"minecraft:rotten_flesh":2,"call_of_yucutan:polished_jade_block":6,"call_of_yucutan:jade_block":1,"minecraft:hay_block":14,"gnumus:gnumus_chickpeas":8,"call_of_yucutan:jade_tiles":2,"minecraft:cod":4,"alexsmobs:flying_fish":3,"minecraft:cobblestone":84,"minecraft:birch_log":2,"gnumus:gnumus_doubloons":4,"iceandfire:sea_serpent_fang":1,"minecraft:glow_ink_sac":1,"minecraft:andesite":1,"gnumus:overripe_carrot":7,"minecraft:leather":1,"call_of_yucutan:jade":18,"gnumus:gnumus_pouch":3,"minecraft:birch_planks":6,"minecraft:packed_mud":2,"call_of_yucutan:ritual_rocks":14,"minecraft:oak_log":7,"call_of_yucutan:mossy_ritual_rocks":1,"minecraft:dirt":24,"minecraft:bone":8,"minecraft:apple":1,"minecraft:stone_bricks":2,"minecraft:wheat_seeds":15,"minecraft:raw_gold":9,"minecraft:rabbit_hide":4,"minecraft:birch_wood":15,"minecraft:stone_pickaxe":1,"minecraft:oak_slab":6,"minecraft:sweet_berries":2,"minecraft:dripstone_block":9,"gnumus:gnumus_cheese":1,"gnumus:gnumus_hummus":1,"call_of_yucutan:red_limestone_tiles":2,"alexsmobs:animal_dictionary":1,"call_of_yucutan:elder_bone":6,"minecraft:light_gray_terracotta":86,"minecraft:diamond":4,"gnumus:gnumus_clay":25,"minecraft:granite":1,"minecraft:bread":64,"minecraft:rooted_dirt":4,"minecraft:coal":10,"iceandfire:raw_silver":14},"minecraft:killed":{"minecraft:skeleton":2,"gnumus:gnumus_worker":1,"alexsmobs:leafcutter_ant":5,"gnumus:pitcher_mousse":5,"alexsmobs:flying_fish":2,"call_of_yucutan:undead_warrior":4,"minecraft:zombie":1,"iceandfire:sea_serpent":1},"minecraft:crafted":{"call_of_yucutan:jades_chestplate":1,"minecraft:oak_planks":28,"gnumus:grilled_juicy_meat":1,"gnumus:gnumus_doubloons":18,"minecraft:furnace":3,"iceandfire:armor_copper_metal_leggings":1,"call_of_yucutan:jades_leggings":1,"iceandfire:armor_copper_metal_boots":1,"iceandfire:armor_copper_metal_helmet":1,"call_of_yucutan:jade":9,"minecraft:stone_pickaxe":2,"iceandfire:armor_copper_metal_chestplate":1,"minecraft:wheat":126,"minecraft:oak_slab":6,"minecraft:crafting_table":6,"minecraft:wooden_pickaxe":2,"minecraft:iron_sword":1,"call_of_yucutan:jades_boots":1,"minecraft:copper_ingot":24,"minecraft:birch_planks":52,"call_of_yucutan:jades_helmet":1,"minecraft:bread":42,"minecraft:air":0,"minecraft:stick":20,"minecraft:iron_ingot":7,"minecraft:iron_pickaxe":1,"minecraft:stone_sword":1,"minecraft:torch":32},"minecraft:mined":{"call_of_yucutan:bone_torch_wall":2,"call_of_yucutan:mossy_ritual_rocks":1,"minecraft:diamond_ore":4,"call_of_yucutan:jade_tiles":2,"iceandfire:silver_ore":14,"alexsmobs:leafcutter_anthill":2,"minecraft:jungle_leaves":3,"minecraft:granite":1,"minecraft:grass_block":10,"alexsmobs:leafcutter_ant_chamber":3,"minecraft:brown_mushroom_block":10,"minecraft:rooted_dirt":4,"minecraft:spawner":1,"minecraft:hay_block":14,"call_of_yucutan:jade_block":2,"minecraft:redstone_ore":1,"minecraft:furnace":1,"minecraft:packed_mud":1,"minecraft:iron_ore":30,"minecraft:fire":1,"minecraft:andesite":1,"minecraft:gold_block":1,"minecraft:shroomlight":1,"minecraft:vine":3,"call_of_yucutan:polished_ritual_rock":1,"call_of_yucutan:polished_jade_block":5,"gnumus:fragile_gnumus_jug":19,"minecraft:stone":74,"minecraft:brown_mushroom":2,"call_of_yucutan:red_limestone_tiles":2,"minecraft:brown_carpet":2,"call_of_yucutan:mossy_ritual_rock_tiles":1,"minecraft:light_gray_terracotta":56,"minecraft:dead_bush":3,"minecraft:tall_grass":4,"minecraft:copper_ore":10,"minecraft:cobblestone":1,"minecraft:birch_wood":7,"minecraft:wall_torch":1,"call_of_yucutan:jade_ore":17,"minecraft:birch_log":2,"call_of_yucutan:ritual_rocks":14,"minecraft:grass":21,"minecraft:oak_log":3,"minecraft:dirt":13,"minecraft:cracked_stone_bricks":2,"minecraft:raw_copper_block":35,"minecraft:stone_bricks":3,"minecraft:gold_ore":9,"minecraft:oak_leaves":17,"minecraft:deepslate":5}},"DataVersion":3465}