{"stats":{"minecraft:broken":{"minecraft:golden_helmet":1,"minecraft:iron_shovel":1,"taccraft:flak_vest_leggings":1,"minecraft:golden_chestplate":1,"minecraft:shield":1,"minecraft:iron_pickaxe":2,"minecraft:iron_helmet":1,"minecraft:wooden_hoe":1},"minecraft:killed":{"minecraft:witch":5,"minecraft:spider":17,"minecraft:skeleton":76,"minecraft:chicken":1,"minecraft:piglin_brute":1,"minecraft:piglin":24,"minecraft:pig":3,"minecraft:zombie_villager":2,"minecraft:salmon":1,"minecraft:creeper":98,"minecraft:sheep":35,"minecraft:pillager":54,"minecraft:zombie":161,"minecraft:ghast":4,"minecraft:blaze":3,"minecraft:cow":4,"minecraft:vex":15,"minecraft:evoker":5,"minecraft:vindicator":19,"minecraft:bat":1,"minecraft:ravager":4,"minecraft:hoglin":4,"minecraft:squid":1,"minecraft:wither_skeleton":4,"minecraft:enderman":1},"minecraft:killed_by":{"minecraft:wither_skeleton":1,"minecraft:creeper":7,"minecraft:ravager":1,"minecraft:vindicator":1,"minecraft:zombie":16,"minecraft:vex":1,"minecraft:player":1,"minecraft:spider":2,"minecraft:guardian":2},"minecraft:mined":{"minecraft:dark_oak_planks":27,"minecraft:stone_pressure_plate":2,"minecraft:white_bed":1,"minecraft:andesite_stairs":1,"minecraft:jungle_leaves":90,"minecraft:brewing_stand":1,"minecraft:obsidian":14,"minecraft:cave_vines_plant":1,"minecraft:granite":32,"minecraft:stone_brick_wall":1,"minecraft:grass_block":382,"minecraft:jungle_log":7,"minecraft:cracked_polished_blackstone_bricks":5,"minecraft:white_concrete":6,"minecraft:oak_pressure_plate":2,"minecraft:coal_block":3,"minecraft:crimson_fungus":1,"minecraft:nether_wart":30,"minecraft:spawner":22,"minecraft:polished_blackstone_bricks":41,"minecraft:smooth_stone":1,"minecraft:tall_seagrass":1,"minecraft:magma_block":3,"minecraft:glowstone":6,"minecraft:fire":1,"minecraft:iron_ore":58,"minecraft:sticky_piston":1,"minecraft:cobbled_deepslate":25,"minecraft:azure_bluet":1,"minecraft:iron_bars":9,"minecraft:spruce_pressure_plate":1,"minecraft:light_gray_concrete":5,"minecraft:cut_sandstone":11,"minecraft:cyan_terracotta":2,"minecraft:blackstone":10,"minecraft:soul_fire":2,"minecraft:smoker":1,"minecraft:orange_terracotta":1,"minecraft:torch":6,"minecraft:chest":1,"minecraft:nether_quartz_ore":1,"minecraft:cobblestone":46,"minecraft:oak_planks":2,"minecraft:smooth_sandstone_slab":12,"minecraft:amethyst_block":2,"minecraft:seagrass":1,"minecraft:lapis_block":2,"minecraft:wheat":249,"minecraft:tnt":9,"minecraft:orange_tulip":8,"minecraft:black_bed":1,"minecraft:stone_brick_stairs":1,"minecraft:wither_rose":4,"minecraft:cracked_deepslate_tiles":5,"minecraft:grass":142,"minecraft:oak_log":37,"minecraft:dirt":134,"minecraft:sand":34,"minecraft:netherrack":99,"minecraft:oak_leaves":22,"minecraft:deepslate":129,"minecraft:emerald_block":3,"minecraft:redstone_lamp":1,"minecraft:crying_obsidian":3,"horror_element_mod:blood_3":2,"minecraft:mossy_cobblestone":1,"minecraft:dark_oak_leaves":1,"minecraft:mangrove_roots":19,"minecraft:nether_bricks":8,"minecraft:ladder":1,"minecraft:allium":5,"minecraft:crimson_roots":1,"minecraft:redstone_wire":15,"minecraft:polished_andesite_slab":1,"minecraft:spruce_leaves":13,"minecraft:moss_block":6,"minecraft:sandstone":24,"cgm:workbench":1,"minecraft:large_fern":2,"minecraft:hay_block":120,"minecraft:redstone_ore":1,"minecraft:waxed_oxidized_cut_copper":1,"minecraft:carrots":9,"minecraft:jungle_sapling":4,"minecraft:polished_basalt":4,"minecraft:andesite":1,"minecraft:green_terracotta":2,"minecraft:black_concrete":8,"minecraft:nether_brick_fence":1,"minecraft:gold_block":22,"minecraft:polished_deepslate":2,"minecraft:deepslate_iron_ore":14,"minecraft:cobblestone_slab":4,"minecraft:vine":4,"minecraft:bamboo":1,"minecraft:white_tulip":3,"minecraft:stone":201,"minecraft:podzol":14,"horror_element_mod:sound_block":1,"minecraft:redstone_block":7,"minecraft:soul_sand":31,"minecraft:dandelion":3,"minecraft:basalt":2,"minecraft:stone_brick_slab":1,"minecraft:observer":2,"minecraft:smooth_sandstone":17,"minecraft:campfire":1,"minecraft:copper_ore":31,"minecraft:tall_grass":42,"minecraft:deepslate_gold_ore":5,"minecraft:cracked_deepslate_bricks":2,"minecraft:diorite":15,"minecraft:polished_blackstone_brick_stairs":2,"hunting_delight:wolfcorpse":1,"minecraft:birch_leaves":1,"minecraft:yellow_bed":3,"k_turrets:titanium_ore":22,"minecraft:coal_ore":53,"minecraft:cocoa":2,"minecraft:gravel":27,"minecraft:sunflower":17,"minecraft:dripstone_block":1,"minecraft:cobweb":12,"minecraft:polished_andesite":11,"minecraft:stone_bricks":4,"minecraft:gold_ore":3,"minecraft:iron_trapdoor":1},"minecraft:used":{"minecraft:music_disc_far":1,"minecraft:nether_brick_fence":1,"hunting_delight:cutlet":9,"minecraft:iron_shovel":462,"minecraft:polished_deepslate":3,"minecraft:diamond_hoe":37,"minecraft:shield":28,"minecraft:white_concrete_powder":7,"minecraft:chest":9,"minecraft:iron_sword":304,"minecraft:nether_bricks":4,"minecraft:carrot":9,"minecraft:music_disc_13":1,"minecraft:azure_bluet":1,"minecraft:obsidian":10,"minecraft:spruce_boat":1,"minecraft:jungle_sapling":4,"minecraft:music_disc_pigstep":1,"cgm:shotgun":298,"minecraft:birch_sapling":4,"minecraft:stone_bricks":3,"taccraft:flak_vest_chestplate":2,"minecraft:redstone_lamp":1,"minecraft:magma_block":1,"minecraft:mangrove_roots":4,"minecraft:diorite":6,"minecraft:oak_planks":10,"minecraft:stone_pickaxe":6,"minecraft:powered_rail":6,"minecraft:wooden_pickaxe":3,"minecraft:sandstone":6,"minecraft:jungle_boat":1,"hunting_delight:sandwich":21,"minecraft:stone_brick_wall":1,"minecraft:black_concrete_powder":8,"minecraft:black_bed":1,"minecraft:bread":69,"minecraft:oak_pressure_plate":1,"minecraft:gravel":8,"additionalguns:scar":894,"taccraft:flak_vest_boots":2,"minecraft:cobweb":12,"taccraft:flak_vest_leggings":1,"hunting_delight:huntingknife":38,"minecraft:oak_boat":1,"horror_element_mod:blood_3":1,"minecraft:bone_meal":471,"minecraft:music_disc_otherside":2,"hunting_delight:wolfcorpse":1,"minecraft:flint_and_steel":1,"minecraft:redstone":15,"minecraft:spruce_planks":48,"minecraft:stone_hoe":6,"minecraft:netherrack":81,"minecraft:oak_door":1,"minecraft:torch":89,"minecraft:dirt":582,"cgm:workbench":3,"hunting_delight:rawsquid":1,"additionalguns:akm":516,"minecraft:andesite_wall":1,"minecraft:dark_oak_planks":12,"minecraft:iron_axe":61,"hunting_delight:worm":6,"minecraft:totem_of_undying":2,"minecraft:barrel":1,"marbledsarsenal:katana":26,"minecraft:golden_carrot":6,"hunting_delight:tainted_flesh":1,"minecraft:cooked_beef":30,"hunting_delight:scrambled_eggs":2,"minecraft:cobbled_deepslate":136,"minecraft:wheat_seeds":285,"minecraft:cooked_mutton":38,"minecraft:water_bucket":19,"minecraft:birch_planks":2,"minecraft:polished_andesite":5,"minecraft:baked_potato":27,"horror_element_mod:slashed_skull":1,"taccraft:plate_carrier_helmet":1,"minecraft:cobblestone_slab":4,"minecraft:crafting_table":8,"hunting_delight:humanmeat":2,"minecraft:white_bed":1,"minecraft:light_gray_concrete_powder":5,"minecraft:wooden_hoe":61,"minecraft:diamond_pickaxe":373,"minecraft:cracked_polished_blackstone_bricks":3,"minecraft:sunflower":18,"minecraft:iron_pickaxe":684,"cgm:grenade":11,"minecraft:spruce_pressure_plate":1,"minecraft:stone_axe":3,"minecraft:cobblestone":146,"minecraft:potion":2,"minecraft:white_banner":1,"minecraft:cooked_porkchop":16,"minecraft:bucket":19,"minecraft:yellow_bed":2,"minecraft:dandelion":1,"minecraft:jukebox":1,"minecraft:smooth_stone":3},"minecraft:picked_up":{"hunting_delight:tainted_flesh":64,"minecraft:music_disc_strad":1,"hunting_delight:cutlet":63,"minecraft:iron_chestplate":1,"minecraft:wheat":282,"minecraft:nether_brick_fence":1,"minecraft:redstone_block":19,"minecraft:iron_trapdoor":1,"minecraft:oak_stairs":4,"minecraft:wither_rose":3,"minecraft:potion":2,"minecraft:stone_brick_stairs":1,"minecraft:brewing_stand":1,"minecraft:amethyst_block":4,"minecraft:lapis_block":4,"minecraft:polished_deepslate":9,"minecraft:polished_blackstone_brick_stairs":2,"minecraft:string":58,"minecraft:raw_copper":198,"horror_element_mod:blood_3":2,"minecraft:smooth_stone_slab":4,"minecraft:iron_leggings":2,"minecraft:sticky_piston":2,"hunting_delight:sheepcorpse":1,"minecraft:smooth_stone":7,"minecraft:cobbled_deepslate":186,"minecraft:bucket":3,"minecraft:spruce_planks":115,"minecraft:white_tulip":3,"minecraft:cobblestone_slab":7,"minecraft:iron_pickaxe":11,"minecraft:coal_block":57,"minecraft:iron_boots":1,"minecraft:golden_helmet":2,"minecraft:spruce_pressure_plate":1,"minecraft:stick":44,"minecraft:torch":61,"minecraft:porkchop":64,"minecraft:diorite":33,"minecraft:music_disc_pigstep":4,"minecraft:golden_chestplate":5,"minecraft:black_dye":2,"minecraft:andesite_wall":1,"minecraft:rotten_flesh":421,"minecraft:polished_basalt":4,"minecraft:mangrove_roots":49,"additionalguns:casing_heavy":1056,"hunting_delight:worm":60,"minecraft:blaze_rod":2,"minecraft:obsidian":41,"minecraft:iron_bars":14,"minecraft:cobblestone":399,"minecraft:birch_log":3,"minecraft:magma_cream":6,"minecraft:magma_block":3,"minecraft:leather_chestplate":1,"minecraft:feather":2,"minecraft:cooked_beef":95,"minecraft:andesite":1,"minecraft:jungle_log":7,"minecraft:black_bed":1,"minecraft:golden_leggings":1,"minecraft:potato":55,"minecraft:flint":4,"minecraft:skull_banner_pattern":2,"minecraft:tuff":2,"minecraft:dirt":967,"minecraft:polished_granite":4,"cgm:grenade":43,"minecraft:bone":516,"taccraft:assault_vest_boots":13,"minecraft:stonecutter":10,"minecraft:bow":12,"minecraft:wheat_seeds":718,"minecraft:orange_tulip":7,"horror_element_mod:sound_block":2,"minecraft:raw_gold":17,"hunting_delight:rawsquid":5,"minecraft:bamboo":12,"minecraft:glowstone_dust":39,"minecraft:powered_rail":6,"minecraft:moss_block":9,"minecraft:oak_planks":52,"minecraft:stone_hoe":1,"taccraft:flak_vest_boots":6,"minecraft:cooked_porkchop":18,"minecraft:music_disc_13":3,"minecraft:oak_pressure_plate":2,"minecraft:sand":34,"minecraft:spectral_arrow":18,"minecraft:ink_sac":5,"minecraft:barrel":1,"minecraft:mossy_cobblestone":1,"hunting_delight:animal_fat":262,"additionalguns:desert_eagle":1,"cgm:shell":1373,"minecraft:iron_hoe":1,"minecraft:light_gray_concrete":5,"minecraft:polished_andesite":11,"additionalguns:scar":11,"minecraft:sugar":9,"minecraft:diamond":20,"hunting_delight:huntingknife":11,"minecraft:black_concrete":8,"minecraft:soul_lantern":9,"additionalguns:akm":2,"minecraft:cracked_polished_blackstone_bricks":5,"minecraft:crossbow":8,"minecraft:granite":43,"minecraft:golden_apple":5,"minecraft:white_concrete":6,"minecraft:emerald":40,"minecraft:golden_horse_armor":1,"minecraft:bread":126,"minecraft:oak_sapling":6,"minecraft:netherrack":87,"minecraft:crimson_roots":1,"minecraft:diamond_pickaxe":2,"minecraft:charcoal":98,"minecraft:fishing_rod":3,"minecraft:cocoa_beans":7,"minecraft:crafting_table":1,"minecraft:allium":5,"minecraft:azure_bluet":2,"minecraft:chicken":2,"minecraft:ladder":7,"minecraft:nether_wart":136,"minecraft:clay_ball":14,"minecraft:redstone_lamp":1,"taccraft:flak_vest_chestplate":12,"minecraft:wooden_pickaxe":1,"minecraft:stone_brick_wall":1,"minecraft:gold_block":45,"minecraft:diamond_horse_armor":1,"minecraft:shield":6,"minecraft:iron_axe":5,"minecraft:flint_and_steel":2,"cgm:shotgun":5,"minecraft:iron_shovel":4,"minecraft:blackstone":9,"horror_element_mod:human_remains":8,"minecraft:music_disc_otherside":1,"minecraft:beef":25,"minecraft:andesite_stairs":1,"additionalguns:angled_grip":1,"minecraft:observer":2,"minecraft:jungle_sapling":12,"minecraft:iron_nugget":39,"minecraft:light_gray_wool":13,"minecraft:chest":2,"minecraft:birch_sapling":8,"minecraft:egg":13,"minecraft:raw_iron":169,"minecraft:sandstone":24,"minecraft:stone":2,"minecraft:oak_door":1,"minecraft:copper_ingot":26,"hunting_delight:humanmeat":52,"hunting_delight:cookedhumanmeat":1,"minecraft:polished_blackstone_bricks":39,"hunting_delight:sandwich":78,"marbledsarsenal:katana":2,"hunting_delight:chitin":6,"minecraft:carrot":80,"minecraft:redstone":22,"minecraft:iron_horse_armor":1,"minecraft:stone_pressure_plate":6,"minecraft:dark_oak_planks":118,"minecraft:smooth_sandstone_slab":14,"minecraft:tnt":9,"minecraft:diamond_chestplate":1,"minecraft:nether_bricks":12,"minecraft:arrow":103,"minecraft:golden_hoe":3,"k_turrets:raw_titanium":45,"hunting_delight:wolfcorpse":1,"minecraft:hay_block":200,"minecraft:cracked_deepslate_bricks":8,"minecraft:saddle":4,"minecraft:gold_ingot":16,"minecraft:totem_of_undying":3,"minecraft:glow_berries":3,"minecraft:mutton":212,"minecraft:skeleton_skull":23,"minecraft:white_wool":102,"minecraft:oxeye_daisy":2,"minecraft:cracked_deepslate_tiles":10,"minecraft:basalt":2,"additionalguns:bullet_heavy":1069,"minecraft:salmon":2,"minecraft:leather":58,"minecraft:cut_sandstone":11,"minecraft:yellow_dye":2,"additionalguns:bullet_long":1833,"minecraft:crimson_fungus":1,"minecraft:oak_log":46,"minecraft:golden_boots":1,"minecraft:yellow_bed":5,"minecraft:gunpowder":314,"additionalguns:casing_long":1459,"minecraft:white_banner":6,"minecraft:orange_terracotta":1,"minecraft:cooked_mutton":168,"minecraft:smooth_sandstone":17,"minecraft:apple":51,"minecraft:stone_bricks":13,"minecraft:music_disc_far":3,"minecraft:iron_ingot":114,"minecraft:stone_pickaxe":2,"minecraft:cobweb":11,"minecraft:glass_bottle":2,"minecraft:polished_andesite_slab":1,"hunting_delight:large_leather_bag":6,"minecraft:iron_sword":14,"minecraft:soul_sand":121,"minecraft:oak_slab":3,"minecraft:emerald_block":6,"minecraft:stone_brick_slab":1,"minecraft:quartz":1,"minecraft:dandelion":3,"minecraft:dripstone_block":2,"minecraft:gravel":32,"minecraft:lava_bucket":1,"hunting_delight:rot":1,"taccraft:flak_vest_leggings":13,"minecraft:spruce_sapling":1,"minecraft:white_bed":1,"minecraft:crying_obsidian":3,"minecraft:spider_eye":12,"hunting_delight:animal_fat_block":6,"minecraft:slime_ball":164,"minecraft:stone_axe":2,"hunting_delight:broken_bone":3036,"minecraft:gray_wool":35,"minecraft:black_wool":15,"cgm:workbench":2,"minecraft:coal":363,"taccraft:plate_carrier_helmet":11,"minecraft:sunflower":19},"minecraft:custom":{"minecraft:animals_bred":36,"minecraft:interact_with_crafting_table":71,"minecraft:open_barrel":101,"minecraft:bell_ring":11,"minecraft:leave_game":146,"minecraft:time_since_death":1897,"minecraft:sprint_one_cm":2437031,"minecraft:damage_blocked_by_shield":2243,"minecraft:drop":344,"minecraft:play_noteblock":14,"minecraft:talked_to_villager":1,"minecraft:play_time":916838,"minecraft:deaths":33,"minecraft:jump":13213,"minecraft:walk_on_water_one_cm":45753,"minecraft:interact_with_furnace":41,"minecraft:play_record":5,"minecraft:sleep_in_bed":35,"minecraft:damage_dealt":14111,"minecraft:player_kills":3,"minecraft:crouch_one_cm":52086,"minecraft:interact_with_smoker":68,"minecraft:mob_kills":593,"minecraft:damage_dealt_resisted":442,"minecraft:climb_one_cm":28184,"minecraft:walk_one_cm":2496859,"minecraft:damage_dealt_absorbed":240,"minecraft:raid_win":1,"minecraft:sneak_time":22306,"minecraft:walk_under_water_one_cm":37785,"minecraft:boat_one_cm":320838,"minecraft:interact_with_blast_furnace":35,"minecraft:total_world_time":916838,"minecraft:tune_noteblock":4,"minecraft:raid_trigger":1,"minecraft:time_since_rest":4077,"minecraft:damage_taken":20188,"minecraft:damage_absorbed":80,"minecraft:trigger_trapped_chest":151,"minecraft:swim_one_cm":136829,"minecraft:fly_one_cm":3266790,"minecraft:open_chest":530,"minecraft:fall_one_cm":289298},"minecraft:dropped":{"minecraft:iron_sword":3,"minecraft:soul_sand":61,"minecraft:oak_pressure_plate":1,"minecraft:glass_bottle":2,"hunting_delight:humanmeat":4,"minecraft:crossbow":3,"minecraft:orange_tulip":6,"minecraft:leather":2,"marbledsapi:steel_sheet":6,"minecraft:cracked_polished_blackstone_bricks":2,"minecraft:music_disc_13":1,"minecraft:emerald":1,"minecraft:dirt":6,"hunting_delight:sandwich":49,"hunting_delight:tainted_flesh":1,"minecraft:polished_blackstone_brick_stairs":2,"taccraft:flak_vest_boots":4,"minecraft:crimson_roots":1,"minecraft:jungle_sapling":4,"minecraft:bone_block":3,"minecraft:polished_blackstone_bricks":39,"hunting_delight:sheepcorpse":1,"minecraft:iron_pickaxe":1,"minecraft:white_wool":59,"cgm:shell":229,"hunting_delight:rot":1,"minecraft:bone":38,"minecraft:crimson_fungus":1,"hunting_delight:cutlet":1,"minecraft:stone_axe":1,"minecraft:blackstone":9,"minecraft:iron_nugget":19,"cgm:shotgun":2,"additionalguns:desert_eagle":1,"minecraft:cobbled_deepslate":6,"minecraft:wheat":18,"minecraft:birch_sapling":2,"minecraft:rotten_flesh":35,"minecraft:cooked_mutton":93,"minecraft:carrot":5,"minecraft:gunpowder":10,"minecraft:skull_banner_pattern":1,"minecraft:skeleton_skull":4,"minecraft:charcoal":47,"k_turrets:raw_titanium":2,"taccraft:plate_carrier_helmet":2,"minecraft:basalt":2,"minecraft:arrow":11,"minecraft:quartz":1,"hunting_delight:scrambled_eggs":2,"minecraft:netherrack":2,"minecraft:egg":2,"minecraft:iron_ingot":56,"minecraft:bread":8,"minecraft:wheat_seeds":1,"cgm:grenade":1,"minecraft:mossy_cobblestone":1,"minecraft:dripstone_block":2,"horror_element_mod:sound_block":2,"minecraft:cobblestone":59,"hunting_delight:broken_bone":207,"minecraft:music_disc_pigstep":1,"minecraft:coal":70,"minecraft:golden_apple":1,"minecraft:stick":1,"minecraft:lava_bucket":1,"minecraft:gray_wool":5,"taccraft:flak_vest_chestplate":2,"minecraft:diorite":2,"taccraft:assault_vest_boots":3,"taccraft:flak_vest_leggings":2,"minecraft:golden_hoe":1,"minecraft:stonecutter":10,"hunting_delight:worm":7,"minecraft:polished_basalt":4,"hunting_delight:animal_fat":69,"hunting_delight:huntingknife":1,"minecraft:string":3,"additionalguns:scar":5,"minecraft:redstone_block":6,"minecraft:polished_deepslate":2,"minecraft:raw_copper":74,"minecraft:sticky_piston":2,"minecraft:raw_iron":3,"minecraft:light_gray_wool":1,"minecraft:stone":2,"minecraft:shield":1,"minecraft:allium":4,"horror_element_mod:human_remains":8,"minecraft:yellow_bed":1,"minecraft:andesite_stairs":1,"minecraft:spider_eye":1,"minecraft:slime_ball":54,"minecraft:bow":2,"minecraft:stone_pickaxe":1},"minecraft:crafted":{"minecraft:black_dye":5,"minecraft:light_gray_concrete_powder":8,"minecraft:oak_planks":152,"minecraft:cooked_mutton":89,"additionalguns:scar":5,"hunting_delight:mini_bag":2,"hunting_delight:sandwich":124,"hunting_delight:animal_fat":54,"minecraft:chest":7,"marbledsapi:steel_ingot":4,"hunting_delight:stuffing":105,"hunting_delight:cutlet":99,"hunting_delight:scrambled_eggs":4,"minecraft:stone_hoe":1,"minecraft:magenta_dye":1,"minecraft:emerald":18,"minecraft:cooked_porkchop":20,"minecraft:crafting_table":7,"minecraft:jungle_boat":1,"minecraft:wooden_pickaxe":1,"minecraft:baked_potato":27,"taccraft:flak_vest_boots":3,"minecraft:copper_ingot":46,"hunting_delight:large_leather_bag":1,"minecraft:birch_planks":28,"marbledsapi:raw_steel":4,"minecraft:wooden_hoe":1,"minecraft:diamond_pickaxe":2,"minecraft:shield":1,"minecraft:stick":68,"minecraft:iron_ingot":44,"minecraft:iron_pickaxe":4,"minecraft:gold_ingot":36,"minecraft:light_gray_dye":4,"minecraft:shears":1,"minecraft:coal":81,"minecraft:jukebox":1,"minecraft:leather_boots":3,"minecraft:iron_nugget":450,"minecraft:bone_meal":508,"taccraft:nylon_cloth":10,"minecraft:flint_and_steel":1,"minecraft:white_concrete_powder":8,"minecraft:leather":28,"minecraft:black_concrete_powder":8,"minecraft:iron_axe":1,"minecraft:stone_pickaxe":1,"minecraft:spruce_boat":1,"hunting_delight:leather_bag":1,"cgm:workbench":1,"marbledsarsenal:katana":2,"minecraft:lead":4,"minecraft:wheat":207,"hunting_delight:huntingknife":3,"minecraft:cooked_beef":7,"minecraft:coal_block":8,"marbledsapi:steel_sheet":8,"hunting_delight:soaked_coal":40,"minecraft:bucket":1,"taccraft:nylon_stripe":20,"minecraft:orange_dye":1,"minecraft:air":0,"minecraft:bread":134,"minecraft:jungle_planks":28,"minecraft:blue_dye":1,"hunting_delight:medium_leather_bag":1,"minecraft:oak_boat":1,"minecraft:white_wool":1,"minecraft:gold_nugget":468,"minecraft:white_dye":51,"minecraft:iron_shovel":2,"hunting_delight:cookedhumanmeat":2,"minecraft:torch":128}},"DataVersion":3120}