{"stats":{"minecraft:killed":{"minecraft:squid":1,"minecraft:cow":3},"minecraft:mined":{"minecraft:seagrass":1,"minecraft:hay_block":23,"minecraft:tall_seagrass":1,"minecraft:grass":7,"minecraft:oak_log":5,"minecraft:coal_ore":18,"minecraft:oak_pressure_plate":1,"minecraft:tall_grass":5,"minecraft:stone":2},"minecraft:custom":{"minecraft:time_since_rest":8087,"minecraft:interact_with_furnace":4,"minecraft:sprint_one_cm":83552,"minecraft:damage_taken":410,"minecraft:walk_one_cm":48663,"minecraft:trigger_trapped_chest":1,"minecraft:mob_kills":6,"minecraft:drop":7,"minecraft:damage_dealt":683,"minecraft:swim_one_cm":12794,"minecraft:interact_with_crafting_table":1,"minecraft:fly_one_cm":143784,"minecraft:open_barrel":2,"minecraft:open_chest":5,"minecraft:play_time":22302,"minecraft:sneak_time":4,"minecraft:walk_under_water_one_cm":6125,"minecraft:jump":520,"minecraft:leave_game":1,"minecraft:walk_on_water_one_cm":4010,"minecraft:time_since_death":22302,"minecraft:sleep_in_bed":1,"minecraft:total_world_time":22302,"minecraft:climb_one_cm":641,"minecraft:fall_one_cm":14069},"minecraft:crafted":{"minecraft:black_dye":2,"minecraft:oak_planks":20,"minecraft:leather":28,"minecraft:leather_boots":2,"minecraft:crafting_table":1,"taccraft:flak_vest_boots":2,"minecraft:air":0},"minecraft:picked_up":{"taccraft:flak_vest_boots":3,"minecraft:cooked_beef":8,"hunting_delight:humanmeat":2,"minecraft:leather":5,"minecraft:oak_pressure_plate":1,"hunting_delight:rot":1,"minecraft:oak_log":5,"minecraft:ink_sac":2,"hunting_delight:animal_fat":5,"minecraft:rotten_flesh":33,"minecraft:wheat_seeds":2,"minecraft:hay_block":23,"minecraft:beef":5,"hunting_delight:broken_bone":18,"hunting_delight:rawsquid":1,"minecraft:light_gray_wool":1,"minecraft:coal":18,"minecraft:white_wool":1,"minecraft:cobblestone":2,"minecraft:egg":1},"minecraft:dropped":{"minecraft:iron_sword":1,"minecraft:skeleton_skull":4,"taccraft:flak_vest_boots":4,"hunting_delight:rot":1},"minecraft:used":{"minecraft:bread":8,"horror_element_mod:slashed_skull":1,"minecraft:iron_pickaxe":20,"minecraft:iron_sword":26,"minecraft:oak_pressure_plate":1,"taccraft:flak_vest_boots":1,"hunting_delight:humanmeat":2,"minecraft:cooked_beef":1}},"DataVersion":3120}