{"stats":{"minecraft:picked_up":{"minecraft:music_disc_strad":1,"minecraft:wheat":98,"minecraft:redstone_block":1,"minecraft:oak_stairs":4,"minecraft:wither_rose":3,"minecraft:brewing_stand":1,"minecraft:amethyst_block":4,"minecraft:lapis_block":4,"minecraft:polished_deepslate":3,"minecraft:string":16,"minecraft:raw_copper":51,"horror_element_mod:blood_3":2,"minecraft:sticky_piston":2,"minecraft:cobbled_deepslate":12,"minecraft:smooth_stone":3,"minecraft:iron_pickaxe":7,"minecraft:coal_block":7,"minecraft:golden_helmet":2,"minecraft:spruce_pressure_plate":1,"minecraft:stick":9,"minecraft:torch":36,"minecraft:porkchop":22,"minecraft:diorite":10,"minecraft:golden_chestplate":4,"minecraft:rotten_flesh":193,"minecraft:mangrove_roots":49,"hunting_delight:worm":49,"minecraft:obsidian":18,"minecraft:iron_bars":4,"minecraft:cobblestone":332,"minecraft:birch_log":3,"minecraft:magma_block":3,"minecraft:feather":2,"minecraft:cooked_beef":95,"minecraft:andesite":1,"minecraft:potato":54,"minecraft:flint":4,"minecraft:skull_banner_pattern":2,"minecraft:dirt":703,"cgm:grenade":20,"minecraft:bone":198,"taccraft:assault_vest_boots":3,"minecraft:stonecutter":10,"minecraft:bow":2,"minecraft:wheat_seeds":203,"horror_element_mod:sound_block":2,"hunting_delight:rawsquid":4,"minecraft:glowstone_dust":1,"minecraft:moss_block":9,"minecraft:stone_hoe":1,"minecraft:oak_planks":39,"taccraft:flak_vest_boots":6,"minecraft:cooked_porkchop":18,"minecraft:oak_pressure_plate":2,"minecraft:sand":19,"minecraft:ink_sac":5,"minecraft:mossy_cobblestone":1,"hunting_delight:animal_fat":182,"additionalguns:desert_eagle":1,"cgm:shell":827,"minecraft:light_gray_concrete":5,"minecraft:polished_andesite":5,"minecraft:sugar":2,"hunting_delight:huntingknife":5,"minecraft:soul_lantern":9,"minecraft:cracked_polished_blackstone_bricks":1,"minecraft:granite":42,"minecraft:golden_apple":2,"minecraft:white_concrete":6,"minecraft:bread":126,"minecraft:emerald":30,"minecraft:oak_sapling":5,"minecraft:charcoal":4,"minecraft:crafting_table":1,"minecraft:azure_bluet":2,"minecraft:chicken":2,"minecraft:ladder":3,"taccraft:flak_vest_chestplate":3,"minecraft:wooden_pickaxe":1,"minecraft:gold_block":11,"minecraft:shield":2,"minecraft:iron_axe":5,"minecraft:flint_and_steel":2,"cgm:shotgun":2,"minecraft:iron_shovel":4,"horror_element_mod:human_remains":8,"minecraft:beef":21,"minecraft:andesite_stairs":1,"minecraft:observer":2,"minecraft:iron_nugget":39,"minecraft:light_gray_wool":11,"minecraft:chest":1,"minecraft:birch_sapling":3,"minecraft:egg":12,"minecraft:raw_iron":67,"minecraft:stone":2,"minecraft:oak_door":1,"hunting_delight:humanmeat":44,"hunting_delight:chitin":5,"minecraft:carrot":72,"minecraft:redstone":21,"minecraft:stone_pressure_plate":5,"minecraft:dark_oak_planks":116,"minecraft:arrow":21,"minecraft:golden_hoe":3,"k_turrets:raw_titanium":40,"minecraft:hay_block":130,"hunting_delight:wolfcorpse":1,"minecraft:cracked_deepslate_bricks":8,"minecraft:gold_ingot":6,"minecraft:glow_berries":2,"minecraft:mutton":106,"minecraft:skeleton_skull":23,"minecraft:white_wool":28,"minecraft:cracked_deepslate_tiles":10,"minecraft:salmon":2,"minecraft:leather":56,"minecraft:oak_log":42,"minecraft:gunpowder":73,"minecraft:yellow_bed":5,"minecraft:cooked_mutton":34,"minecraft:apple":50,"minecraft:stone_bricks":3,"minecraft:iron_ingot":7,"minecraft:stone_pickaxe":1,"minecraft:glass_bottle":2,"hunting_delight:large_leather_bag":1,"minecraft:iron_sword":8,"minecraft:oak_slab":3,"minecraft:emerald_block":6,"minecraft:dandelion":1,"minecraft:dripstone_block":2,"minecraft:gravel":18,"hunting_delight:rot":1,"taccraft:flak_vest_leggings":3,"minecraft:white_bed":1,"minecraft:spider_eye":10,"hunting_delight:animal_fat_block":4,"minecraft:stone_axe":1,"hunting_delight:broken_bone":711,"minecraft:gray_wool":29,"minecraft:black_wool":15,"cgm:workbench":1,"minecraft:coal":70,"taccraft:plate_carrier_helmet":2,"minecraft:sunflower":17},"minecraft:killed_by":{"minecraft:creeper":4,"minecraft:zombie":14,"minecraft:spider":2},"minecraft:custom":{"minecraft:animals_bred":18,"minecraft:interact_with_crafting_table":35,"minecraft:open_barrel":9,"minecraft:leave_game":66,"minecraft:time_since_death":666,"minecraft:sprint_one_cm":1143610,"minecraft:damage_blocked_by_shield":1570,"minecraft:drop":83,"minecraft:play_time":414265,"minecraft:deaths":21,"minecraft:jump":7096,"minecraft:walk_on_water_one_cm":29504,"minecraft:interact_with_furnace":21,"minecraft:sleep_in_bed":19,"minecraft:damage_dealt":8666,"minecraft:player_kills":1,"minecraft:crouch_one_cm":23436,"minecraft:interact_with_smoker":27,"minecraft:mob_kills":117,"minecraft:damage_dealt_resisted":12,"minecraft:climb_one_cm":14652,"minecraft:walk_one_cm":1122620,"minecraft:damage_dealt_absorbed":40,"minecraft:sneak_time":10830,"minecraft:walk_under_water_one_cm":31857,"minecraft:interact_with_blast_furnace":26,"minecraft:total_world_time":414265,"minecraft:time_since_rest":694,"minecraft:damage_taken":10168,"minecraft:trigger_trapped_chest":79,"minecraft:swim_one_cm":111959,"minecraft:fly_one_cm":1848182,"minecraft:open_chest":161,"minecraft:fall_one_cm":157695},"minecraft:crafted":{"minecraft:black_dye":5,"minecraft:light_gray_concrete_powder":8,"minecraft:oak_planks":136,"minecraft:cooked_mutton":25,"hunting_delight:mini_bag":2,"hunting_delight:animal_fat":36,"minecraft:chest":5,"hunting_delight:scrambled_eggs":4,"minecraft:stone_hoe":1,"minecraft:emerald":18,"minecraft:cooked_porkchop":20,"minecraft:crafting_table":2,"minecraft:wooden_pickaxe":1,"taccraft:flak_vest_boots":3,"minecraft:copper_ingot":43,"hunting_delight:large_leather_bag":1,"minecraft:shield":1,"minecraft:stick":32,"minecraft:iron_ingot":37,"minecraft:iron_pickaxe":2,"minecraft:gold_ingot":36,"minecraft:light_gray_dye":1,"minecraft:shears":1,"minecraft:coal":54,"minecraft:leather_boots":3,"minecraft:bone_meal":179,"taccraft:nylon_cloth":10,"minecraft:white_concrete_powder":8,"minecraft:leather":28,"minecraft:iron_axe":1,"minecraft:stone_pickaxe":1,"hunting_delight:leather_bag":1,"cgm:workbench":1,"minecraft:lead":4,"hunting_delight:huntingknife":1,"minecraft:wheat":207,"minecraft:cooked_beef":7,"hunting_delight:soaked_coal":26,"taccraft:nylon_stripe":20,"minecraft:bread":64,"minecraft:air":0,"minecraft:blue_dye":1,"hunting_delight:medium_leather_bag":1,"minecraft:white_wool":1,"minecraft:gold_nugget":36,"minecraft:white_dye":51,"minecraft:iron_shovel":2,"minecraft:torch":52},"minecraft:broken":{"minecraft:golden_helmet":1,"minecraft:iron_shovel":1,"minecraft:golden_chestplate":1,"minecraft:iron_pickaxe":1},"minecraft:dropped":{"minecraft:iron_sword":1,"minecraft:oak_pressure_plate":1,"minecraft:glass_bottle":2,"hunting_delight:humanmeat":2,"minecraft:emerald":1,"minecraft:dirt":6,"hunting_delight:tainted_flesh":1,"taccraft:flak_vest_boots":4,"hunting_delight:rot":1,"minecraft:bone":23,"minecraft:iron_nugget":19,"additionalguns:desert_eagle":1,"minecraft:cobbled_deepslate":6,"minecraft:birch_sapling":2,"minecraft:rotten_flesh":15,"minecraft:cooked_mutton":11,"minecraft:skull_banner_pattern":1,"minecraft:skeleton_skull":4,"hunting_delight:scrambled_eggs":2,"minecraft:egg":2,"minecraft:bread":7,"minecraft:wheat_seeds":1,"cgm:grenade":1,"minecraft:mossy_cobblestone":1,"minecraft:dripstone_block":2,"horror_element_mod:sound_block":2,"minecraft:cobblestone":52,"minecraft:gray_wool":5,"minecraft:golden_hoe":1,"minecraft:stonecutter":10,"hunting_delight:worm":7,"hunting_delight:huntingknife":1,"hunting_delight:animal_fat":32,"minecraft:sticky_piston":2,"minecraft:raw_iron":3,"minecraft:light_gray_wool":1,"minecraft:stone":2,"horror_element_mod:human_remains":8,"minecraft:yellow_bed":1,"minecraft:andesite_stairs":1,"minecraft:spider_eye":1,"minecraft:bow":1},"minecraft:killed":{"minecraft:spider":7,"minecraft:skeleton":16,"minecraft:chicken":1,"minecraft:salmon":1,"minecraft:creeper":22,"minecraft:sheep":13,"minecraft:zombie":37,"minecraft:cow":3,"minecraft:squid":1},"minecraft:used":{"minecraft:iron_shovel":462,"minecraft:white_concrete_powder":7,"minecraft:chest":6,"minecraft:shield":17,"minecraft:iron_sword":224,"minecraft:azure_bluet":1,"cgm:shotgun":142,"minecraft:magma_block":1,"minecraft:mangrove_roots":4,"minecraft:diorite":5,"minecraft:oak_planks":10,"minecraft:stone_pickaxe":6,"minecraft:wooden_pickaxe":3,"minecraft:bread":52,"minecraft:oak_pressure_plate":1,"minecraft:gravel":2,"taccraft:flak_vest_boots":2,"hunting_delight:huntingknife":9,"minecraft:bone_meal":142,"minecraft:cobweb":12,"horror_element_mod:blood_3":1,"hunting_delight:wolfcorpse":1,"minecraft:redstone":15,"minecraft:stone_hoe":6,"minecraft:oak_door":1,"minecraft:torch":16,"minecraft:dirt":462,"cgm:workbench":2,"minecraft:dark_oak_planks":12,"minecraft:iron_axe":52,"hunting_delight:worm":4,"hunting_delight:scrambled_eggs":2,"minecraft:cooked_beef":30,"minecraft:cobbled_deepslate":1,"minecraft:wheat_seeds":63,"minecraft:cooked_mutton":4,"horror_element_mod:slashed_skull":1,"taccraft:plate_carrier_helmet":1,"minecraft:crafting_table":3,"hunting_delight:humanmeat":2,"minecraft:white_bed":1,"minecraft:light_gray_concrete_powder":5,"minecraft:cracked_polished_blackstone_bricks":1,"minecraft:sunflower":16,"minecraft:iron_pickaxe":493,"cgm:grenade":3,"minecraft:spruce_pressure_plate":1,"minecraft:stone_axe":3,"minecraft:cobblestone":132,"minecraft:potion":2,"minecraft:cooked_porkchop":16,"minecraft:yellow_bed":2,"minecraft:dandelion":1},"minecraft:mined":{"minecraft:dark_oak_planks":27,"minecraft:stone_pressure_plate":1,"minecraft:white_bed":1,"minecraft:andesite_stairs":1,"minecraft:brewing_stand":1,"minecraft:cave_vines_plant":1,"minecraft:granite":32,"minecraft:grass_block":348,"minecraft:cracked_polished_blackstone_bricks":1,"minecraft:white_concrete":6,"minecraft:oak_pressure_plate":2,"minecraft:coal_block":3,"minecraft:spawner":8,"minecraft:smooth_stone":1,"minecraft:tall_seagrass":1,"minecraft:magma_block":3,"minecraft:iron_ore":45,"minecraft:sticky_piston":1,"minecraft:cobbled_deepslate":3,"minecraft:azure_bluet":1,"minecraft:iron_bars":2,"minecraft:spruce_pressure_plate":1,"minecraft:light_gray_concrete":5,"minecraft:cyan_terracotta":2,"minecraft:smoker":1,"minecraft:torch":3,"minecraft:cobblestone":46,"minecraft:oak_planks":2,"minecraft:amethyst_block":2,"minecraft:seagrass":1,"minecraft:lapis_block":2,"minecraft:wheat":63,"minecraft:wither_rose":4,"minecraft:grass":104,"minecraft:cracked_deepslate_tiles":5,"minecraft:oak_log":33,"minecraft:sand":19,"minecraft:dirt":128,"minecraft:oak_leaves":4,"minecraft:deepslate":4,"minecraft:emerald_block":3,"horror_element_mod:blood_3":2,"minecraft:mossy_cobblestone":1,"minecraft:dark_oak_leaves":1,"minecraft:mangrove_roots":19,"minecraft:redstone_wire":15,"minecraft:moss_block":6,"cgm:workbench":1,"minecraft:large_fern":2,"minecraft:hay_block":85,"minecraft:redstone_ore":1,"minecraft:waxed_oxidized_cut_copper":1,"minecraft:carrots":9,"minecraft:green_terracotta":2,"minecraft:andesite":1,"minecraft:gold_block":4,"minecraft:polished_deepslate":1,"minecraft:deepslate_iron_ore":6,"minecraft:stone":174,"minecraft:podzol":14,"horror_element_mod:sound_block":1,"minecraft:redstone_block":1,"minecraft:observer":2,"minecraft:dandelion":1,"minecraft:campfire":1,"minecraft:tall_grass":35,"minecraft:copper_ore":15,"minecraft:cracked_deepslate_bricks":2,"minecraft:diorite":11,"hunting_delight:wolfcorpse":1,"minecraft:birch_leaves":1,"minecraft:yellow_bed":3,"k_turrets:titanium_ore":20,"minecraft:coal_ore":53,"minecraft:sunflower":15,"minecraft:gravel":20,"minecraft:dripstone_block":1,"minecraft:cobweb":12,"minecraft:polished_andesite":5,"minecraft:stone_bricks":3}},"DataVersion":3120}