{"stats":{"minecraft:killed":{"minecraft:skeleton":117,"minecraft:chicken":2,"minecraft:salmon":1,"minecraft:pillager":82,"minecraft:zombie":196,"minecraft:cow":4,"minecraft:evoker":7,"minecraft:vindicator":32,"minecraft:horse":1,"minecraft:ravager":6,"minecraft:enderman":2,"minecraft:witch":10,"minecraft:spider":30,"minecraft:piglin_brute":1,"minecraft:piglin":24,"minecraft:pig":3,"minecraft:zombie_villager":2,"minecraft:creeper":152,"minecraft:sheep":37,"minecraft:ghast":6,"minecraft:blaze":13,"minecraft:vex":43,"minecraft:bat":1,"minecraft:hoglin":4,"minecraft:squid":8,"minecraft:wither_skeleton":7},"minecraft:custom":{"minecraft:interact_with_crafting_table":80,"minecraft:open_barrel":101,"minecraft:bell_ring":14,"minecraft:leave_game":148,"minecraft:time_since_death":22829,"minecraft:damage_blocked_by_shield":2243,"minecraft:play_time":1063478,"minecraft:deaths":37,"minecraft:jump":15468,"minecraft:interact_with_furnace":43,"minecraft:play_record":5,"minecraft:sleep_in_bed":44,"minecraft:damage_dealt":14793,"minecraft:interact_with_smoker":68,"minecraft:damage_dealt_absorbed":441,"minecraft:sneak_time":26616,"minecraft:interact_with_blast_furnace":48,"minecraft:total_world_time":1063478,"minecraft:tune_noteblock":4,"minecraft:time_since_rest":15389,"minecraft:swim_one_cm":173864,"minecraft:fly_one_cm":4033185,"minecraft:open_chest":718,"minecraft:fall_one_cm":330336,"minecraft:animals_bred":36,"minecraft:sprint_one_cm":2951870,"minecraft:drop":457,"minecraft:play_noteblock":14,"minecraft:talked_to_villager":1,"minecraft:walk_on_water_one_cm":55597,"minecraft:player_kills":3,"minecraft:crouch_one_cm":65047,"minecraft:mob_kills":853,"minecraft:damage_dealt_resisted":1850,"minecraft:climb_one_cm":30785,"minecraft:walk_one_cm":2880912,"minecraft:raid_win":1,"minecraft:walk_under_water_one_cm":43762,"minecraft:boat_one_cm":320838,"minecraft:raid_trigger":2,"minecraft:damage_taken":23419,"minecraft:damage_absorbed":80,"minecraft:trigger_trapped_chest":153},"minecraft:mined":{"minecraft:dark_oak_planks":27,"minecraft:white_bed":1,"minecraft:jungle_leaves":235,"minecraft:obsidian":14,"minecraft:granite":32,"minecraft:stone_brick_wall":1,"minecraft:jungle_log":64,"minecraft:oak_pressure_plate":2,"minecraft:coal_block":3,"minecraft:crimson_fungus":1,"minecraft:nether_wart":30,"minecraft:oxeye_daisy":3,"minecraft:spawner":22,"minecraft:polished_blackstone_bricks":41,"minecraft:tall_seagrass":1,"minecraft:magma_block":3,"minecraft:cobbled_deepslate":25,"minecraft:sticky_piston":1,"minecraft:fire":4,"minecraft:spruce_pressure_plate":1,"minecraft:light_gray_concrete":5,"minecraft:blue_orchid":9,"minecraft:cut_sandstone":11,"minecraft:smoker":1,"minecraft:soul_fire":2,"minecraft:torch":6,"minecraft:dead_bush":2,"minecraft:smooth_sandstone_slab":12,"minecraft:amethyst_block":2,"minecraft:wheat":249,"minecraft:black_bed":1,"minecraft:wither_rose":4,"minecraft:stone_brick_stairs":1,"minecraft:grass":153,"minecraft:deepslate":129,"horror_element_mod:blood_3":2,"minecraft:mossy_cobblestone":1,"minecraft:nether_bricks":8,"minecraft:allium":5,"minecraft:crimson_roots":1,"minecraft:redstone_wire":15,"minecraft:moss_block":6,"minecraft:redstone_ore":1,"minecraft:waxed_oxidized_cut_copper":1,"minecraft:jungle_sapling":4,"minecraft:green_terracotta":2,"minecraft:andesite":1,"minecraft:cobblestone_slab":4,"minecraft:vine":4,"minecraft:bamboo":1,"minecraft:redstone_block":7,"minecraft:gray_concrete":32,"minecraft:soul_sand":31,"minecraft:stone_brick_slab":1,"minecraft:observer":2,"minecraft:dandelion":3,"minecraft:smooth_sandstone":17,"minecraft:campfire":1,"minecraft:tall_grass":45,"minecraft:copper_ore":51,"minecraft:deepslate_gold_ore":5,"minecraft:cracked_deepslate_bricks":2,"minecraft:diorite":15,"minecraft:birch_leaves":1,"minecraft:sunflower":17,"minecraft:gravel":27,"minecraft:dripstone_block":1,"minecraft:cobweb":12,"minecraft:stone_bricks":4,"minecraft:gold_ore":3,"minecraft:iron_trapdoor":1,"minecraft:stone_pressure_plate":2,"minecraft:andesite_stairs":1,"minecraft:brewing_stand":1,"minecraft:cave_vines_plant":1,"minecraft:grass_block":392,"minecraft:cracked_polished_blackstone_bricks":5,"minecraft:white_concrete":7,"minecraft:smooth_stone":2,"minecraft:glowstone":6,"minecraft:iron_ore":63,"minecraft:azure_bluet":2,"minecraft:iron_bars":9,"minecraft:cyan_terracotta":2,"minecraft:blackstone":10,"minecraft:orange_terracotta":1,"minecraft:chest":1,"minecraft:nether_quartz_ore":1,"minecraft:cobblestone":49,"minecraft:oak_planks":2,"minecraft:seagrass":1,"minecraft:lapis_block":2,"minecraft:orange_tulip":8,"minecraft:tnt":11,"minecraft:cracked_deepslate_tiles":5,"minecraft:oak_log":37,"minecraft:sand":75,"minecraft:dirt":160,"minecraft:netherrack":110,"minecraft:oak_leaves":22,"minecraft:emerald_block":3,"minecraft:redstone_lamp":1,"minecraft:crying_obsidian":3,"minecraft:dark_oak_leaves":1,"minecraft:mangrove_roots":19,"minecraft:ladder":1,"minecraft:polished_andesite_slab":1,"minecraft:spruce_leaves":13,"minecraft:sandstone":24,"cgm:workbench":1,"minecraft:large_fern":2,"minecraft:hay_block":120,"minecraft:carrots":9,"minecraft:polished_basalt":4,"minecraft:black_concrete":8,"minecraft:gold_block":25,"minecraft:polished_deepslate":2,"minecraft:nether_brick_fence":1,"minecraft:deepslate_iron_ore":14,"minecraft:stone":213,"minecraft:white_tulip":3,"minecraft:podzol":14,"horror_element_mod:sound_block":1,"minecraft:basalt":2,"minecraft:polished_blackstone_brick_stairs":2,"hunting_delight:wolfcorpse":1,"minecraft:yellow_bed":3,"k_turrets:titanium_ore":22,"minecraft:coal_ore":53,"minecraft:cocoa":2,"minecraft:polished_andesite":11},"minecraft:crafted":{"minecraft:black_dye":18,"minecraft:light_gray_concrete_powder":8,"minecraft:blaze_powder":2,"minecraft:cooked_mutton":89,"minecraft:iron_bars":16,"minecraft:glass":8,"hunting_delight:mini_bag":2,"hunting_delight:sandwich":124,"minecraft:magenta_dye":1,"minecraft:emerald":18,"minecraft:cooked_porkchop":20,"minecraft:jungle_boat":1,"minecraft:copper_ingot":255,"marbledsapi:raw_steel":4,"minecraft:wooden_hoe":1,"minecraft:iron_pickaxe":4,"minecraft:gold_ingot":36,"minecraft:light_gray_dye":8,"minecraft:fire_charge":3,"minecraft:jukebox":1,"minecraft:iron_nugget":531,"minecraft:bone_meal":674,"taccraft:nylon_cloth":10,"minecraft:black_concrete_powder":8,"minecraft:stone_pickaxe":1,"minecraft:spruce_boat":1,"hunting_delight:leather_bag":1,"minecraft:lead":4,"marbledsarsenal:katana":2,"minecraft:wheat":207,"minecraft:coal_block":8,"marbledsapi:steel_sheet":8,"hunting_delight:soaked_coal":40,"minecraft:gray_concrete_powder":32,"minecraft:orange_dye":1,"hunting_delight:medium_leather_bag":1,"minecraft:iron_shovel":2,"minecraft:oak_planks":152,"additionalguns:scar":8,"hunting_delight:animal_fat":54,"minecraft:chest":7,"marbledsapi:steel_ingot":4,"hunting_delight:stuffing":105,"hunting_delight:cutlet":99,"hunting_delight:scrambled_eggs":4,"minecraft:stone_hoe":1,"minecraft:crafting_table":7,"minecraft:wooden_pickaxe":1,"minecraft:baked_potato":27,"taccraft:flak_vest_boots":3,"hunting_delight:large_leather_bag":1,"minecraft:birch_planks":28,"minecraft:diamond_pickaxe":2,"minecraft:shield":1,"minecraft:stick":68,"minecraft:iron_ingot":44,"minecraft:shears":3,"minecraft:redstone":63,"minecraft:coal":81,"minecraft:leather_boots":3,"minecraft:gray_dye":20,"minecraft:glass_pane":16,"minecraft:flint_and_steel":1,"minecraft:white_concrete_powder":8,"minecraft:leather":28,"minecraft:iron_axe":2,"cgm:short_scope":2,"cgm:workbench":1,"hunting_delight:huntingknife":3,"minecraft:cooked_beef":7,"minecraft:bucket":1,"taccraft:nylon_stripe":20,"minecraft:air":0,"minecraft:bread":134,"minecraft:jungle_planks":28,"minecraft:blue_dye":1,"minecraft:oak_boat":1,"minecraft:white_wool":1,"minecraft:gold_nugget":468,"minecraft:white_dye":66,"hunting_delight:cookedhumanmeat":2,"minecraft:torch":128},"minecraft:killed_by":{"minecraft:ravager":1,"minecraft:vindicator":1,"minecraft:zombie":16,"minecraft:vex":5,"minecraft:guardian":2,"minecraft:wither_skeleton":1,"minecraft:creeper":7,"minecraft:player":1,"minecraft:spider":2},"minecraft:broken":{"minecraft:shield":1,"minecraft:iron_pickaxe":2,"minecraft:iron_helmet":1,"minecraft:wooden_hoe":1,"minecraft:golden_helmet":1,"minecraft:iron_shovel":1,"taccraft:flak_vest_leggings":1,"minecraft:golden_chestplate":1},"minecraft:picked_up":{"minecraft:iron_chestplate":1,"hunting_delight:cutlet":63,"cgm:basic_bullet":128,"minecraft:oak_stairs":40,"minecraft:wither_rose":3,"minecraft:brewing_stand":1,"minecraft:amethyst_block":4,"minecraft:polished_blackstone_brick_stairs":2,"minecraft:polished_deepslate":9,"minecraft:string":68,"hunting_delight:sheepcorpse":1,"minecraft:cobbled_deepslate":186,"minecraft:spruce_planks":115,"minecraft:coal_block":57,"cgm:advanced_bullet":2807,"minecraft:spruce_pressure_plate":1,"minecraft:golden_helmet":2,"minecraft:golden_chestplate":5,"minecraft:black_dye":2,"minecraft:polished_basalt":4,"minecraft:blaze_rod":8,"minecraft:iron_bars":14,"minecraft:birch_log":3,"minecraft:magma_block":3,"minecraft:cooked_beef":95,"minecraft:feather":2,"minecraft:jungle_log":64,"minecraft:flint":4,"minecraft:gray_concrete":32,"taccraft:assault_vest_boots":14,"minecraft:stonecutter":10,"horror_element_mod:sound_block":2,"minecraft:glowstone_dust":39,"minecraft:moss_block":9,"taccraft:flak_vest_boots":6,"minecraft:ink_sac":18,"minecraft:barrel":1,"additionalguns:desert_eagle":1,"minecraft:iron_hoe":1,"minecraft:polished_andesite":11,"cgm:stun_grenade":2,"hunting_delight:huntingknife":13,"minecraft:granite":43,"minecraft:golden_horse_armor":1,"minecraft:chainmail_helmet":1,"minecraft:bread":126,"minecraft:diamond_pickaxe":5,"minecraft:crimson_roots":1,"minecraft:crafting_table":1,"minecraft:clay_ball":14,"minecraft:nether_wart":136,"minecraft:redstone_lamp":1,"minecraft:flint_and_steel":2,"cgm:shotgun":5,"minecraft:iron_shovel":7,"minecraft:music_disc_otherside":1,"minecraft:beef":25,"minecraft:jungle_sapling":14,"minecraft:iron_nugget":39,"minecraft:chest":6,"minecraft:birch_sapling":8,"minecraft:egg":15,"minecraft:sandstone":24,"minecraft:stone":2,"minecraft:oak_door":2,"hunting_delight:humanmeat":62,"marbledsarsenal:katana":2,"minecraft:carrot":81,"minecraft:redstone":22,"minecraft:tnt":13,"minecraft:diamond_chestplate":3,"minecraft:shears":4,"minecraft:hay_block":200,"hunting_delight:wolfcorpse":1,"minecraft:cracked_deepslate_bricks":8,"projectarsenal:skeletongrip":1,"minecraft:gold_ingot":16,"minecraft:totem_of_undying":5,"minecraft:glow_berries":3,"minecraft:mutton":213,"minecraft:white_wool":104,"minecraft:oxeye_daisy":5,"additionalguns:bullet_heavy":1069,"minecraft:yellow_dye":2,"minecraft:oak_log":46,"minecraft:golden_boots":1,"additionalguns:casing_long":1459,"minecraft:white_banner":16,"minecraft:apple":51,"minecraft:stone_bricks":14,"minecraft:oak_fence_gate":2,"minecraft:music_disc_far":3,"minecraft:stone_pickaxe":2,"minecraft:cobweb":11,"minecraft:glass_bottle":2,"minecraft:iron_sword":18,"minecraft:gravel":32,"minecraft:spruce_sapling":1,"minecraft:crying_obsidian":3,"minecraft:slime_ball":164,"minecraft:stone_axe":2,"hunting_delight:broken_bone":4110,"minecraft:gray_wool":35,"taccraft:plate_carrier_helmet":11,"minecraft:ender_pearl":1,"hunting_delight:tainted_flesh":151,"minecraft:music_disc_strad":1,"minecraft:wheat":282,"minecraft:iron_trapdoor":1,"minecraft:redstone_block":19,"minecraft:nether_brick_fence":1,"minecraft:potion":2,"minecraft:stone_brick_stairs":1,"minecraft:lapis_block":4,"minecraft:raw_copper":264,"minecraft:smooth_stone_slab":4,"horror_element_mod:blood_3":2,"minecraft:iron_leggings":4,"minecraft:sticky_piston":2,"minecraft:smooth_stone":8,"minecraft:bucket":3,"cgm:short_scope":1,"minecraft:white_tulip":3,"minecraft:cobblestone_slab":7,"minecraft:iron_pickaxe":11,"minecraft:iron_boots":3,"minecraft:stick":89,"minecraft:oak_fence":6,"minecraft:torch":62,"minecraft:porkchop":64,"minecraft:music_disc_pigstep":4,"minecraft:diorite":34,"minecraft:andesite_wall":1,"minecraft:rotten_flesh":459,"projectarsenal:arx160":6,"minecraft:mangrove_roots":49,"additionalguns:casing_heavy":1056,"hunting_delight:worm":62,"minecraft:obsidian":41,"minecraft:cobblestone":441,"minecraft:leather_chestplate":1,"minecraft:magma_cream":6,"minecraft:andesite":1,"minecraft:black_bed":1,"minecraft:golden_leggings":1,"minecraft:potato":56,"minecraft:skull_banner_pattern":2,"minecraft:tuff":2,"minecraft:dirt":1052,"minecraft:polished_granite":4,"cgm:grenade":43,"additionalguns:zerkalo_scope":1,"minecraft:bone":589,"minecraft:bow":18,"minecraft:orange_tulip":7,"minecraft:wheat_seeds":719,"minecraft:raw_gold":17,"hunting_delight:rawsquid":11,"minecraft:bamboo":12,"minecraft:powered_rail":6,"minecraft:oak_planks":61,"minecraft:stone_hoe":1,"minecraft:cooked_porkchop":18,"minecraft:music_disc_13":3,"minecraft:oak_pressure_plate":2,"minecraft:sand":69,"minecraft:dead_bush":1,"minecraft:spectral_arrow":18,"minecraft:mossy_cobblestone":1,"hunting_delight:animal_fat":263,"minecraft:jungle_leaves":126,"cgm:shell":1373,"minecraft:light_gray_concrete":5,"additionalguns:scar":14,"minecraft:sugar":9,"minecraft:diamond":20,"minecraft:black_concrete":8,"minecraft:soul_lantern":9,"minecraft:cracked_polished_blackstone_bricks":5,"additionalguns:akm":2,"minecraft:crossbow":15,"minecraft:golden_apple":5,"minecraft:white_concrete":7,"minecraft:emerald":58,"minecraft:oak_sapling":6,"minecraft:netherrack":100,"minecraft:fishing_rod":3,"minecraft:cocoa_beans":7,"minecraft:charcoal":98,"minecraft:allium":5,"minecraft:azure_bluet":3,"minecraft:chicken":2,"minecraft:ladder":8,"taccraft:flak_vest_chestplate":12,"minecraft:wooden_pickaxe":1,"minecraft:stone_brick_wall":1,"minecraft:gold_block":48,"minecraft:diamond_horse_armor":1,"minecraft:shield":6,"minecraft:iron_axe":12,"minecraft:item_frame":4,"minecraft:blackstone":9,"minecraft:blue_orchid":9,"horror_element_mod:human_remains":8,"minecraft:andesite_stairs":1,"additionalguns:angled_grip":1,"minecraft:observer":3,"minecraft:light_gray_wool":13,"minecraft:raw_iron":174,"minecraft:copper_ingot":26,"hunting_delight:cookedhumanmeat":1,"minecraft:polished_blackstone_bricks":39,"hunting_delight:sandwich":90,"hunting_delight:chitin":11,"minecraft:iron_horse_armor":1,"minecraft:stone_pressure_plate":6,"minecraft:dark_oak_planks":118,"minecraft:smooth_sandstone_slab":14,"minecraft:arrow":132,"minecraft:golden_hoe":3,"minecraft:nether_bricks":12,"k_turrets:raw_titanium":45,"minecraft:saddle":6,"minecraft:skeleton_skull":23,"minecraft:cracked_deepslate_tiles":10,"minecraft:basalt":2,"minecraft:salmon":2,"minecraft:cut_sandstone":11,"minecraft:leather":58,"additionalguns:bullet_long":1849,"minecraft:birch_planks":4,"minecraft:crimson_fungus":1,"minecraft:chainmail_chestplate":2,"minecraft:yellow_bed":5,"minecraft:gunpowder":454,"minecraft:orange_terracotta":1,"minecraft:cooked_mutton":168,"minecraft:smooth_sandstone":17,"minecraft:iron_ingot":115,"minecraft:polished_andesite_slab":1,"hunting_delight:large_leather_bag":6,"minecraft:soul_sand":121,"minecraft:scaffolding":4,"minecraft:oak_slab":3,"minecraft:emerald_block":6,"minecraft:stone_brick_slab":1,"minecraft:quartz":1,"minecraft:dandelion":3,"minecraft:dripstone_block":2,"minecraft:lava_bucket":1,"hunting_delight:rot":1,"taccraft:flak_vest_leggings":13,"minecraft:white_bed":1,"minecraft:spider_eye":20,"hunting_delight:animal_fat_block":6,"minecraft:iron_helmet":2,"minecraft:black_wool":15,"minecraft:coal":365,"cgm:workbench":2,"minecraft:sunflower":19},"minecraft:dropped":{"minecraft:iron_sword":3,"minecraft:oak_pressure_plate":1,"minecraft:glass_bottle":2,"hunting_delight:humanmeat":6,"minecraft:orange_tulip":6,"minecraft:crossbow":3,"marbledsapi:steel_sheet":6,"minecraft:emerald":1,"minecraft:dirt":14,"taccraft:flak_vest_boots":4,"minecraft:jungle_sapling":4,"minecraft:bone_block":3,"hunting_delight:sheepcorpse":1,"minecraft:iron_pickaxe":1,"minecraft:white_wool":59,"cgm:shell":229,"hunting_delight:rot":1,"minecraft:bone":132,"minecraft:stone_axe":1,"minecraft:iron_nugget":19,"minecraft:cobbled_deepslate":6,"additionalguns:desert_eagle":1,"minecraft:birch_sapling":2,"minecraft:wheat":18,"minecraft:rotten_flesh":63,"minecraft:glowstone_dust":15,"minecraft:skull_banner_pattern":1,"minecraft:coal_ore":64,"minecraft:charcoal":47,"taccraft:plate_carrier_helmet":2,"k_turrets:raw_titanium":2,"minecraft:egg":2,"minecraft:iron_ingot":57,"minecraft:wheat_seeds":2,"minecraft:dripstone_block":2,"hunting_delight:broken_bone":474,"minecraft:cobblestone":149,"minecraft:music_disc_pigstep":1,"minecraft:chainmail_helmet":1,"minecraft:coal":70,"minecraft:golden_apple":1,"minecraft:lava_bucket":1,"minecraft:gray_wool":5,"taccraft:flak_vest_chestplate":2,"minecraft:golden_hoe":1,"hunting_delight:worm":9,"hunting_delight:animal_fat":69,"minecraft:string":13,"minecraft:sticky_piston":2,"minecraft:stone":2,"minecraft:allium":4,"minecraft:yellow_bed":1,"minecraft:andesite_stairs":1,"minecraft:spider_eye":4,"minecraft:sandstone":8,"minecraft:bow":5,"minecraft:soul_sand":61,"minecraft:leather":2,"minecraft:music_disc_13":1,"minecraft:cracked_polished_blackstone_bricks":2,"hunting_delight:sandwich":49,"hunting_delight:tainted_flesh":2,"minecraft:polished_blackstone_brick_stairs":2,"minecraft:mutton":1,"minecraft:crimson_roots":1,"minecraft:polished_blackstone_bricks":39,"hunting_delight:cutlet":1,"minecraft:crimson_fungus":1,"minecraft:blackstone":9,"cgm:shotgun":2,"projectarsenal:arx160":1,"minecraft:cooked_mutton":93,"minecraft:carrot":6,"minecraft:chainmail_chestplate":1,"minecraft:gunpowder":10,"minecraft:skeleton_skull":4,"minecraft:basalt":2,"minecraft:arrow":36,"hunting_delight:scrambled_eggs":2,"minecraft:quartz":1,"minecraft:netherrack":4,"minecraft:bread":8,"cgm:grenade":1,"minecraft:mossy_cobblestone":1,"horror_element_mod:sound_block":2,"hunting_delight:chitin":5,"minecraft:copper_ingot":1,"minecraft:stick":3,"minecraft:diorite":3,"minecraft:torch":1,"hunting_delight:rawsquid":6,"taccraft:assault_vest_boots":3,"taccraft:flak_vest_leggings":2,"minecraft:stonecutter":10,"hunting_delight:huntingknife":1,"minecraft:polished_basalt":4,"additionalguns:scar":5,"minecraft:redstone_block":6,"minecraft:polished_deepslate":2,"minecraft:raw_copper":74,"minecraft:raw_iron":3,"minecraft:light_gray_wool":1,"minecraft:shield":1,"horror_element_mod:human_remains":8,"minecraft:slime_ball":54,"minecraft:stone_pickaxe":1},"minecraft:used":{"minecraft:music_disc_far":1,"minecraft:nether_brick_fence":1,"minecraft:chest":10,"minecraft:azure_bluet":1,"minecraft:spruce_boat":1,"minecraft:jungle_sapling":6,"minecraft:music_disc_pigstep":1,"cgm:shotgun":298,"minecraft:birch_sapling":4,"taccraft:flak_vest_chestplate":2,"minecraft:diorite":6,"minecraft:powered_rail":6,"minecraft:wooden_pickaxe":3,"minecraft:jungle_boat":1,"minecraft:black_concrete_powder":8,"minecraft:oak_pressure_plate":1,"taccraft:flak_vest_boots":2,"minecraft:oak_boat":1,"taccraft:flak_vest_leggings":1,"horror_element_mod:blood_3":1,"hunting_delight:wolfcorpse":1,"minecraft:netherrack":92,"minecraft:torch":89,"hunting_delight:rawsquid":1,"minecraft:iron_axe":120,"minecraft:totem_of_undying":2,"minecraft:barrel":1,"minecraft:diamond_chestplate":1,"minecraft:cobbled_deepslate":136,"minecraft:observer":1,"minecraft:wheat_seeds":285,"minecraft:water_bucket":19,"minecraft:birch_planks":2,"minecraft:tnt":10,"minecraft:crafting_table":8,"minecraft:white_bed":1,"minecraft:diamond_pickaxe":461,"minecraft:sunflower":18,"minecraft:iron_pickaxe":684,"cgm:grenade":11,"minecraft:spruce_pressure_plate":1,"minecraft:cobblestone":157,"minecraft:potion":2,"minecraft:cooked_porkchop":16,"projectarsenal:arx160":1448,"minecraft:dandelion":1,"minecraft:jukebox":1,"minecraft:iron_shovel":515,"hunting_delight:cutlet":9,"minecraft:polished_deepslate":3,"minecraft:diamond_hoe":37,"minecraft:white_concrete_powder":7,"minecraft:shield":28,"minecraft:iron_sword":318,"minecraft:nether_bricks":4,"minecraft:carrot":9,"minecraft:music_disc_13":1,"minecraft:obsidian":10,"minecraft:gray_concrete_powder":32,"minecraft:stone_bricks":3,"minecraft:redstone_lamp":1,"minecraft:magma_block":1,"minecraft:mangrove_roots":4,"minecraft:stone_pickaxe":6,"minecraft:oak_planks":17,"minecraft:sandstone":6,"hunting_delight:sandwich":48,"minecraft:stone_brick_wall":1,"minecraft:black_bed":1,"minecraft:shears":130,"minecraft:bread":69,"minecraft:gravel":8,"additionalguns:scar":984,"hunting_delight:huntingknife":44,"minecraft:bone_meal":479,"minecraft:cobweb":12,"minecraft:music_disc_otherside":2,"minecraft:flint_and_steel":1,"minecraft:redstone":15,"minecraft:spruce_planks":48,"minecraft:stone_hoe":6,"minecraft:oak_door":1,"minecraft:dirt":646,"cgm:workbench":3,"additionalguns:akm":516,"minecraft:andesite_wall":1,"minecraft:dark_oak_planks":12,"hunting_delight:worm":6,"minecraft:iron_boots":1,"marbledsarsenal:katana":26,"minecraft:golden_carrot":6,"hunting_delight:tainted_flesh":1,"hunting_delight:scrambled_eggs":2,"minecraft:cooked_beef":30,"minecraft:iron_leggings":1,"minecraft:cooked_mutton":38,"minecraft:polished_andesite":5,"minecraft:baked_potato":27,"horror_element_mod:slashed_skull":1,"cgm:stun_grenade":2,"taccraft:plate_carrier_helmet":1,"minecraft:cobblestone_slab":4,"hunting_delight:humanmeat":2,"minecraft:light_gray_concrete_powder":5,"minecraft:wooden_hoe":61,"minecraft:cracked_polished_blackstone_bricks":3,"minecraft:stone_axe":3,"minecraft:white_banner":7,"minecraft:bucket":19,"minecraft:yellow_bed":2,"minecraft:smooth_stone":4}},"DataVersion":3120}