{"stats":{"minecraft:killed":{"born_in_chaos_v1:spiritof_chaos":1,"born_in_chaos_v1:diamond_termite":4,"born_in_chaos_v1:baby_skeleton":1,"minecraft:spider":2,"born_in_chaos_v1:decrepit_skeleton":4,"minecraft:sheep":1,"minecraft:skeleton":4,"minecraft:zombie":2,"alexsmobs:cockroach":1,"minecraft:chicken":1,"gnumus:pitcher_mousse":1,"minecraft:cow":4},"minecraft:mined":{"minecraft:deepslate_redstone_ore":1,"minecraft:large_amethyst_bud":1,"iceandfire:silver_ore":5,"minecraft:deepslate_diamond_ore":13,"minecraft:medium_amethyst_bud":1,"minecraft:smoker":1,"minecraft:amethyst_cluster":5,"born_in_chaos_v1:infected_deepslate_diamond_ore":3,"minecraft:crafting_table":1,"minecraft:torch":1,"minecraft:budding_amethyst":1,"born_in_chaos_v1:black_argillite":1,"minecraft:tall_grass":1,"minecraft:deepslate_gold_ore":31,"minecraft:wall_torch":2,"minecraft:amethyst_block":2,"minecraft:spawner":3,"minecraft:furnace":4,"minecraft:iron_ore":17,"minecraft:cobbled_deepslate":10,"minecraft:wheat":37,"minecraft:birch_leaves":2,"minecraft:anvil":1,"minecraft:grass":2,"minecraft:coal_ore":1,"minecraft:pointed_dripstone":4,"minecraft:oak_log":8,"minecraft:deepslate_iron_ore":4,"minecraft:gravel":1,"minecraft:dripstone_block":5,"minecraft:smooth_basalt":1,"gnumus:fragile_gnumus_jug":6,"minecraft:stone":13,"minecraft:gold_ore":1,"minecraft:deepslate_emerald_ore":4,"minecraft:deepslate":28},"minecraft:custom":{"minecraft:interact_with_furnace":21,"minecraft:mob_kills":28,"minecraft:interact_with_crafting_table":12,"minecraft:open_barrel":18,"minecraft:damage_dealt_resisted":690,"minecraft:eat_cake_slice":7,"minecraft:leave_game":1,"minecraft:time_since_death":50365,"minecraft:sleep_in_bed":1,"minecraft:climb_one_cm":469,"minecraft:time_since_rest":50395,"minecraft:sprint_one_cm":95787,"minecraft:damage_taken":1391,"minecraft:walk_one_cm":246729,"minecraft:drop":3,"minecraft:damage_dealt":4915,"minecraft:swim_one_cm":4492,"minecraft:fly_one_cm":131639,"minecraft:open_chest":16,"minecraft:play_time":66240,"minecraft:crouch_one_cm":16153,"minecraft:deaths":1,"minecraft:sneak_time":3528,"minecraft:walk_under_water_one_cm":554,"minecraft:jump":665,"minecraft:walk_on_water_one_cm":3407,"minecraft:total_world_time":66240,"minecraft:fall_one_cm":12142},"minecraft:picked_up":{"minecraft:crafting_table":1,"born_in_chaos_v1:diamond_termite_shard":5,"gnumus:gnumus_doubloons":2,"minecraft:wheat":38,"minecraft:feather":2,"minecraft:chicken":1,"minecraft:anvil":1,"gnumus:overripe_carrot":3,"minecraft:leather":5,"minecraft:wooden_pickaxe":1,"minecraft:smoker":1,"minecraft:oak_log":8,"minecraft:amethyst_block":2,"born_in_chaos_v1:black_argillite":2,"minecraft:string":3,"minecraft:bone":10,"minecraft:beetroot":7,"minecraft:apple":7,"minecraft:wheat_seeds":131,"minecraft:raw_gold":33,"minecraft:candle":1,"minecraft:cobbled_deepslate":44,"alexsmobs:cockroach_wing_fragment":1,"minecraft:rabbit_hide":3,"minecraft:beef":9,"minecraft:stone_pickaxe":1,"minecraft:calcite":1,"minecraft:iron_pickaxe":1,"minecraft:sugar_cane":2,"minecraft:iron_sword":1,"minecraft:oak_planks":9,"minecraft:furnace":5,"minecraft:egg":1,"minecraft:raw_iron":59,"minecraft:smooth_basalt":1,"minecraft:sweet_berries":2,"minecraft:torch":5,"born_in_chaos_v1:ethereal_spirit":1,"minecraft:dripstone_block":16,"minecraft:gravel":1,"minecraft:amethyst_shard":20,"minecraft:cherry_log":2,"minecraft:pointed_dripstone":9,"minecraft:redstone":8,"minecraft:spider_eye":1,"alexsmobs:animal_dictionary":1,"minecraft:arrow":6,"minecraft:rotten_flesh":8,"minecraft:diamond":13,"minecraft:emerald":4,"minecraft:bread":7,"minecraft:mutton":2,"minecraft:coal":5,"iceandfire:raw_silver":10,"minecraft:white_wool":1,"minecraft:cobblestone":15},"minecraft:used":{"minecraft:wheat_seeds":37,"minecraft:stone_pickaxe":50,"minecraft:chest":2,"minecraft:wooden_pickaxe":4,"minecraft:iron_sword":103,"minecraft:torch":12,"minecraft:crafting_table":5,"minecraft:dripstone_block":4,"minecraft:apple":7,"minecraft:bread":12,"minecraft:iron_pickaxe":124,"minecraft:furnace":5,"minecraft:egg":1,"minecraft:beetroot":7,"minecraft:cooked_beef":1,"minecraft:cobbled_deepslate":33,"minecraft:cooked_mutton":2},"minecraft:crafted":{"minecraft:cooked_beef":9,"minecraft:cherry_planks":8,"minecraft:oak_planks":32,"minecraft:crafting_table":4,"minecraft:wooden_pickaxe":1,"minecraft:cooked_chicken":1,"minecraft:iron_sword":1,"minecraft:furnace":1,"minecraft:bread":12,"minecraft:cooked_mutton":2,"minecraft:air":0,"minecraft:iron_chestplate":1,"minecraft:stick":8,"minecraft:iron_ingot":20,"minecraft:iron_pickaxe":1,"minecraft:stone_pickaxe":1,"minecraft:chest":2,"minecraft:iron_leggings":1,"minecraft:torch":8},"minecraft:killed_by":{"minecraft:skeleton":1},"minecraft:dropped":{"minecraft:dripstone_block":6,"minecraft:amethyst_block":2,"minecraft:redstone":8}},"DataVersion":3465}