{"stats":{"minecraft:custom":{"minecraft:interact_with_furnace":4,"minecraft:mob_kills":12,"minecraft:interact_with_crafting_table":8,"minecraft:open_barrel":4,"minecraft:leave_game":4,"minecraft:time_since_death":16584,"minecraft:climb_one_cm":862,"minecraft:time_since_rest":16619,"minecraft:sprint_one_cm":92952,"minecraft:damage_taken":995,"minecraft:walk_one_cm":132379,"minecraft:drop":2,"minecraft:damage_dealt":1360,"minecraft:swim_one_cm":4416,"minecraft:fly_one_cm":156854,"minecraft:open_chest":9,"minecraft:crouch_one_cm":4763,"minecraft:play_time":39074,"minecraft:deaths":1,"minecraft:sneak_time":1043,"minecraft:walk_under_water_one_cm":1363,"minecraft:jump":676,"minecraft:walk_on_water_one_cm":5417,"minecraft:total_world_time":39074,"minecraft:fall_one_cm":13413},"minecraft:killed_by":{"minecraft:skeleton":1},"minecraft:dropped":{"minecraft:glow_ink_sac":1,"minecraft:diamond":4},"minecraft:used":{"minecraft:stone_sword":76,"minecraft:birch_planks":2,"minecraft:stone_pickaxe":59,"minecraft:wooden_pickaxe":11,"minecraft:brown_mushroom":5,"minecraft:cracked_stone_bricks":2,"minecraft:crafting_table":3,"minecraft:light_gray_terracotta":32,"minecraft:dripstone_block":2,"minecraft:shroomlight":1,"minecraft:rooted_dirt":4,"minecraft:bread":15,"minecraft:iron_pickaxe":28,"minecraft:packed_mud":1,"minecraft:stone_bricks":1},"minecraft:picked_up":{"gnumus:gnumus_doubloons":4,"minecraft:glow_ink_sac":1,"minecraft:leather":1,"minecraft:brown_mushroom":13,"gnumus:gnumus_pouch":3,"minecraft:birch_planks":6,"minecraft:packed_mud":2,"minecraft:oak_log":4,"minecraft:string":4,"minecraft:dirt":2,"minecraft:raw_copper":30,"minecraft:bone":6,"minecraft:shroomlight":1,"minecraft:apple":1,"minecraft:stone_bricks":1,"minecraft:cracked_stone_bricks":2,"minecraft:wheat_seeds":12,"minecraft:cobbled_deepslate":5,"minecraft:raw_gold":9,"minecraft:rabbit_hide":4,"minecraft:birch_wood":15,"minecraft:stone_pickaxe":1,"minecraft:iron_pickaxe":1,"minecraft:raw_iron":7,"minecraft:stick":8,"gnumus:juicy_meat":2,"minecraft:dripstone_block":3,"minecraft:redstone":10,"alexsmobs:animal_dictionary":1,"minecraft:brown_carpet":2,"minecraft:light_gray_terracotta":86,"gnumus:pileof_gnumus_doubloons":2,"minecraft:stone_sword":1,"minecraft:rotten_flesh":2,"minecraft:diamond":4,"gnumus:gnumus_clay":20,"minecraft:hay_block":14,"gnumus:gnumus_chickpeas":5,"minecraft:bread":60,"minecraft:rooted_dirt":4,"minecraft:coal":5,"minecraft:cod":4,"minecraft:cobblestone":3},"minecraft:killed":{"minecraft:skeleton":1,"gnumus:gnumus_worker":1,"minecraft:zombie":1,"alexsmobs:leafcutter_ant":4,"gnumus:pitcher_mousse":5},"minecraft:crafted":{"minecraft:crafting_table":3,"minecraft:wooden_pickaxe":1,"minecraft:birch_planks":28,"minecraft:air":0,"minecraft:stick":8,"minecraft:iron_ingot":3,"minecraft:iron_pickaxe":1,"minecraft:stone_pickaxe":1,"minecraft:stone_sword":1},"minecraft:mined":{"minecraft:diamond_ore":4,"minecraft:brown_mushroom":2,"alexsmobs:leafcutter_anthill":1,"minecraft:brown_carpet":2,"minecraft:light_gray_terracotta":56,"minecraft:grass_block":1,"minecraft:dead_bush":3,"minecraft:brown_mushroom_block":10,"minecraft:copper_ore":8,"minecraft:birch_wood":7,"minecraft:rooted_dirt":4,"minecraft:hay_block":14,"minecraft:redstone_ore":1,"minecraft:packed_mud":1,"minecraft:iron_ore":4,"minecraft:grass":4,"minecraft:shroomlight":1,"minecraft:cracked_stone_bricks":2,"gnumus:fragile_gnumus_jug":17,"minecraft:stone_bricks":2,"minecraft:gold_ore":9,"minecraft:oak_leaves":9,"minecraft:deepslate":5}},"DataVersion":3465}