{"stats":{"minecraft:killed":{"minecraft:skeleton":1,"minecraft:creeper":2,"minecraft:squid":1,"minecraft:sheep":4,"minecraft:zombie":5,"minecraft:cow":3},"minecraft:custom":{"minecraft:mob_kills":18,"minecraft:interact_with_crafting_table":13,"minecraft:open_barrel":2,"minecraft:damage_dealt_resisted":12,"minecraft:leave_game":18,"minecraft:time_since_death":6424,"minecraft:climb_one_cm":1190,"minecraft:sprint_one_cm":417671,"minecraft:walk_one_cm":389202,"minecraft:drop":51,"minecraft:damage_dealt_absorbed":40,"minecraft:play_time":131791,"minecraft:deaths":3,"minecraft:sneak_time":2356,"minecraft:walk_under_water_one_cm":11708,"minecraft:jump":2997,"minecraft:interact_with_blast_furnace":2,"minecraft:walk_on_water_one_cm":8769,"minecraft:total_world_time":131791,"minecraft:interact_with_furnace":6,"minecraft:sleep_in_bed":6,"minecraft:time_since_rest":6494,"minecraft:damage_taken":2883,"minecraft:trigger_trapped_chest":5,"minecraft:damage_dealt":2722,"minecraft:swim_one_cm":28892,"minecraft:fly_one_cm":791173,"minecraft:open_chest":36,"minecraft:crouch_one_cm":7325,"minecraft:interact_with_smoker":2,"minecraft:fall_one_cm":76878},"minecraft:mined":{"minecraft:dark_oak_planks":23,"minecraft:stone_pressure_plate":1,"minecraft:mangrove_roots":19,"minecraft:granite":10,"minecraft:grass_block":337,"minecraft:cracked_polished_blackstone_bricks":1,"minecraft:white_concrete":6,"minecraft:oak_pressure_plate":1,"minecraft:coal_block":1,"minecraft:moss_block":6,"minecraft:hay_block":23,"minecraft:tall_seagrass":1,"minecraft:iron_ore":8,"minecraft:sticky_piston":1,"minecraft:cobbled_deepslate":2,"minecraft:gold_block":3,"minecraft:polished_deepslate":1,"minecraft:iron_bars":2,"minecraft:stone":42,"minecraft:podzol":3,"minecraft:smoker":1,"minecraft:campfire":1,"minecraft:tall_grass":28,"minecraft:copper_ore":1,"minecraft:cracked_deepslate_bricks":2,"minecraft:amethyst_block":1,"minecraft:seagrass":1,"minecraft:yellow_bed":3,"k_turrets:titanium_ore":11,"minecraft:grass":83,"minecraft:cracked_deepslate_tiles":5,"minecraft:oak_log":27,"minecraft:coal_ore":40,"minecraft:dripstone_block":1,"minecraft:sunflower":15,"minecraft:gravel":16,"minecraft:sand":19,"minecraft:dirt":89,"minecraft:oak_leaves":2,"minecraft:emerald_block":2},"minecraft:crafted":{"minecraft:black_dye":2,"minecraft:light_gray_concrete_powder":8,"minecraft:oak_planks":112,"minecraft:leather_boots":2,"minecraft:bone_meal":3,"minecraft:white_concrete_powder":8,"minecraft:leather":28,"minecraft:iron_axe":1,"hunting_delight:animal_fat":36,"minecraft:chest":4,"hunting_delight:huntingknife":1,"minecraft:wheat":207,"minecraft:crafting_table":2,"taccraft:flak_vest_boots":2,"minecraft:bread":64,"minecraft:air":0,"minecraft:white_dye":3,"minecraft:stick":8,"minecraft:iron_ingot":2,"minecraft:iron_shovel":2,"minecraft:light_gray_dye":1},"minecraft:killed_by":{"minecraft:creeper":2,"minecraft:zombie":1},"minecraft:broken":{"minecraft:golden_helmet":1,"minecraft:iron_shovel":1},"minecraft:picked_up":{"minecraft:crafting_table":1,"minecraft:charcoal":2,"minecraft:music_disc_strad":1,"minecraft:wheat":15,"minecraft:azure_bluet":1,"minecraft:oak_stairs":4,"minecraft:gold_block":7,"minecraft:amethyst_block":3,"minecraft:polished_deepslate":1,"minecraft:raw_copper":4,"minecraft:iron_axe":1,"minecraft:flint_and_steel":2,"minecraft:sticky_piston":2,"minecraft:iron_shovel":2,"horror_element_mod:human_remains":8,"minecraft:cobbled_deepslate":7,"minecraft:beef":21,"minecraft:iron_nugget":39,"minecraft:light_gray_wool":3,"minecraft:iron_pickaxe":2,"minecraft:coal_block":1,"minecraft:chest":1,"minecraft:birch_sapling":1,"minecraft:egg":10,"minecraft:golden_helmet":2,"minecraft:stick":2,"minecraft:raw_iron":19,"minecraft:oak_door":1,"hunting_delight:humanmeat":20,"minecraft:torch":2,"minecraft:golden_chestplate":2,"minecraft:stone_pressure_plate":1,"minecraft:dark_oak_planks":22,"minecraft:arrow":4,"minecraft:rotten_flesh":83,"minecraft:golden_hoe":3,"k_turrets:raw_titanium":31,"minecraft:hay_block":69,"minecraft:cracked_deepslate_bricks":7,"minecraft:mangrove_roots":19,"minecraft:gold_ingot":6,"hunting_delight:worm":38,"minecraft:cobblestone":60,"minecraft:obsidian":18,"minecraft:mutton":46,"minecraft:iron_bars":2,"minecraft:skeleton_skull":23,"minecraft:white_wool":5,"minecraft:cracked_deepslate_tiles":6,"minecraft:cooked_beef":31,"minecraft:leather":55,"minecraft:potato":54,"minecraft:flint":3,"minecraft:skull_banner_pattern":1,"minecraft:oak_log":36,"minecraft:yellow_bed":5,"minecraft:gunpowder":11,"minecraft:dirt":479,"minecraft:bone":77,"minecraft:apple":49,"minecraft:stonecutter":10,"minecraft:wheat_seeds":32,"minecraft:iron_ingot":6,"hunting_delight:rawsquid":3,"minecraft:moss_block":9,"minecraft:iron_sword":2,"minecraft:oak_planks":13,"minecraft:oak_slab":3,"taccraft:flak_vest_boots":5,"minecraft:emerald_block":2,"minecraft:oak_pressure_plate":1,"minecraft:dripstone_block":2,"minecraft:gravel":13,"hunting_delight:rot":1,"minecraft:sand":19,"minecraft:ink_sac":2,"minecraft:spider_eye":3,"hunting_delight:animal_fat_block":4,"hunting_delight:animal_fat":154,"minecraft:soul_lantern":3,"hunting_delight:huntingknife":1,"minecraft:cracked_polished_blackstone_bricks":1,"minecraft:granite":10,"hunting_delight:broken_bone":115,"minecraft:golden_apple":2,"minecraft:white_concrete":6,"minecraft:emerald":4,"minecraft:bread":71,"minecraft:oak_sapling":1,"minecraft:coal":57,"minecraft:sunflower":17},"minecraft:dropped":{"minecraft:bread":7,"minecraft:iron_sword":1,"minecraft:dripstone_block":2,"minecraft:cobblestone":24,"minecraft:emerald":1,"taccraft:flak_vest_boots":4,"minecraft:golden_hoe":1,"minecraft:stonecutter":10,"hunting_delight:animal_fat":32,"hunting_delight:rot":1,"minecraft:iron_nugget":19,"minecraft:cobbled_deepslate":6,"minecraft:sticky_piston":2,"minecraft:skull_banner_pattern":1,"minecraft:skeleton_skull":4,"horror_element_mod:human_remains":8,"minecraft:yellow_bed":1,"minecraft:spider_eye":1,"minecraft:egg":2},"minecraft:used":{"minecraft:iron_shovel":462,"minecraft:white_concrete_powder":7,"minecraft:chest":5,"minecraft:iron_sword":75,"minecraft:oak_door":1,"minecraft:dirt":408,"minecraft:iron_axe":40,"hunting_delight:worm":4,"minecraft:mangrove_roots":4,"minecraft:cooked_beef":8,"horror_element_mod:slashed_skull":1,"minecraft:crafting_table":3,"hunting_delight:humanmeat":2,"minecraft:sunflower":16,"minecraft:cracked_polished_blackstone_bricks":1,"minecraft:bread":40,"minecraft:iron_pickaxe":155,"minecraft:oak_pressure_plate":1,"minecraft:cobblestone":26,"taccraft:flak_vest_boots":1,"minecraft:yellow_bed":2,"hunting_delight:huntingknife":9}},"DataVersion":3120}