{"stats":{"minecraft:killed_by":{"minecraft:wither_skeleton":1,"alexscaves:grottoceratops":1,"minecraft:stray":1,"born_in_chaos_v1:skeleton_thrasher":1,"gnumus:gnumus_hunter_not_dispawn":1,"born_in_chaos_v1:bonescaller":1,"irons_spellbooks:necromancer":1,"minecraft:skeleton":7},"minecraft:dropped":{"minecraft:iron_sword":2,"minecraft:moss_block":1,"minecraft:oak_log":6,"gnumus:overripe_carrot":7,"minecraft:crafting_table":1,"alexscaves:flytrap":1,"minecraft:crossbow":2,"minecraft:glow_berries":3,"gnumus:gnumus_pickaxe":1,"minecraft:emerald":4,"minecraft:cod":1,"born_in_chaos_v1:tombstone_dark_titan_066":1,"minecraft:mutton":7,"minecraft:chain":2,"born_in_chaos_v1:trident_hayfork":1,"minecraft:iron_pickaxe":2,"alexscaves:cycad":3,"minecraft:white_tulip":1,"minecraft:stone_axe":1,"minecraft:golden_chestplate":1,"alexsmobs:animal_dictionary":1,"gnumus:juicy_meat":2,"gnumus:gnumus_pouch":8,"minecraft:beef":1,"minecraft:netherrack":1,"gnumus:lucky_hat_helmet":2,"minecraft:firework_rocket":6,"gnumus:gnumus_cutlass":2,"minecraft:wheat_seeds":6,"minecraft:shelter_pottery_sherd":2,"minecraft:lilac":4,"minecraft:cobblestone":5,"minecraft:yellow_carpet":1,"minecraft:stick":7,"alexscaves:trilocaris_tail":1,"minecraft:golden_carrot":4,"minecraft:iron_axe":1,"minecraft:paper":23,"minecraft:pink_tulip":1,"minecraft:furnace":1,"minecraft:wayfinder_armor_trim_smithing_template":2,"minecraft:filled_map":1,"minecraft:hay_block":4,"minecraft:allium":1,"gnumus:gnumus_pouch_2":2,"minecraft:golden_leggings":2,"gnumus:gnumus_chickpeas":14,"gnumus:gnumus_cheese":3,"minecraft:stone_pickaxe":1,"minecraft:wooden_pickaxe":1},"minecraft:crafted":{"minecraft:oak_planks":48,"born_in_chaos_v1:dark_metal_ingot":2,"born_in_chaos_v1:nightmare_mantleofthe_night_chestplate":1,"minecraft:iron_boots":3,"minecraft:chest":4,"gnumus:pileof_gnumus_doubloons":3,"born_in_chaos_v1:pileof_dark_metal":3,"gnumus:gnumus_cutlass":1,"minecraft:emerald":9,"minecraft:crafting_table":3,"minecraft:spruce_planks":56,"minecraft:wooden_pickaxe":1,"minecraft:iron_helmet":2,"gnumus:gnumus_pickaxe":1,"minecraft:iron_chestplate":3,"minecraft:diamond_pickaxe":2,"minecraft:shield":2,"minecraft:stick":56,"minecraft:iron_ingot":46,"minecraft:iron_pickaxe":2,"minecraft:iron_block":14,"minecraft:stone_sword":1,"minecraft:gold_ingot":9,"born_in_chaos_v1:sharpened_dark_metal_sword":1,"gnumus:lucky_hat_helmet":2,"born_in_chaos_v1:bone_handle":1,"minecraft:iron_axe":1,"minecraft:stone_pickaxe":1,"minecraft:wheat":234,"minecraft:iron_sword":3,"minecraft:bread":78,"minecraft:air":0,"minecraft:iron_leggings":3,"minecraft:torch":104},"minecraft:custom":{"minecraft:interact_with_crafting_table":45,"minecraft:open_barrel":69,"minecraft:leave_game":7,"minecraft:time_since_death":25148,"minecraft:sprint_one_cm":824511,"minecraft:damage_blocked_by_shield":11295,"minecraft:drop":90,"minecraft:play_time":322250,"minecraft:deaths":16,"minecraft:jump":3659,"minecraft:interact_with_brewingstand":5,"minecraft:walk_on_water_one_cm":34497,"minecraft:interact_with_furnace":13,"minecraft:sleep_in_bed":7,"minecraft:damage_dealt":24636,"minecraft:crouch_one_cm":18716,"minecraft:use_cauldron":1,"minecraft:mob_kills":159,"minecraft:damage_dealt_resisted":2987,"minecraft:climb_one_cm":18901,"minecraft:walk_one_cm":937246,"minecraft:sneak_time":10487,"minecraft:walk_under_water_one_cm":26179,"minecraft:interact_with_blast_furnace":7,"minecraft:total_world_time":322250,"minecraft:time_since_rest":25270,"minecraft:damage_taken":10521,"minecraft:swim_one_cm":27543,"minecraft:fly_one_cm":1161242,"minecraft:open_chest":221,"minecraft:fall_one_cm":75741},"minecraft:picked_up":{"minecraft:iron_chestplate":5,"irons_spellbooks:affinity_ring":3,"gnumus:gnumus_claw":18,"artifacts:umbrella":3,"alexscaves:trilocaris_tail":2,"minecraft:potion":3,"minecraft:enchanted_book":4,"minecraft:stone_brick_stairs":3,"minecraft:amethyst_block":1,"alexscaves:smooth_limestone":1,"irons_spellbooks:cast_time_ring":2,"minecraft:string":70,"minecraft:wayfinder_armor_trim_smithing_template":1,"minecraft:raw_copper":4,"minecraft:iron_leggings":7,"irons_spellbooks:arcane_essence":22,"minecraft:deepslate_tiles":5,"minecraft:spruce_planks":100,"gnumus:packaged_goods":3,"minecraft:white_tulip":1,"minecraft:rose_bush":1,"minecraft:iron_pickaxe":6,"minecraft:furnace":1,"irons_spellbooks:inscription_table":3,"alexscaves:flytrap":3,"minecraft:iron_boots":5,"minecraft:tipped_arrow":17,"minecraft:beehive":1,"minecraft:stick":9,"born_in_chaos_v1:shattered_skull":9,"minecraft:torch":78,"born_in_chaos_v1:pileof_dark_metal":1,"gnumus:lucky_hat_helmet":1,"minecraft:porkchop":4,"born_in_chaos_v1:nightmare_claw":1,"gnumus:grilled_juicy_meat":5,"minecraft:golden_chestplate":1,"minecraft:cauldron":1,"minecraft:rabbit_foot":1,"gnumus:wrapper_with_goods":3,"minecraft:stone_sword":1,"gnumus:vintage_metal":1,"minecraft:rotten_flesh":16,"minecraft:iron_block":4,"minecraft:carved_pumpkin":1,"gnumus:gnumus_chickpeas":15,"minecraft:obsidian":11,"minecraft:iron_bars":2,"minecraft:snowball":14,"minecraft:cobblestone":16,"gnumus:gnumus_doubloons":19,"minecraft:feather":5,"minecraft:lilac":6,"born_in_chaos_v1:sharpened_dark_metal_sword":2,"born_in_chaos_v1:spiritual_dust":12,"gnumus:overripe_carrot":10,"minecraft:golden_leggings":2,"artifacts:thorn_pendant":1,"gnumus:gnumus_cutlass":2,"minecraft:flint":2,"minecraft:dirt":82,"gnumus:gnumus_pouch_2":5,"born_in_chaos_v1:monster_skin":5,"minecraft:bone":99,"irons_spellbooks:pedestal":1,"minecraft:bow":2,"minecraft:wheat_seeds":14,"minecraft:raw_gold":8,"minecraft:grindstone":1,"minecraft:glowstone_dust":36,"minecraft:powered_rail":9,"minecraft:moss_block":3,"minecraft:oak_planks":22,"minecraft:waxed_exposed_copper":2,"minecraft:ghast_tear":1,"irons_spellbooks:frozen_bone":83,"alexsmobs:animal_dictionary":2,"minecraft:mossy_cobblestone":4,"minecraft:light_gray_terracotta":14,"minecraft:yellow_carpet":1,"gnumus:vintage_parts":1,"minecraft:diamond":22,"gnumus:gnumus_clay":20,"minecraft:soul_lantern":6,"minecraft:crossbow":5,"minecraft:granite":2,"minecraft:golden_apple":1,"minecraft:emerald":31,"minecraft:bread":179,"alexsmobs:maggot":2,"minecraft:rooted_dirt":1,"minecraft:oak_sapling":5,"minecraft:dark_oak_fence":4,"minecraft:netherrack":18,"minecraft:diamond_pickaxe":3,"minecraft:crafting_table":2,"minecraft:shelter_pottery_sherd":2,"minecraft:allium":1,"minecraft:nether_wart":10,"born_in_chaos_v1:seedof_chaos":18,"minecraft:chest_minecart":1,"minecraft:leather_leggings":1,"minecraft:stone_brick_wall":1,"minecraft:cooked_rabbit":18,"minecraft:chain":6,"born_in_chaos_v1:fired_black_argillite":1,"minecraft:iron_axe":2,"minecraft:flint_and_steel":3,"minecraft:white_carpet":3,"minecraft:cracked_stone_bricks":1,"born_in_chaos_v1:gnawed_bones":1,"minecraft:raw_iron":29,"minecraft:sandstone":16,"alexscaves:cycad":6,"gnumus:juicy_meat":2,"alexsmobs:straddlite":1,"artifacts:vampiric_glove":2,"born_in_chaos_v1:pieceofdarkmetal":33,"minecraft:carrot":6,"minecraft:arrow":101,"minecraft:decorated_pot":1,"minecraft:peony":1,"minecraft:nether_bricks":6,"minecraft:hay_block":31,"minecraft:pink_tulip":1,"minecraft:gold_ingot":55,"gnumus:gnumus_pouch_3":1,"born_in_chaos_v1:trident_hayfork":2,"gnumus:mouse_skin":8,"minecraft:glow_berries":9,"minecraft:mutton":13,"minecraft:white_wool":8,"born_in_chaos_v1:fused_bone":12,"born_in_chaos_v1:corpse_maggot":1,"born_in_chaos_v1:black_argillite_column_slab":1,"minecraft:mud_bricks":5,"minecraft:basalt":19,"minecraft:tripwire_hook":1,"minecraft:glow_ink_sac":13,"minecraft:leather":12,"gnumus:gnumus_pouch":7,"minecraft:filled_map":3,"minecraft:packed_mud":11,"alexscaves:limestone":192,"minecraft:oak_log":18,"minecraft:yellow_bed":1,"minecraft:gunpowder":17,"alexscaves:ambersol":3,"alexsmobs:mosquito_proboscis":1,"gnumus:gnumus_pickaxe":1,"minecraft:paper":9,"alexscaves:amber":18,"minecraft:red_carpet":2,"minecraft:apple":4,"minecraft:rabbit_hide":2,"minecraft:spruce_wood":3,"minecraft:iron_ingot":107,"minecraft:stone_pickaxe":2,"minecraft:cooked_chicken":2,"minecraft:soul_sand":5,"minecraft:iron_sword":5,"minecraft:emerald_block":1,"minecraft:sweet_berries":2,"minecraft:stone_brick_slab":1,"born_in_chaos_v1:orbofthe_summoner":2,"born_in_chaos_v1:ethereal_spirit":8,"minecraft:spyglass":1,"minecraft:amethyst_shard":4,"minecraft:spruce_sapling":24,"gnumus:gnumus_cheese":5,"minecraft:red_banner":10,"minecraft:blast_furnace":4,"minecraft:spruce_log":12,"minecraft:spider_eye":22,"minecraft:pumpkin_seeds":9,"minecraft:stone_axe":1,"minecraft:iron_helmet":7,"minecraft:mossy_cobblestone_stairs":1,"born_in_chaos_v1:tombstone_dark_titan_066":1,"minecraft:damaged_anvil":1,"minecraft:coal":23,"minecraft:ender_pearl":7},"minecraft:broken":{"minecraft:golden_shovel":1,"minecraft:iron_helmet":1},"minecraft:used":{"irons_spellbooks:inscription_table":3,"minecraft:moss_block":1,"minecraft:decorated_pot":1,"minecraft:chest":4,"minecraft:shield":32,"minecraft:iron_sword":421,"minecraft:iron_chestplate":2,"minecraft:soul_sand":3,"artifacts:umbrella":230,"minecraft:obsidian":14,"minecraft:snowball":1,"born_in_chaos_v1:sharpened_dark_metal_sword":85,"minecraft:iron_helmet":3,"alexscaves:amber":6,"born_in_chaos_v1:gnawed_bones":1,"born_in_chaos_v1:fired_black_argillite":1,"minecraft:bow":39,"alexscaves:smooth_limestone":1,"minecraft:stone_pickaxe":40,"minecraft:oak_planks":11,"minecraft:ender_pearl":2,"minecraft:wooden_pickaxe":4,"minecraft:sandstone":2,"minecraft:golden_apple":1,"minecraft:blast_furnace":4,"minecraft:light_gray_terracotta":11,"minecraft:crossbow":20,"gnumus:gnumus_cutlass":5,"minecraft:deepslate_tiles":5,"minecraft:bread":70,"minecraft:cooked_rabbit":64,"minecraft:cobweb":3,"minecraft:trident":1,"minecraft:stone_sword":51,"minecraft:flint_and_steel":9,"minecraft:carved_pumpkin":2,"minecraft:spruce_planks":6,"minecraft:cooked_chicken":2,"minecraft:torch":19,"minecraft:dirt":36,"minecraft:spyglass":2,"alexscaves:limestone":30,"minecraft:golden_shovel":32,"minecraft:granite":1,"minecraft:mossy_cobblestone_stairs":1,"born_in_chaos_v1:black_argillite_column_slab":1,"minecraft:iron_boots":2,"minecraft:basalt":2,"minecraft:iron_leggings":2,"born_in_chaos_v1:trident_hayfork":23,"minecraft:snow_block":2,"minecraft:glass_bottle":1,"minecraft:mossy_cobblestone":2,"minecraft:crafting_table":4,"gnumus:gnumus_cheese":1,"minecraft:diamond_pickaxe":136,"minecraft:apple":1,"minecraft:iron_pickaxe":229,"minecraft:golden_leggings":1,"minecraft:stone_axe":20,"born_in_chaos_v1:tombstone_dark_titan_066":1,"minecraft:yellow_bed":1,"alexsmobs:animal_dictionary":2,"minecraft:splash_potion":1},"minecraft:mined":{"minecraft:obsidian":11,"alexscaves:limestone":83,"minecraft:granite":2,"minecraft:stone_brick_wall":1,"born_in_chaos_v1:dark_metal_deposit":7,"minecraft:grass_block":9,"minecraft:yellow_carpet":2,"minecraft:mud_bricks":5,"minecraft:nether_wart":10,"minecraft:spawner":7,"minecraft:glowstone":15,"minecraft:mossy_cobblestone_stairs":1,"minecraft:iron_ore":24,"minecraft:fire":13,"minecraft:water_cauldron":1,"minecraft:dirt_path":1,"minecraft:iron_bars":2,"alexscaves:ambersol":1,"minecraft:waxed_exposed_copper":2,"minecraft:iron_block":2,"irons_spellbooks:pedestal":1,"alexscaves:amber":7,"minecraft:soul_fire":15,"minecraft:amethyst_cluster":1,"minecraft:soul_lantern":6,"minecraft:powder_snow":10,"minecraft:light_gray_terracotta":16,"minecraft:blast_furnace":4,"minecraft:dead_bush":1,"born_in_chaos_v1:black_argillite_column_slab":1,"minecraft:glass":1,"minecraft:cobblestone":2,"minecraft:grindstone":1,"minecraft:damaged_anvil":1,"minecraft:amethyst_block":1,"minecraft:chain":2,"born_in_chaos_v1:tombstone_dark_titan_066":1,"born_in_chaos_v1:fired_black_argillite":2,"minecraft:blue_ice":3,"minecraft:stone_brick_stairs":3,"minecraft:grass":19,"minecraft:oak_log":6,"minecraft:diorite_wall":1,"minecraft:dirt":37,"minecraft:tripwire_hook":1,"minecraft:netherrack":37,"minecraft:oak_leaves":18,"minecraft:emerald_block":1,"minecraft:deepslate_tiles":5,"minecraft:diamond_ore":12,"minecraft:red_carpet":2,"minecraft:tuff":1,"minecraft:mossy_cobblestone":3,"minecraft:dark_oak_leaves":13,"minecraft:deepslate_diamond_ore":4,"minecraft:nether_bricks":31,"minecraft:dark_oak_fence":2,"minecraft:decorated_pot":1,"minecraft:brown_mushroom_block":1,"minecraft:spruce_leaves":16,"minecraft:moss_block":2,"born_in_chaos_v1:gnawed_bones":1,"minecraft:sandstone":20,"minecraft:rooted_dirt":1,"minecraft:large_fern":1,"minecraft:hay_block":25,"minecraft:diorite_slab":1,"alexscaves:archaic_vine_plant":1,"gnumus:scion_weed":1,"minecraft:packed_mud":5,"minecraft:vine":6,"minecraft:packed_ice":4,"gnumus:fragile_gnumus_jug":7,"irons_spellbooks:inscription_table":3,"minecraft:stone":12,"minecraft:soul_sand":1,"minecraft:brown_carpet":1,"minecraft:basalt":19,"minecraft:stone_brick_slab":1,"minecraft:red_banner":3,"minecraft:crafting_table":1,"alexscaves:flytrap":1,"minecraft:emerald_ore":7,"minecraft:tall_grass":5,"minecraft:coarse_dirt":1,"minecraft:beehive":1,"minecraft:ice":8,"minecraft:white_carpet":2,"minecraft:spruce_log":11,"minecraft:yellow_bed":1,"minecraft:red_wall_banner":7,"minecraft:coal_ore":4,"alexscaves:cave_painting_ambersol":1,"alexscaves:cycad":2,"born_in_chaos_v1:rotten_soil":1,"minecraft:cobweb":7,"minecraft:cracked_stone_bricks":1,"minecraft:stone_bricks":1,"minecraft:polished_andesite":1,"minecraft:gold_ore":8,"minecraft:fern":4},"minecraft:killed":{"minecraft:cave_spider":9,"born_in_chaos_v1:restless_spirit":3,"born_in_chaos_v1:door_knight_not_despawn":1,"born_in_chaos_v1:pumpkin_spirit":1,"minecraft:spider":17,"born_in_chaos_v1:siamese_skeletonsright":2,"born_in_chaos_v1:baby_skeleton_minion":6,"minecraft:skeleton":11,"gnumus:pitcher_mousse":2,"born_in_chaos_v1:skeleton_thrasher":1,"alexsmobs:straddler":1,"born_in_chaos_v1:supreme_bonescaller_stage_2":1,"minecraft:piglin":2,"born_in_chaos_v1:bonescaller":1,"gnumus:gnumus_shaman":1,"minecraft:zombie_villager":6,"minecraft:creeper":1,"alexsmobs:crimson_mosquito":1,"minecraft:sheep":4,"minecraft:zombie":13,"alexscaves:trilocaris":5,"minecraft:stray":22,"minecraft:ghast":1,"alexsmobs:fly":1,"born_in_chaos_v1:siamese_skeletonsleft":2,"minecraft:blaze":3,"alexscaves:vallumraptor":3,"gnumus:gnumus_worker":4,"alexsmobs:bison":1,"alexsmobs:tusklin":1,"gnumus:gnumus_hunter_not_dispawn":3,"born_in_chaos_v1:bone_imp_minion":8,"born_in_chaos_v1:baby_skeleton":4,"born_in_chaos_v1:decrepit_skeleton":3,"alexscaves:subterranodon":2,"born_in_chaos_v1:bonescaller_not_despawn":2,"minecraft:wither_skeleton":4,"minecraft:enderman":2}},"DataVersion":3465}