{"stats":{"minecraft:custom":{"minecraft:interact_with_anvil":1,"minecraft:mob_kills":168,"minecraft:interact_with_crafting_table":30,"minecraft:open_barrel":71,"minecraft:damage_dealt_resisted":4466,"minecraft:eat_cake_slice":9,"minecraft:leave_game":2,"minecraft:time_since_death":4480,"minecraft:climb_one_cm":475,"minecraft:damage_resisted":217,"minecraft:sprint_one_cm":391712,"minecraft:walk_one_cm":806910,"minecraft:damage_blocked_by_shield":5880,"minecraft:drop":37,"minecraft:play_time":212839,"minecraft:deaths":5,"minecraft:sneak_time":9992,"minecraft:walk_under_water_one_cm":1300,"minecraft:jump":1729,"minecraft:interact_with_brewingstand":2,"minecraft:walk_on_water_one_cm":4557,"minecraft:total_world_time":212839,"minecraft:interact_with_furnace":25,"minecraft:sleep_in_bed":3,"minecraft:time_since_rest":4529,"minecraft:damage_taken":6764,"minecraft:damage_absorbed":240,"minecraft:damage_dealt":29956,"minecraft:swim_one_cm":9530,"minecraft:fly_one_cm":658663,"minecraft:open_chest":89,"minecraft:crouch_one_cm":30348,"minecraft:interact_with_smoker":1,"minecraft:fall_one_cm":44574},"minecraft:killed":{"minecraft:vex":3,"minecraft:cave_spider":14,"born_in_chaos_v1:restless_spirit":2,"born_in_chaos_v1:zombie_lumberjack":1,"born_in_chaos_v1:door_knight_not_despawn":1,"minecraft:spider":20,"alexsmobs:tasmanian_devil":1,"born_in_chaos_v1:skeleton_thrasher_not_despawn":1,"born_in_chaos_v1:siamese_skeletonsright":2,"born_in_chaos_v1:zombie_bruiser":1,"born_in_chaos_v1:baby_skeleton_minion":3,"born_in_chaos_v1:maggot":10,"minecraft:skeleton":20,"minecraft:chicken":1,"gnumus:pitcher_mousse":1,"gnumus:gnumus_hunter":3,"born_in_chaos_v1:supreme_bonescaller_stage_2":1,"artifacts:mimic":1,"gnumus:gnumus_hunter_not_dispawn":2,"born_in_chaos_v1:spiritof_chaos":1,"born_in_chaos_v1:bone_imp_minion":4,"born_in_chaos_v1:diamond_termite":13,"born_in_chaos_v1:baby_skeleton":2,"irons_spellbooks:necromancer":1,"minecraft:creeper":2,"born_in_chaos_v1:decrepit_skeleton":8,"gnumus:gnumus_merchant":1,"minecraft:sheep":1,"minecraft:pillager":4,"alexsmobs:cockroach":1,"minecraft:zombie":15,"born_in_chaos_v1:bonescaller_not_despawn":1,"minecraft:stray":7,"born_in_chaos_v1:dark_vortex":1,"alexsmobs:fly":1,"iceandfire:sea_serpent":2,"born_in_chaos_v1:siamese_skeletonsleft":2,"minecraft:cow":4},"minecraft:mined":{"minecraft:large_amethyst_bud":1,"minecraft:diamond_ore":2,"minecraft:tuff":2,"iceandfire:silver_ore":7,"minecraft:mossy_cobblestone":2,"minecraft:deepslate_diamond_ore":25,"minecraft:dark_oak_log":1,"born_in_chaos_v1:infected_diamond_ore":3,"minecraft:dark_oak_fence":2,"minecraft:granite":3,"minecraft:budding_amethyst":1,"born_in_chaos_v1:dark_metal_deposit":7,"born_in_chaos_v1:black_argillite":1,"minecraft:spawner":19,"minecraft:furnace":4,"minecraft:fire":8,"minecraft:iron_ore":21,"minecraft:cobbled_deepslate":16,"minecraft:anvil":1,"minecraft:pointed_dripstone":11,"minecraft:deepslate_iron_ore":34,"gnumus:fragile_gnumus_jug":9,"minecraft:iron_block":2,"minecraft:stone":14,"minecraft:deepslate_redstone_ore":1,"minecraft:smoker":1,"minecraft:medium_amethyst_bud":1,"minecraft:amethyst_cluster":5,"minecraft:stone_brick_slab":2,"minecraft:crafting_table":3,"born_in_chaos_v1:infected_deepslate_diamond_ore":3,"minecraft:torch":3,"minecraft:mossy_cobblestone_wall":2,"minecraft:calcite":3,"minecraft:chest":5,"minecraft:cobblestone":2,"minecraft:tall_grass":2,"minecraft:deepslate_gold_ore":85,"minecraft:iron_door":1,"minecraft:wall_torch":4,"minecraft:amethyst_block":8,"minecraft:pink_petals":1,"minecraft:chain":1,"gnumus:gnumus_clay_block":1,"minecraft:wheat":37,"minecraft:magenta_bed":1,"minecraft:birch_leaves":2,"minecraft:grass":5,"minecraft:oak_log":16,"minecraft:coal_ore":2,"minecraft:gravel":1,"minecraft:dripstone_block":9,"minecraft:cobweb":60,"minecraft:smooth_basalt":2,"minecraft:raw_copper_block":5,"minecraft:gold_ore":4,"minecraft:oak_leaves":1,"minecraft:deepslate_emerald_ore":5,"minecraft:deepslate":48},"minecraft:picked_up":{"irons_spellbooks:scroll":1,"minecraft:wheat":60,"born_in_chaos_v1:diamond_termite_shard":14,"minecraft:crafting_table":3,"minecraft:iron_chestplate":2,"minecraft:diamond_sword":1,"minecraft:chicken":7,"born_in_chaos_v1:seedof_chaos":9,"minecraft:anvil":1,"gnumus:gnumus_claw":4,"minecraft:brown_mushroom":25,"minecraft:wooden_pickaxe":1,"minecraft:golden_shovel":1,"minecraft:chain":2,"minecraft:shield":1,"minecraft:amethyst_block":8,"iceandfire:sea_serpent_scales_blue":20,"born_in_chaos_v1:black_argillite":2,"irons_spellbooks:cast_time_ring":1,"iceandfire:manuscript":17,"minecraft:string":140,"artifacts:power_glove":1,"born_in_chaos_v1:dark_upgrade":1,"minecraft:iron_leggings":2,"minecraft:beetroot":7,"minecraft:diamond_leggings":1,"minecraft:gold_nugget":21,"minecraft:candle":2,"minecraft:cobbled_deepslate":107,"gnumus:packaged_goods":2,"minecraft:mossy_cobblestone_wall":2,"minecraft:beef":9,"minecraft:calcite":5,"minecraft:iron_pickaxe":6,"minecraft:sugar_cane":2,"minecraft:chest":7,"minecraft:raw_copper_block":9,"minecraft:egg":1,"minecraft:furnace":5,"minecraft:iron_boots":2,"minecraft:tipped_arrow":17,"minecraft:stick":3,"artifacts:universal_attractor":3,"minecraft:raw_iron":121,"born_in_chaos_v1:shattered_skull":3,"minecraft:oak_fence":1,"minecraft:torch":11,"minecraft:cherry_log":2,"minecraft:pointed_dripstone":70,"minecraft:carrot":18,"born_in_chaos_v1:pieceofdarkmetal":37,"minecraft:redstone":8,"minecraft:diamond_chestplate":1,"minecraft:cooked_cod":16,"minecraft:arrow":12,"minecraft:rotten_flesh":27,"minecraft:diamond_boots":1,"minecraft:iron_block":4,"minecraft:gold_ingot":20,"minecraft:birch_log":1,"minecraft:obsidian":13,"born_in_chaos_v1:trident_hayfork":2,"gnumus:mouse_skin":12,"minecraft:mutton":2,"minecraft:cod":3,"minecraft:white_wool":2,"minecraft:cobblestone":20,"born_in_chaos_v1:fused_bone":8,"minecraft:pink_petals":1,"born_in_chaos_v1:corpse_maggot":5,"gnumus:gnumus_doubloons":19,"minecraft:feather":4,"minecraft:cooked_beef":8,"iceandfire:sea_serpent_fang":26,"minecraft:iron_door":1,"born_in_chaos_v1:spiritual_dust":4,"gnumus:overripe_carrot":3,"minecraft:leather":23,"minecraft:smoker":1,"minecraft:tuff":4,"minecraft:oak_log":28,"minecraft:magenta_bed":1,"minecraft:gunpowder":38,"minecraft:paper":2,"minecraft:white_banner":1,"gnumus:gnumus_pouch_2":4,"minecraft:name_tag":1,"born_in_chaos_v1:monster_skin":10,"born_in_chaos_v1:marigolds":12,"minecraft:bone":58,"minecraft:apple":7,"gnumus:gnumus_horn":2,"minecraft:bow":2,"minecraft:wheat_seeds":134,"alexsmobs:cockroach_wing_fragment":1,"minecraft:raw_gold":143,"minecraft:rabbit_hide":3,"minecraft:iron_ingot":66,"born_in_chaos_v1:smoked_flesh":15,"minecraft:stone_pickaxe":1,"minecraft:diamond_helmet":1,"minecraft:rabbit":6,"iceandfire:sea_serpent_scales_deepblue":12,"minecraft:iron_sword":4,"minecraft:oak_planks":59,"minecraft:smooth_basalt":9,"irons_spellbooks:frozen_bone":18,"minecraft:sweet_berries":4,"iceandfire:ash":3,"minecraft:stone_brick_slab":2,"born_in_chaos_v1:orbofthe_summoner":2,"born_in_chaos_v1:ethereal_spirit":5,"minecraft:dandelion":2,"minecraft:gravel":2,"minecraft:dripstone_block":33,"born_in_chaos_v1:dark_rod":6,"minecraft:amethyst_shard":20,"gnumus:gnumus_cheese":1,"alexsmobs:animal_dictionary":2,"minecraft:spider_eye":15,"minecraft:mossy_cobblestone":2,"minecraft:diamond_shovel":1,"minecraft:diamond":39,"gnumus:gnumus_clay":22,"minecraft:granite":3,"minecraft:golden_apple":1,"minecraft:emerald":24,"minecraft:bread":7,"minecraft:chainmail_helmet":2,"minecraft:dark_oak_fence":2,"minecraft:coal":11,"iceandfire:raw_silver":14},"minecraft:used":{"minecraft:beetroot":7,"minecraft:chest":7,"minecraft:shield":92,"minecraft:iron_sword":499,"minecraft:torch":43,"minecraft:anvil":1,"minecraft:carrot":6,"born_in_chaos_v1:smoked_flesh":4,"minecraft:smooth_basalt":3,"minecraft:raw_copper_block":5,"minecraft:bow":57,"minecraft:furnace":5,"minecraft:cooked_cod":17,"minecraft:egg":1,"minecraft:cooked_beef":9,"minecraft:cobbled_deepslate":53,"born_in_chaos_v1:trident_hayfork":63,"minecraft:calcite":3,"minecraft:wheat_seeds":37,"minecraft:cooked_mutton":2,"minecraft:oak_planks":16,"minecraft:stone_pickaxe":50,"minecraft:ender_pearl":3,"minecraft:wooden_pickaxe":4,"minecraft:golden_apple":7,"minecraft:crafting_table":11,"minecraft:magenta_bed":1,"minecraft:dripstone_block":4,"gnumus:gnumus_cheese":1,"minecraft:smoker":1,"minecraft:apple":7,"minecraft:bread":46,"minecraft:iron_pickaxe":333,"minecraft:pink_petals":1,"minecraft:diamond_sword":50,"minecraft:cobblestone":1,"alexsmobs:animal_dictionary":1},"minecraft:broken":{"minecraft:shield":2,"minecraft:iron_pickaxe":1},"minecraft:crafted":{"minecraft:cherry_planks":8,"minecraft:oak_planks":80,"minecraft:cooked_chicken":1,"minecraft:furnace":1,"minecraft:raw_copper_block":7,"minecraft:cooked_mutton":2,"born_in_chaos_v1:pieceofdarkmetal":9,"minecraft:diamond":1,"minecraft:diamond_helmet":1,"minecraft:diamond_leggings":1,"minecraft:bow":1,"minecraft:raw_copper":36,"minecraft:stone_pickaxe":1,"minecraft:chest":2,"minecraft:diamond_boots":1,"minecraft:cooked_beef":9,"minecraft:cooked_cod":17,"minecraft:crafting_table":8,"minecraft:wooden_pickaxe":1,"minecraft:iron_sword":1,"born_in_chaos_v1:bone_heart":3,"minecraft:bread":19,"minecraft:air":0,"minecraft:iron_chestplate":1,"minecraft:shield":3,"minecraft:stick":12,"minecraft:iron_ingot":21,"minecraft:iron_pickaxe":1,"minecraft:iron_leggings":1,"minecraft:torch":12,"minecraft:diamond_chestplate":1},"minecraft:killed_by":{"minecraft:skeleton":2,"born_in_chaos_v1:dire_hound_leader":1,"iceandfire:fire_dragon":1},"minecraft:dropped":{"minecraft:brown_mushroom":15,"minecraft:dripstone_block":6,"minecraft:feather":2,"minecraft:amethyst_block":2,"minecraft:string":4,"minecraft:white_wool":1,"minecraft:smooth_basalt":1,"minecraft:redstone":8,"minecraft:cobbled_deepslate":10,"minecraft:raw_copper":6,"minecraft:pointed_dripstone":19,"minecraft:rotten_flesh":8,"minecraft:golden_shovel":1,"minecraft:tipped_arrow":22,"born_in_chaos_v1:corpse_maggot":1,"minecraft:chest":2,"minecraft:spider_eye":1,"minecraft:calcite":1}},"DataVersion":3465}