{"stats":{"minecraft:broken":{"minecraft:golden_helmet":1,"minecraft:iron_shovel":1,"taccraft:flak_vest_leggings":1,"minecraft:golden_chestplate":1,"minecraft:shield":1,"minecraft:iron_pickaxe":2,"minecraft:wooden_hoe":1},"minecraft:killed":{"minecraft:witch":4,"minecraft:spider":16,"minecraft:skeleton":46,"minecraft:chicken":1,"minecraft:pig":3,"minecraft:zombie_villager":2,"minecraft:salmon":1,"minecraft:creeper":87,"minecraft:sheep":35,"minecraft:pillager":52,"minecraft:zombie":153,"minecraft:cow":4,"minecraft:vex":3,"minecraft:evoker":4,"minecraft:vindicator":17,"minecraft:bat":1,"minecraft:ravager":3,"minecraft:squid":1},"minecraft:killed_by":{"minecraft:creeper":7,"minecraft:vindicator":1,"minecraft:zombie":16,"minecraft:vex":1,"minecraft:player":1,"minecraft:spider":2,"minecraft:guardian":2},"minecraft:mined":{"minecraft:dark_oak_planks":27,"minecraft:stone_pressure_plate":1,"minecraft:white_bed":1,"minecraft:andesite_stairs":1,"minecraft:jungle_leaves":90,"minecraft:brewing_stand":1,"minecraft:obsidian":10,"minecraft:cave_vines_plant":1,"minecraft:granite":32,"minecraft:stone_brick_wall":1,"minecraft:grass_block":376,"minecraft:jungle_log":7,"minecraft:cracked_polished_blackstone_bricks":1,"minecraft:white_concrete":6,"minecraft:oak_pressure_plate":2,"minecraft:coal_block":3,"minecraft:nether_wart":30,"minecraft:spawner":22,"minecraft:smooth_stone":1,"minecraft:tall_seagrass":1,"minecraft:magma_block":3,"minecraft:iron_ore":58,"minecraft:sticky_piston":1,"minecraft:cobbled_deepslate":25,"minecraft:azure_bluet":1,"minecraft:iron_bars":9,"minecraft:spruce_pressure_plate":1,"minecraft:light_gray_concrete":5,"minecraft:cyan_terracotta":2,"minecraft:smoker":1,"minecraft:torch":6,"minecraft:chest":1,"minecraft:cobblestone":46,"minecraft:oak_planks":2,"minecraft:smooth_sandstone_slab":12,"minecraft:amethyst_block":2,"minecraft:seagrass":1,"minecraft:lapis_block":2,"minecraft:wheat":249,"minecraft:black_bed":1,"minecraft:stone_brick_stairs":1,"minecraft:wither_rose":4,"minecraft:cracked_deepslate_tiles":5,"minecraft:grass":137,"minecraft:oak_log":33,"minecraft:dirt":134,"minecraft:sand":33,"minecraft:netherrack":2,"minecraft:oak_leaves":18,"minecraft:deepslate":129,"minecraft:emerald_block":3,"minecraft:redstone_lamp":1,"minecraft:crying_obsidian":3,"horror_element_mod:blood_3":2,"minecraft:mossy_cobblestone":1,"minecraft:dark_oak_leaves":1,"minecraft:mangrove_roots":19,"minecraft:ladder":1,"minecraft:redstone_wire":15,"minecraft:polished_andesite_slab":1,"minecraft:spruce_leaves":13,"minecraft:moss_block":6,"cgm:workbench":1,"minecraft:large_fern":2,"minecraft:hay_block":120,"minecraft:redstone_ore":1,"minecraft:waxed_oxidized_cut_copper":1,"minecraft:carrots":9,"minecraft:jungle_sapling":4,"minecraft:andesite":1,"minecraft:green_terracotta":2,"minecraft:black_concrete":8,"minecraft:gold_block":6,"minecraft:polished_deepslate":2,"minecraft:deepslate_iron_ore":14,"minecraft:cobblestone_slab":4,"minecraft:vine":4,"minecraft:bamboo":1,"minecraft:stone":195,"minecraft:podzol":14,"horror_element_mod:sound_block":1,"minecraft:redstone_block":7,"minecraft:soul_sand":30,"minecraft:dandelion":3,"minecraft:stone_brick_slab":1,"minecraft:observer":2,"minecraft:smooth_sandstone":15,"minecraft:campfire":1,"minecraft:copper_ore":31,"minecraft:tall_grass":42,"minecraft:deepslate_gold_ore":5,"minecraft:cracked_deepslate_bricks":2,"minecraft:diorite":11,"hunting_delight:wolfcorpse":1,"minecraft:birch_leaves":1,"minecraft:yellow_bed":3,"k_turrets:titanium_ore":22,"minecraft:coal_ore":53,"minecraft:cocoa":2,"minecraft:gravel":27,"minecraft:sunflower":17,"minecraft:dripstone_block":1,"minecraft:cobweb":12,"minecraft:polished_andesite":11,"minecraft:stone_bricks":4,"minecraft:gold_ore":3,"minecraft:iron_trapdoor":1},"minecraft:used":{"minecraft:music_disc_far":1,"hunting_delight:cutlet":9,"minecraft:iron_shovel":462,"minecraft:polished_deepslate":3,"minecraft:diamond_hoe":37,"minecraft:chest":9,"minecraft:white_concrete_powder":7,"minecraft:shield":28,"minecraft:iron_sword":251,"minecraft:carrot":9,"minecraft:music_disc_13":1,"minecraft:azure_bluet":1,"minecraft:spruce_boat":1,"minecraft:jungle_sapling":4,"minecraft:music_disc_pigstep":1,"cgm:shotgun":298,"minecraft:birch_sapling":4,"minecraft:stone_bricks":3,"taccraft:flak_vest_chestplate":2,"minecraft:redstone_lamp":1,"minecraft:magma_block":1,"minecraft:mangrove_roots":4,"minecraft:diorite":6,"minecraft:oak_planks":10,"minecraft:stone_pickaxe":6,"minecraft:powered_rail":6,"minecraft:wooden_pickaxe":3,"minecraft:jungle_boat":1,"hunting_delight:sandwich":14,"minecraft:black_concrete_powder":8,"minecraft:stone_brick_wall":1,"minecraft:black_bed":1,"minecraft:bread":52,"minecraft:oak_pressure_plate":1,"minecraft:gravel":8,"additionalguns:scar":553,"taccraft:flak_vest_boots":2,"taccraft:flak_vest_leggings":1,"hunting_delight:huntingknife":38,"horror_element_mod:blood_3":1,"minecraft:bone_meal":471,"minecraft:cobweb":12,"minecraft:music_disc_otherside":2,"hunting_delight:wolfcorpse":1,"minecraft:redstone":15,"minecraft:spruce_planks":48,"minecraft:stone_hoe":6,"minecraft:oak_door":1,"minecraft:torch":89,"minecraft:dirt":576,"cgm:workbench":3,"hunting_delight:rawsquid":1,"additionalguns:akm":516,"minecraft:andesite_wall":1,"minecraft:dark_oak_planks":12,"minecraft:iron_axe":61,"hunting_delight:worm":5,"minecraft:totem_of_undying":1,"minecraft:barrel":1,"marbledsarsenal:katana":26,"hunting_delight:tainted_flesh":1,"minecraft:cooked_beef":30,"hunting_delight:scrambled_eggs":2,"minecraft:cobbled_deepslate":136,"minecraft:wheat_seeds":285,"minecraft:cooked_mutton":38,"minecraft:water_bucket":19,"minecraft:polished_andesite":5,"minecraft:baked_potato":13,"horror_element_mod:slashed_skull":1,"taccraft:plate_carrier_helmet":1,"minecraft:cobblestone_slab":4,"minecraft:crafting_table":7,"hunting_delight:humanmeat":2,"minecraft:white_bed":1,"minecraft:light_gray_concrete_powder":5,"minecraft:wooden_hoe":61,"minecraft:diamond_pickaxe":123,"minecraft:cracked_polished_blackstone_bricks":1,"minecraft:sunflower":18,"minecraft:iron_pickaxe":684,"cgm:grenade":11,"minecraft:spruce_pressure_plate":1,"minecraft:stone_axe":3,"minecraft:potion":2,"minecraft:cobblestone":145,"minecraft:cooked_porkchop":16,"minecraft:bucket":19,"minecraft:yellow_bed":2,"minecraft:dandelion":1,"minecraft:jukebox":1,"minecraft:smooth_stone":3},"minecraft:picked_up":{"hunting_delight:tainted_flesh":54,"hunting_delight:cutlet":63,"minecraft:iron_chestplate":1,"minecraft:music_disc_strad":1,"minecraft:wheat":282,"minecraft:redstone_block":19,"minecraft:iron_trapdoor":1,"minecraft:oak_stairs":4,"minecraft:wither_rose":3,"minecraft:potion":2,"minecraft:stone_brick_stairs":1,"minecraft:brewing_stand":1,"minecraft:amethyst_block":4,"minecraft:lapis_block":4,"minecraft:polished_deepslate":9,"minecraft:string":58,"minecraft:raw_copper":198,"horror_element_mod:blood_3":2,"minecraft:smooth_stone_slab":4,"minecraft:iron_leggings":1,"minecraft:sticky_piston":2,"hunting_delight:sheepcorpse":1,"minecraft:smooth_stone":7,"minecraft:cobbled_deepslate":186,"minecraft:bucket":3,"minecraft:spruce_planks":115,"minecraft:cobblestone_slab":7,"minecraft:iron_pickaxe":11,"minecraft:coal_block":57,"minecraft:golden_helmet":2,"minecraft:spruce_pressure_plate":1,"minecraft:stick":44,"minecraft:torch":61,"minecraft:porkchop":48,"minecraft:diorite":19,"minecraft:music_disc_pigstep":4,"minecraft:golden_chestplate":5,"minecraft:black_dye":2,"minecraft:andesite_wall":1,"minecraft:rotten_flesh":403,"minecraft:mangrove_roots":49,"additionalguns:casing_heavy":1056,"hunting_delight:worm":59,"minecraft:obsidian":28,"minecraft:iron_bars":14,"minecraft:cobblestone":389,"minecraft:birch_log":3,"minecraft:magma_block":3,"minecraft:leather_chestplate":1,"minecraft:feather":2,"minecraft:cooked_beef":95,"minecraft:jungle_log":7,"minecraft:andesite":1,"minecraft:black_bed":1,"minecraft:golden_leggings":1,"minecraft:potato":54,"minecraft:flint":4,"minecraft:skull_banner_pattern":2,"minecraft:tuff":2,"minecraft:dirt":961,"minecraft:polished_granite":4,"cgm:grenade":43,"minecraft:bone":464,"taccraft:assault_vest_boots":13,"minecraft:stonecutter":10,"minecraft:bow":11,"minecraft:wheat_seeds":718,"horror_element_mod:sound_block":2,"minecraft:raw_gold":17,"hunting_delight:rawsquid":5,"minecraft:glowstone_dust":1,"minecraft:bamboo":12,"minecraft:powered_rail":6,"minecraft:moss_block":9,"minecraft:oak_planks":41,"minecraft:stone_hoe":1,"taccraft:flak_vest_boots":6,"minecraft:cooked_porkchop":18,"minecraft:music_disc_13":3,"minecraft:oak_pressure_plate":2,"minecraft:sand":33,"minecraft:ink_sac":5,"minecraft:barrel":1,"minecraft:mossy_cobblestone":1,"hunting_delight:animal_fat":228,"additionalguns:desert_eagle":1,"cgm:shell":1373,"minecraft:iron_hoe":1,"minecraft:light_gray_concrete":5,"minecraft:polished_andesite":11,"additionalguns:scar":6,"minecraft:sugar":7,"minecraft:diamond":17,"hunting_delight:huntingknife":10,"minecraft:black_concrete":8,"minecraft:soul_lantern":9,"additionalguns:akm":2,"minecraft:cracked_polished_blackstone_bricks":1,"minecraft:crossbow":4,"minecraft:granite":43,"minecraft:golden_apple":5,"minecraft:white_concrete":6,"minecraft:emerald":38,"minecraft:golden_horse_armor":1,"minecraft:bread":126,"minecraft:oak_sapling":6,"minecraft:netherrack":2,"minecraft:diamond_pickaxe":2,"minecraft:charcoal":98,"minecraft:fishing_rod":3,"minecraft:cocoa_beans":7,"minecraft:crafting_table":1,"minecraft:azure_bluet":2,"minecraft:chicken":2,"minecraft:ladder":7,"minecraft:nether_wart":136,"minecraft:clay_ball":14,"minecraft:redstone_lamp":1,"taccraft:flak_vest_chestplate":12,"minecraft:wooden_pickaxe":1,"minecraft:stone_brick_wall":1,"minecraft:gold_block":13,"minecraft:diamond_horse_armor":1,"minecraft:shield":6,"minecraft:iron_axe":5,"minecraft:flint_and_steel":2,"cgm:shotgun":5,"minecraft:iron_shovel":4,"horror_element_mod:human_remains":8,"minecraft:music_disc_otherside":1,"minecraft:beef":25,"minecraft:andesite_stairs":1,"additionalguns:angled_grip":1,"minecraft:observer":2,"minecraft:jungle_sapling":12,"minecraft:iron_nugget":39,"minecraft:light_gray_wool":13,"minecraft:chest":2,"minecraft:birch_sapling":8,"minecraft:egg":13,"minecraft:raw_iron":169,"minecraft:stone":2,"minecraft:oak_door":1,"minecraft:copper_ingot":26,"hunting_delight:humanmeat":50,"hunting_delight:cookedhumanmeat":1,"hunting_delight:sandwich":49,"marbledsarsenal:katana":2,"hunting_delight:chitin":6,"minecraft:carrot":80,"minecraft:redstone":22,"minecraft:stone_pressure_plate":5,"minecraft:dark_oak_planks":118,"minecraft:smooth_sandstone_slab":14,"minecraft:arrow":82,"minecraft:golden_hoe":3,"k_turrets:raw_titanium":45,"hunting_delight:wolfcorpse":1,"minecraft:hay_block":200,"minecraft:cracked_deepslate_bricks":8,"minecraft:saddle":3,"minecraft:gold_ingot":14,"minecraft:totem_of_undying":2,"minecraft:glow_berries":3,"minecraft:mutton":212,"minecraft:skeleton_skull":23,"minecraft:white_wool":102,"minecraft:oxeye_daisy":2,"minecraft:cracked_deepslate_tiles":10,"additionalguns:bullet_heavy":1069,"minecraft:salmon":2,"minecraft:leather":56,"minecraft:yellow_dye":2,"additionalguns:bullet_long":1545,"minecraft:oak_log":42,"minecraft:golden_boots":1,"minecraft:yellow_bed":5,"minecraft:gunpowder":280,"additionalguns:casing_long":1235,"minecraft:white_banner":5,"minecraft:cooked_mutton":168,"minecraft:smooth_sandstone":15,"minecraft:apple":51,"minecraft:stone_bricks":13,"minecraft:music_disc_far":3,"minecraft:iron_ingot":110,"minecraft:stone_pickaxe":2,"minecraft:cobweb":11,"minecraft:glass_bottle":2,"minecraft:polished_andesite_slab":1,"hunting_delight:large_leather_bag":6,"minecraft:iron_sword":13,"minecraft:soul_sand":120,"minecraft:oak_slab":3,"minecraft:emerald_block":6,"minecraft:stone_brick_slab":1,"minecraft:dandelion":3,"minecraft:dripstone_block":2,"minecraft:gravel":32,"minecraft:lava_bucket":1,"hunting_delight:rot":1,"taccraft:flak_vest_leggings":13,"minecraft:spruce_sapling":1,"minecraft:white_bed":1,"minecraft:crying_obsidian":3,"minecraft:spider_eye":12,"hunting_delight:animal_fat_block":6,"minecraft:slime_ball":164,"minecraft:stone_axe":2,"hunting_delight:broken_bone":2594,"minecraft:gray_wool":35,"minecraft:black_wool":15,"cgm:workbench":2,"minecraft:coal":362,"taccraft:plate_carrier_helmet":11,"minecraft:sunflower":19},"minecraft:custom":{"minecraft:animals_bred":36,"minecraft:interact_with_crafting_table":68,"minecraft:open_barrel":101,"minecraft:bell_ring":3,"minecraft:leave_game":134,"minecraft:time_since_death":2898,"minecraft:sprint_one_cm":2031004,"minecraft:damage_blocked_by_shield":2243,"minecraft:drop":234,"minecraft:play_noteblock":14,"minecraft:talked_to_villager":1,"minecraft:play_time":796325,"minecraft:deaths":31,"minecraft:jump":11453,"minecraft:walk_on_water_one_cm":41650,"minecraft:interact_with_furnace":41,"minecraft:play_record":5,"minecraft:sleep_in_bed":31,"minecraft:damage_dealt":11435,"minecraft:player_kills":3,"minecraft:crouch_one_cm":37913,"minecraft:interact_with_smoker":65,"minecraft:mob_kills":470,"minecraft:damage_dealt_resisted":366,"minecraft:climb_one_cm":27594,"minecraft:walk_one_cm":2167957,"minecraft:damage_dealt_absorbed":200,"minecraft:sneak_time":17763,"minecraft:walk_under_water_one_cm":34529,"minecraft:boat_one_cm":70700,"minecraft:interact_with_blast_furnace":35,"minecraft:total_world_time":796325,"minecraft:tune_noteblock":4,"minecraft:raid_trigger":1,"minecraft:time_since_rest":3352,"minecraft:damage_taken":17082,"minecraft:damage_absorbed":80,"minecraft:trigger_trapped_chest":140,"minecraft:swim_one_cm":121392,"minecraft:fly_one_cm":2858259,"minecraft:open_chest":439,"minecraft:fall_one_cm":239863},"minecraft:dropped":{"minecraft:iron_sword":3,"minecraft:soul_sand":60,"minecraft:oak_pressure_plate":1,"minecraft:glass_bottle":2,"hunting_delight:humanmeat":4,"marbledsapi:steel_sheet":6,"minecraft:music_disc_13":1,"minecraft:emerald":1,"minecraft:dirt":6,"hunting_delight:sandwich":13,"hunting_delight:tainted_flesh":1,"taccraft:flak_vest_boots":4,"minecraft:jungle_sapling":4,"hunting_delight:sheepcorpse":1,"minecraft:iron_pickaxe":1,"minecraft:white_wool":59,"cgm:shell":229,"hunting_delight:rot":1,"minecraft:bone":29,"hunting_delight:cutlet":1,"minecraft:stone_axe":1,"minecraft:iron_nugget":19,"cgm:shotgun":2,"additionalguns:desert_eagle":1,"minecraft:cobbled_deepslate":6,"minecraft:wheat":18,"minecraft:birch_sapling":2,"minecraft:rotten_flesh":33,"minecraft:cooked_mutton":93,"minecraft:carrot":5,"minecraft:gunpowder":10,"minecraft:skull_banner_pattern":1,"minecraft:skeleton_skull":4,"minecraft:charcoal":47,"k_turrets:raw_titanium":2,"taccraft:plate_carrier_helmet":2,"hunting_delight:scrambled_eggs":2,"minecraft:netherrack":2,"minecraft:egg":2,"minecraft:iron_ingot":56,"minecraft:bread":8,"minecraft:wheat_seeds":1,"cgm:grenade":1,"minecraft:mossy_cobblestone":1,"minecraft:dripstone_block":2,"horror_element_mod:sound_block":2,"minecraft:cobblestone":59,"hunting_delight:broken_bone":143,"minecraft:music_disc_pigstep":1,"minecraft:coal":70,"minecraft:golden_apple":1,"minecraft:stick":1,"minecraft:lava_bucket":1,"minecraft:gray_wool":5,"taccraft:flak_vest_chestplate":2,"minecraft:diorite":2,"taccraft:assault_vest_boots":3,"taccraft:flak_vest_leggings":2,"minecraft:golden_hoe":1,"minecraft:stonecutter":10,"hunting_delight:worm":7,"hunting_delight:animal_fat":35,"hunting_delight:huntingknife":1,"minecraft:string":3,"additionalguns:scar":2,"minecraft:redstone_block":6,"minecraft:polished_deepslate":2,"minecraft:raw_copper":74,"minecraft:sticky_piston":2,"minecraft:raw_iron":3,"minecraft:light_gray_wool":1,"minecraft:stone":2,"minecraft:shield":1,"horror_element_mod:human_remains":8,"minecraft:yellow_bed":1,"minecraft:andesite_stairs":1,"minecraft:spider_eye":1,"minecraft:slime_ball":54,"minecraft:bow":1,"minecraft:stone_pickaxe":1},"minecraft:crafted":{"minecraft:black_dye":5,"minecraft:light_gray_concrete_powder":8,"minecraft:oak_planks":136,"minecraft:cooked_mutton":89,"hunting_delight:mini_bag":2,"hunting_delight:sandwich":52,"hunting_delight:animal_fat":54,"minecraft:chest":7,"marbledsapi:steel_ingot":4,"hunting_delight:stuffing":105,"hunting_delight:cutlet":99,"hunting_delight:scrambled_eggs":4,"minecraft:stone_hoe":1,"minecraft:emerald":18,"minecraft:cooked_porkchop":20,"minecraft:crafting_table":6,"minecraft:jungle_boat":1,"minecraft:wooden_pickaxe":1,"minecraft:baked_potato":27,"taccraft:flak_vest_boots":3,"minecraft:copper_ingot":46,"hunting_delight:large_leather_bag":1,"minecraft:birch_planks":28,"marbledsapi:raw_steel":4,"minecraft:wooden_hoe":1,"minecraft:diamond_pickaxe":1,"minecraft:shield":1,"minecraft:stick":64,"minecraft:iron_ingot":44,"minecraft:iron_pickaxe":4,"minecraft:gold_ingot":36,"minecraft:light_gray_dye":1,"minecraft:shears":1,"minecraft:coal":81,"minecraft:jukebox":1,"minecraft:leather_boots":3,"minecraft:iron_nugget":396,"minecraft:bone_meal":508,"taccraft:nylon_cloth":10,"minecraft:white_concrete_powder":8,"minecraft:leather":28,"minecraft:black_concrete_powder":8,"minecraft:iron_axe":1,"minecraft:stone_pickaxe":1,"minecraft:spruce_boat":1,"hunting_delight:leather_bag":1,"cgm:workbench":1,"marbledsarsenal:katana":2,"minecraft:lead":4,"minecraft:wheat":207,"hunting_delight:huntingknife":2,"minecraft:cooked_beef":7,"minecraft:coal_block":8,"marbledsapi:steel_sheet":8,"hunting_delight:soaked_coal":40,"minecraft:bucket":1,"taccraft:nylon_stripe":20,"minecraft:air":0,"minecraft:bread":134,"minecraft:jungle_planks":28,"minecraft:blue_dye":1,"hunting_delight:medium_leather_bag":1,"minecraft:white_wool":1,"minecraft:gold_nugget":468,"minecraft:white_dye":51,"minecraft:iron_shovel":2,"hunting_delight:cookedhumanmeat":2,"minecraft:torch":128}},"DataVersion":3120}