{"stats":{"minecraft:broken":{"minecraft:golden_helmet":1,"minecraft:iron_shovel":1,"minecraft:iron_pickaxe":1,"minecraft:golden_chestplate":1},"minecraft:killed":{"minecraft:spider":3,"minecraft:skeleton":5,"minecraft:chicken":1,"minecraft:salmon":1,"minecraft:creeper":6,"minecraft:squid":1,"minecraft:sheep":4,"minecraft:zombie":18,"minecraft:cow":3},"minecraft:killed_by":{"minecraft:creeper":4,"minecraft:spider":2,"minecraft:zombie":12},"minecraft:mined":{"minecraft:dark_oak_planks":25,"minecraft:stone_pressure_plate":1,"minecraft:white_bed":1,"horror_element_mod:blood_3":2,"minecraft:dark_oak_leaves":1,"minecraft:andesite_stairs":1,"minecraft:mangrove_roots":19,"minecraft:brewing_stand":1,"minecraft:granite":32,"minecraft:grass_block":347,"minecraft:cracked_polished_blackstone_bricks":1,"minecraft:redstone_wire":15,"minecraft:white_concrete":6,"minecraft:oak_pressure_plate":2,"minecraft:coal_block":3,"minecraft:moss_block":6,"minecraft:spawner":4,"cgm:workbench":1,"minecraft:hay_block":85,"minecraft:large_fern":2,"minecraft:smooth_stone":1,"minecraft:tall_seagrass":1,"minecraft:magma_block":3,"minecraft:iron_ore":26,"minecraft:sticky_piston":1,"minecraft:cobbled_deepslate":3,"minecraft:andesite":1,"minecraft:green_terracotta":2,"minecraft:gold_block":4,"minecraft:polished_deepslate":1,"minecraft:deepslate_iron_ore":2,"minecraft:iron_bars":2,"minecraft:spruce_pressure_plate":1,"minecraft:light_gray_concrete":5,"minecraft:stone":171,"minecraft:podzol":14,"horror_element_mod:sound_block":1,"minecraft:smoker":1,"minecraft:torch":3,"minecraft:campfire":1,"minecraft:copper_ore":3,"minecraft:tall_grass":35,"minecraft:cobblestone":28,"minecraft:oak_planks":2,"minecraft:cracked_deepslate_bricks":2,"minecraft:amethyst_block":2,"minecraft:diorite":4,"hunting_delight:wolfcorpse":1,"minecraft:seagrass":1,"minecraft:lapis_block":2,"minecraft:wheat":39,"minecraft:birch_leaves":1,"minecraft:wither_rose":4,"minecraft:yellow_bed":3,"minecraft:grass":97,"k_turrets:titanium_ore":20,"minecraft:cracked_deepslate_tiles":5,"minecraft:coal_ore":53,"minecraft:oak_log":33,"minecraft:gravel":20,"minecraft:dirt":104,"minecraft:sunflower":15,"minecraft:sand":19,"minecraft:dripstone_block":1,"minecraft:cobweb":6,"minecraft:stone_bricks":2,"minecraft:deepslate":1,"minecraft:oak_leaves":4,"minecraft:emerald_block":3},"minecraft:used":{"hunting_delight:wolfcorpse":1,"minecraft:iron_shovel":462,"minecraft:redstone":15,"minecraft:chest":6,"minecraft:white_concrete_powder":7,"minecraft:iron_sword":207,"minecraft:shield":5,"minecraft:stone_hoe":6,"minecraft:oak_door":1,"minecraft:torch":16,"minecraft:dirt":411,"cgm:workbench":2,"minecraft:dark_oak_planks":12,"minecraft:iron_axe":52,"hunting_delight:worm":4,"minecraft:magma_block":1,"minecraft:mangrove_roots":4,"minecraft:cooked_beef":30,"hunting_delight:scrambled_eggs":2,"minecraft:cobbled_deepslate":1,"minecraft:wheat_seeds":39,"minecraft:diorite":3,"horror_element_mod:slashed_skull":1,"minecraft:oak_planks":10,"minecraft:stone_pickaxe":6,"minecraft:wooden_pickaxe":3,"taccraft:plate_carrier_helmet":1,"minecraft:crafting_table":3,"hunting_delight:humanmeat":2,"minecraft:white_bed":1,"minecraft:light_gray_concrete_powder":5,"minecraft:spruce_pressure_plate":1,"minecraft:cracked_polished_blackstone_bricks":1,"minecraft:iron_pickaxe":407,"minecraft:sunflower":16,"minecraft:bread":52,"minecraft:oak_pressure_plate":1,"minecraft:gravel":2,"minecraft:stone_axe":3,"minecraft:cobblestone":80,"minecraft:potion":2,"taccraft:flak_vest_boots":2,"minecraft:cooked_porkchop":7,"minecraft:yellow_bed":2,"horror_element_mod:blood_3":1,"hunting_delight:huntingknife":9,"minecraft:bone_meal":89,"minecraft:cobweb":6},"minecraft:picked_up":{"minecraft:charcoal":4,"minecraft:music_disc_strad":1,"minecraft:crafting_table":1,"minecraft:wheat":75,"minecraft:azure_bluet":1,"minecraft:chicken":2,"taccraft:flak_vest_chestplate":2,"minecraft:wooden_pickaxe":1,"minecraft:oak_stairs":4,"minecraft:wither_rose":3,"minecraft:gold_block":11,"minecraft:brewing_stand":1,"minecraft:shield":1,"minecraft:amethyst_block":4,"minecraft:lapis_block":4,"minecraft:polished_deepslate":2,"minecraft:string":9,"minecraft:raw_copper":11,"minecraft:iron_axe":5,"minecraft:flint_and_steel":2,"horror_element_mod:blood_3":2,"minecraft:sticky_piston":2,"minecraft:iron_shovel":4,"horror_element_mod:human_remains":8,"minecraft:cobbled_deepslate":10,"minecraft:smooth_stone":2,"minecraft:beef":21,"minecraft:andesite_stairs":1,"minecraft:iron_nugget":39,"minecraft:iron_pickaxe":6,"minecraft:light_gray_wool":4,"minecraft:coal_block":7,"minecraft:chest":1,"minecraft:birch_sapling":1,"minecraft:egg":12,"minecraft:golden_helmet":2,"minecraft:spruce_pressure_plate":1,"minecraft:raw_iron":44,"minecraft:stick":9,"minecraft:oak_door":1,"hunting_delight:humanmeat":42,"minecraft:torch":36,"minecraft:porkchop":22,"minecraft:diorite":4,"hunting_delight:chitin":3,"minecraft:redstone":17,"minecraft:golden_chestplate":4,"minecraft:stone_pressure_plate":5,"minecraft:dark_oak_planks":112,"minecraft:arrow":8,"minecraft:rotten_flesh":109,"minecraft:golden_hoe":3,"k_turrets:raw_titanium":40,"hunting_delight:wolfcorpse":1,"minecraft:hay_block":130,"minecraft:cracked_deepslate_bricks":8,"minecraft:mangrove_roots":49,"minecraft:gold_ingot":6,"hunting_delight:worm":39,"minecraft:obsidian":18,"minecraft:mutton":52,"minecraft:iron_bars":4,"minecraft:skeleton_skull":23,"minecraft:white_wool":18,"minecraft:cobblestone":275,"minecraft:cracked_deepslate_tiles":10,"minecraft:birch_log":3,"minecraft:magma_block":3,"minecraft:feather":2,"minecraft:cooked_beef":95,"minecraft:salmon":2,"minecraft:andesite":1,"minecraft:leather":56,"minecraft:potato":54,"minecraft:flint":4,"minecraft:skull_banner_pattern":2,"minecraft:oak_log":42,"minecraft:yellow_bed":5,"minecraft:gunpowder":33,"minecraft:dirt":547,"minecraft:bone":104,"minecraft:apple":50,"taccraft:assault_vest_boots":2,"minecraft:stone_bricks":2,"minecraft:stonecutter":10,"minecraft:wheat_seeds":135,"horror_element_mod:sound_block":2,"minecraft:iron_ingot":7,"minecraft:stone_pickaxe":1,"hunting_delight:rawsquid":4,"minecraft:glowstone_dust":1,"minecraft:moss_block":9,"minecraft:iron_sword":7,"minecraft:stone_hoe":1,"minecraft:oak_planks":39,"minecraft:oak_slab":3,"taccraft:flak_vest_boots":6,"minecraft:emerald_block":6,"minecraft:cooked_porkchop":18,"minecraft:dripstone_block":2,"minecraft:oak_pressure_plate":2,"minecraft:gravel":18,"hunting_delight:rot":1,"minecraft:sand":19,"taccraft:flak_vest_leggings":2,"minecraft:ink_sac":5,"minecraft:white_bed":1,"minecraft:spider_eye":9,"hunting_delight:animal_fat_block":4,"hunting_delight:animal_fat":167,"minecraft:light_gray_concrete":5,"minecraft:sugar":2,"hunting_delight:huntingknife":4,"minecraft:stone_axe":1,"minecraft:soul_lantern":9,"minecraft:cracked_polished_blackstone_bricks":1,"minecraft:granite":41,"hunting_delight:broken_bone":461,"minecraft:white_concrete":6,"minecraft:golden_apple":2,"minecraft:gray_wool":17,"minecraft:emerald":30,"minecraft:bread":126,"minecraft:oak_sapling":5,"minecraft:black_wool":13,"cgm:workbench":1,"minecraft:coal":70,"taccraft:plate_carrier_helmet":1,"minecraft:sunflower":17},"minecraft:custom":{"minecraft:mob_kills":47,"minecraft:animals_bred":3,"minecraft:interact_with_crafting_table":31,"minecraft:open_barrel":9,"minecraft:damage_dealt_resisted":12,"minecraft:leave_game":51,"minecraft:time_since_death":14502,"minecraft:climb_one_cm":5922,"minecraft:sprint_one_cm":979178,"minecraft:damage_blocked_by_shield":430,"minecraft:walk_one_cm":829159,"minecraft:drop":62,"minecraft:damage_dealt_absorbed":40,"minecraft:play_time":313858,"minecraft:deaths":19,"minecraft:sneak_time":10079,"minecraft:walk_under_water_one_cm":31857,"minecraft:jump":6235,"minecraft:interact_with_blast_furnace":11,"minecraft:walk_on_water_one_cm":25389,"minecraft:total_world_time":313858,"minecraft:interact_with_furnace":13,"minecraft:sleep_in_bed":14,"minecraft:time_since_rest":15296,"minecraft:damage_taken":9045,"minecraft:trigger_trapped_chest":47,"minecraft:damage_dealt":8116,"minecraft:swim_one_cm":111959,"minecraft:fly_one_cm":1618246,"minecraft:open_chest":98,"minecraft:crouch_one_cm":21682,"minecraft:interact_with_smoker":21,"minecraft:fall_one_cm":145255},"minecraft:crafted":{"minecraft:black_dye":3,"minecraft:light_gray_concrete_powder":8,"minecraft:oak_planks":136,"minecraft:leather_boots":3,"minecraft:bone_meal":67,"taccraft:nylon_cloth":10,"minecraft:white_concrete_powder":8,"minecraft:leather":28,"minecraft:iron_axe":1,"hunting_delight:animal_fat":36,"minecraft:stone_pickaxe":1,"minecraft:chest":5,"hunting_delight:scrambled_eggs":4,"minecraft:stone_hoe":1,"cgm:workbench":1,"hunting_delight:huntingknife":1,"minecraft:wheat":207,"minecraft:cooked_beef":7,"minecraft:emerald":18,"minecraft:cooked_porkchop":20,"minecraft:crafting_table":2,"hunting_delight:soaked_coal":16,"minecraft:wooden_pickaxe":1,"taccraft:flak_vest_boots":3,"taccraft:nylon_stripe":20,"minecraft:bread":64,"minecraft:air":0,"minecraft:white_wool":1,"minecraft:shield":1,"minecraft:white_dye":3,"minecraft:stick":32,"minecraft:iron_ingot":14,"minecraft:iron_pickaxe":2,"minecraft:iron_shovel":2,"minecraft:light_gray_dye":1,"minecraft:torch":52,"minecraft:shears":1},"minecraft:dropped":{"minecraft:bread":7,"minecraft:iron_sword":1,"minecraft:wheat_seeds":1,"minecraft:oak_pressure_plate":1,"minecraft:dripstone_block":2,"horror_element_mod:sound_block":2,"minecraft:cobblestone":24,"minecraft:emerald":1,"minecraft:gray_wool":5,"taccraft:flak_vest_boots":4,"minecraft:golden_hoe":1,"minecraft:stonecutter":10,"hunting_delight:animal_fat":32,"hunting_delight:rot":1,"minecraft:iron_nugget":19,"minecraft:cobbled_deepslate":6,"minecraft:sticky_piston":2,"minecraft:raw_iron":3,"minecraft:rotten_flesh":2,"minecraft:light_gray_wool":1,"minecraft:skull_banner_pattern":1,"minecraft:skeleton_skull":4,"horror_element_mod:human_remains":8,"minecraft:yellow_bed":1,"minecraft:spider_eye":1,"hunting_delight:scrambled_eggs":2,"minecraft:egg":2}},"DataVersion":3120}