{"stats":{"minecraft:mined":{"minecraft:dark_oak_planks":23,"minecraft:stone_pressure_plate":1,"minecraft:mangrove_roots":19,"minecraft:brewing_stand":1,"minecraft:granite":32,"minecraft:grass_block":337,"minecraft:cracked_polished_blackstone_bricks":1,"minecraft:white_concrete":6,"minecraft:oak_pressure_plate":1,"minecraft:coal_block":1,"minecraft:moss_block":6,"cgm:workbench":1,"minecraft:hay_block":85,"minecraft:tall_seagrass":1,"minecraft:iron_ore":8,"minecraft:sticky_piston":1,"minecraft:cobbled_deepslate":2,"minecraft:green_terracotta":2,"minecraft:gold_block":3,"minecraft:polished_deepslate":1,"minecraft:iron_bars":2,"minecraft:light_gray_concrete":5,"minecraft:stone":95,"minecraft:podzol":3,"minecraft:smoker":1,"minecraft:campfire":1,"minecraft:tall_grass":28,"minecraft:copper_ore":3,"minecraft:cracked_deepslate_bricks":2,"minecraft:amethyst_block":1,"hunting_delight:wolfcorpse":1,"minecraft:seagrass":1,"minecraft:birch_leaves":1,"minecraft:yellow_bed":3,"k_turrets:titanium_ore":13,"minecraft:grass":90,"minecraft:cracked_deepslate_tiles":5,"minecraft:oak_log":27,"minecraft:coal_ore":42,"minecraft:sand":19,"minecraft:sunflower":15,"minecraft:gravel":16,"minecraft:dripstone_block":1,"minecraft:dirt":91,"minecraft:oak_leaves":4,"minecraft:emerald_block":2},"minecraft:killed_by":{"minecraft:creeper":2,"minecraft:spider":2,"minecraft:zombie":3},"minecraft:crafted":{"minecraft:black_dye":2,"minecraft:light_gray_concrete_powder":8,"minecraft:oak_planks":112,"minecraft:leather_boots":2,"minecraft:bone_meal":3,"minecraft:white_concrete_powder":8,"minecraft:leather":28,"minecraft:iron_axe":1,"hunting_delight:animal_fat":36,"minecraft:chest":4,"hunting_delight:scrambled_eggs":4,"cgm:workbench":1,"hunting_delight:huntingknife":1,"minecraft:wheat":207,"minecraft:cooked_beef":7,"minecraft:crafting_table":2,"hunting_delight:soaked_coal":16,"taccraft:flak_vest_boots":2,"minecraft:bread":64,"minecraft:air":0,"minecraft:white_dye":3,"minecraft:stick":12,"minecraft:iron_ingot":9,"minecraft:iron_pickaxe":1,"minecraft:iron_shovel":2,"minecraft:light_gray_dye":1,"minecraft:torch":8},"minecraft:used":{"hunting_delight:wolfcorpse":1,"minecraft:iron_shovel":462,"minecraft:white_concrete_powder":7,"minecraft:chest":5,"minecraft:iron_sword":75,"minecraft:oak_door":1,"minecraft:dirt":411,"cgm:workbench":2,"minecraft:iron_axe":40,"hunting_delight:worm":4,"minecraft:mangrove_roots":4,"minecraft:cooked_beef":12,"hunting_delight:scrambled_eggs":2,"minecraft:stone_pickaxe":6,"horror_element_mod:slashed_skull":1,"minecraft:crafting_table":3,"hunting_delight:humanmeat":2,"minecraft:light_gray_concrete_powder":5,"minecraft:cracked_polished_blackstone_bricks":1,"minecraft:sunflower":16,"minecraft:bread":40,"minecraft:iron_pickaxe":239,"minecraft:oak_pressure_plate":1,"minecraft:cobblestone":28,"taccraft:flak_vest_boots":1,"minecraft:yellow_bed":2,"hunting_delight:huntingknife":9},"minecraft:custom":{"minecraft:mob_kills":18,"minecraft:interact_with_crafting_table":19,"minecraft:open_barrel":3,"minecraft:damage_dealt_resisted":12,"minecraft:leave_game":22,"minecraft:time_since_death":1096,"minecraft:climb_one_cm":2074,"minecraft:sprint_one_cm":547607,"minecraft:walk_one_cm":445271,"minecraft:drop":54,"minecraft:damage_dealt_absorbed":40,"minecraft:play_time":164294,"minecraft:deaths":8,"minecraft:sneak_time":3712,"minecraft:walk_under_water_one_cm":14667,"minecraft:jump":3711,"minecraft:interact_with_blast_furnace":4,"minecraft:walk_on_water_one_cm":15180,"minecraft:total_world_time":164294,"minecraft:interact_with_furnace":9,"minecraft:sleep_in_bed":6,"minecraft:time_since_rest":1126,"minecraft:damage_taken":4373,"minecraft:trigger_trapped_chest":8,"minecraft:damage_dealt":2769,"minecraft:swim_one_cm":57516,"minecraft:fly_one_cm":982887,"minecraft:open_chest":46,"minecraft:crouch_one_cm":9447,"minecraft:interact_with_smoker":8,"minecraft:fall_one_cm":96384},"minecraft:picked_up":{"minecraft:music_disc_strad":1,"minecraft:charcoal":2,"minecraft:crafting_table":1,"minecraft:wheat":15,"minecraft:azure_bluet":1,"minecraft:oak_stairs":4,"minecraft:gold_block":7,"minecraft:brewing_stand":1,"minecraft:amethyst_block":3,"minecraft:polished_deepslate":1,"minecraft:raw_copper":10,"minecraft:iron_axe":1,"minecraft:flint_and_steel":2,"minecraft:sticky_piston":2,"minecraft:iron_shovel":2,"horror_element_mod:human_remains":8,"minecraft:cobbled_deepslate":7,"minecraft:smooth_stone":1,"minecraft:beef":21,"minecraft:iron_nugget":39,"minecraft:light_gray_wool":3,"minecraft:iron_pickaxe":2,"minecraft:coal_block":1,"minecraft:chest":1,"minecraft:birch_sapling":1,"minecraft:egg":12,"minecraft:golden_helmet":2,"minecraft:stick":3,"minecraft:raw_iron":19,"minecraft:oak_door":1,"hunting_delight:humanmeat":20,"minecraft:torch":2,"minecraft:golden_chestplate":2,"minecraft:stone_pressure_plate":1,"minecraft:dark_oak_planks":22,"minecraft:arrow":6,"minecraft:rotten_flesh":83,"minecraft:golden_hoe":3,"k_turrets:raw_titanium":33,"minecraft:hay_block":130,"hunting_delight:wolfcorpse":1,"minecraft:cracked_deepslate_bricks":7,"minecraft:mangrove_roots":19,"minecraft:gold_ingot":6,"hunting_delight:worm":38,"minecraft:obsidian":18,"minecraft:mutton":46,"minecraft:iron_bars":2,"minecraft:skeleton_skull":23,"minecraft:white_wool":5,"minecraft:cobblestone":113,"minecraft:cracked_deepslate_tiles":6,"minecraft:cooked_beef":31,"minecraft:leather":55,"minecraft:potato":54,"minecraft:flint":3,"minecraft:skull_banner_pattern":1,"minecraft:oak_log":36,"minecraft:yellow_bed":5,"minecraft:gunpowder":11,"minecraft:dirt":482,"minecraft:bone":78,"minecraft:apple":49,"minecraft:stonecutter":10,"minecraft:wheat_seeds":32,"minecraft:iron_ingot":6,"minecraft:stone_pickaxe":1,"hunting_delight:rawsquid":3,"minecraft:moss_block":9,"minecraft:iron_sword":2,"minecraft:oak_planks":13,"minecraft:oak_slab":3,"taccraft:flak_vest_boots":5,"minecraft:emerald_block":2,"minecraft:oak_pressure_plate":1,"minecraft:dripstone_block":2,"minecraft:gravel":13,"hunting_delight:rot":1,"minecraft:sand":19,"minecraft:ink_sac":2,"minecraft:spider_eye":5,"hunting_delight:animal_fat_block":4,"hunting_delight:animal_fat":157,"minecraft:light_gray_concrete":5,"minecraft:sugar":2,"minecraft:soul_lantern":3,"hunting_delight:huntingknife":1,"minecraft:cracked_polished_blackstone_bricks":1,"minecraft:granite":31,"hunting_delight:broken_bone":125,"minecraft:golden_apple":2,"minecraft:white_concrete":6,"minecraft:emerald":4,"minecraft:bread":71,"minecraft:oak_sapling":1,"cgm:workbench":1,"minecraft:coal":59,"minecraft:sunflower":17},"minecraft:dropped":{"minecraft:bread":7,"minecraft:iron_sword":1,"minecraft:dripstone_block":2,"horror_element_mod:sound_block":2,"minecraft:cobblestone":24,"minecraft:emerald":1,"taccraft:flak_vest_boots":4,"minecraft:golden_hoe":1,"minecraft:stonecutter":10,"hunting_delight:animal_fat":32,"hunting_delight:rot":1,"minecraft:iron_nugget":19,"minecraft:cobbled_deepslate":6,"minecraft:sticky_piston":2,"minecraft:skull_banner_pattern":1,"minecraft:skeleton_skull":4,"horror_element_mod:human_remains":8,"minecraft:yellow_bed":1,"minecraft:spider_eye":1,"hunting_delight:scrambled_eggs":2,"minecraft:egg":2},"minecraft:killed":{"minecraft:skeleton":1,"minecraft:creeper":2,"minecraft:squid":1,"minecraft:sheep":4,"minecraft:zombie":5,"minecraft:cow":3},"minecraft:broken":{"minecraft:golden_helmet":1,"minecraft:iron_shovel":1}},"DataVersion":3120}