{"stats":{"minecraft:used":{"undead_revamp2:therod_spawn_egg":2,"minecraft:flint_and_steel":4,"undead_revamp2:thesomnolence_spawn_egg":1,"undead_revamp2:slaveman_spawn_egg":1,"minecraft:chest":1,"minecraft:shield":39,"minecraft:iron_sword":14,"minecraft:diamond_axe":30,"undead_revamp2:theimmortal_spawn_egg":1,"minecraft:cooked_salmon":1,"undead_revamp2:invisiimmortal_spawn_egg":3,"call_of_yucutan:obsidian_spear":9,"call_of_yucutan:ritual_rock_pillar":2,"minecraft:milk_bucket":1,"mowziesmobs:wrought_axe":21,"call_of_yucutan:red_limestone_tiles":2,"minecraft:diamond_pickaxe":3,"minecraft:lava_bucket":1,"undead_revamp2:theskeeper_spawn_egg":2,"call_of_yucutan:jade_tiles":1,"minecraft:melon_slice":2,"minecraft:iron_pickaxe":12,"undead_revamp2:thewolf_spawn_egg":1,"undead_revamp2:thepregnant_spawn_egg":1,"undead_revamp2:thespectre_spawn_egg":2,"minecraft:barrel":1,"minecraft:cooked_beef":9,"undead_revamp2:theswarmer_spawn_egg":1,"minecraft:experience_bottle":1},"minecraft:killed_by":{"call_of_yucutan:blowgun_huracan":1},"minecraft:mined":{"minecraft:spruce_planks":1,"call_of_yucutan:jade_tiles":2,"minecraft:redstone_block":1,"call_of_yucutan:red_limestone_tiles":3,"call_of_yucutan:overgrown_chest":32,"minecraft:melon":2,"minecraft:chest":1,"call_of_yucutan:polished_ritual_rock_slab":2,"minecraft:spawner":1,"call_of_yucutan:jade_block":1,"minecraft:magma_block":1,"call_of_yucutan:red_limestone":1,"minecraft:barrel":1,"minecraft:fire":3,"minecraft:grass":2,"call_of_yucutan:ritual_rock_pillar":2,"call_of_yucutan:polished_jade_block":1,"minecraft:tripwire":1,"minecraft:fern":2},"minecraft:custom":{"minecraft:mob_kills":16,"minecraft:open_barrel":11,"minecraft:leave_game":9,"minecraft:time_since_death":2706,"minecraft:climb_one_cm":2783,"minecraft:time_since_rest":2882,"minecraft:sprint_one_cm":46536,"minecraft:damage_taken":1743,"minecraft:walk_one_cm":79374,"minecraft:damage_blocked_by_shield":990,"minecraft:damage_dealt":2474,"minecraft:swim_one_cm":8918,"minecraft:fly_one_cm":453456,"minecraft:open_chest":8,"minecraft:crouch_one_cm":1529,"minecraft:play_time":51537,"minecraft:deaths":3,"minecraft:sneak_time":1227,"minecraft:walk_under_water_one_cm":742,"minecraft:jump":290,"minecraft:walk_on_water_one_cm":1321,"minecraft:interact_with_smoker":7,"minecraft:total_world_time":51537,"minecraft:fall_one_cm":7776,"minecraft:inspect_dispenser":3},"minecraft:killed":{"iceandfire:amphithere":1,"realmrpg_quests:angler":1,"minecraft:sheep":3,"call_of_yucutan:undead_warrior":5,"undead_revamp2:theskeeper":1,"call_of_yucutan:mitnal_monkey":4,"minecraft:cow":1},"minecraft:picked_up":{"call_of_yucutan:obsidian_spear":1,"minecraft:redstone_block":1,"minecraft:ladder":2,"minecraft:leather":1,"call_of_yucutan:jade":1,"minecraft:enchanted_book":1,"call_of_yucutan:ritual_rocks":17,"call_of_yucutan:ritual_rock_pillar":2,"minecraft:string":3,"minecraft:bone":2,"minecraft:wheat_seeds":2,"minecraft:spruce_planks":1,"minecraft:beef":1,"minecraft:iron_ingot":1,"minecraft:melon_slice":10,"minecraft:chest":1,"call_of_yucutan:red_limestone":1,"call_of_yucutan:obsidian_arrow":5,"call_of_yucutan:hematite":2,"call_of_yucutan:red_limestone_tiles":3,"minecraft:barrel":1,"minecraft:rabbit_foot":2,"call_of_yucutan:elder_bone":17,"call_of_yucutan:polished_jade_block":1,"minecraft:cooked_cod":1,"call_of_yucutan:jade_block":1,"minecraft:emerald":6,"call_of_yucutan:jade_tiles":1,"minecraft:white_wool":2,"minecraft:black_wool":1,"minecraft:mutton":5},"minecraft:crafted":{"minecraft:cooked_beef":4,"minecraft:cooked_porkchop":4,"minecraft:air":0,"call_of_yucutan:jade":9}},"DataVersion":3465}