{"stats":{"minecraft:broken":{"minecraft:golden_helmet":1,"minecraft:iron_shovel":1,"taccraft:flak_vest_leggings":1,"minecraft:golden_chestplate":1,"minecraft:shield":1,"minecraft:iron_pickaxe":2,"minecraft:wooden_hoe":1},"minecraft:killed":{"minecraft:spider":11,"minecraft:skeleton":30,"minecraft:chicken":1,"minecraft:zombie_villager":2,"minecraft:salmon":1,"minecraft:creeper":66,"minecraft:sheep":32,"minecraft:zombie":142,"minecraft:cow":3,"minecraft:bat":1,"minecraft:squid":1},"minecraft:killed_by":{"minecraft:creeper":7,"minecraft:zombie":16,"minecraft:player":1,"minecraft:spider":2},"minecraft:mined":{"minecraft:dark_oak_planks":27,"minecraft:stone_pressure_plate":1,"minecraft:white_bed":1,"minecraft:andesite_stairs":1,"minecraft:jungle_leaves":90,"minecraft:brewing_stand":1,"minecraft:obsidian":10,"minecraft:cave_vines_plant":1,"minecraft:granite":32,"minecraft:stone_brick_wall":1,"minecraft:grass_block":368,"minecraft:cracked_polished_blackstone_bricks":1,"minecraft:white_concrete":6,"minecraft:oak_pressure_plate":2,"minecraft:coal_block":3,"minecraft:nether_wart":30,"minecraft:spawner":22,"minecraft:smooth_stone":1,"minecraft:tall_seagrass":1,"minecraft:magma_block":3,"minecraft:iron_ore":46,"minecraft:sticky_piston":1,"minecraft:cobbled_deepslate":25,"minecraft:azure_bluet":1,"minecraft:iron_bars":9,"minecraft:spruce_pressure_plate":1,"minecraft:light_gray_concrete":5,"minecraft:cyan_terracotta":2,"minecraft:smoker":1,"minecraft:torch":6,"minecraft:cobblestone":46,"minecraft:oak_planks":2,"minecraft:smooth_sandstone_slab":12,"minecraft:amethyst_block":2,"minecraft:seagrass":1,"minecraft:lapis_block":2,"minecraft:wheat":217,"minecraft:black_bed":1,"minecraft:stone_brick_stairs":1,"minecraft:wither_rose":4,"minecraft:cracked_deepslate_tiles":5,"minecraft:grass":131,"minecraft:oak_log":33,"minecraft:dirt":132,"minecraft:sand":33,"minecraft:netherrack":2,"minecraft:oak_leaves":18,"minecraft:deepslate":125,"minecraft:emerald_block":3,"minecraft:redstone_lamp":1,"minecraft:crying_obsidian":3,"horror_element_mod:blood_3":2,"minecraft:mossy_cobblestone":1,"minecraft:dark_oak_leaves":1,"minecraft:mangrove_roots":19,"minecraft:ladder":1,"minecraft:redstone_wire":15,"minecraft:polished_andesite_slab":1,"minecraft:moss_block":6,"cgm:workbench":1,"minecraft:large_fern":2,"minecraft:hay_block":120,"minecraft:redstone_ore":1,"minecraft:waxed_oxidized_cut_copper":1,"minecraft:carrots":9,"minecraft:andesite":1,"minecraft:green_terracotta":2,"minecraft:black_concrete":8,"minecraft:gold_block":6,"minecraft:polished_deepslate":2,"minecraft:deepslate_iron_ore":7,"minecraft:cobblestone_slab":4,"minecraft:vine":2,"minecraft:bamboo":1,"minecraft:stone":174,"minecraft:podzol":14,"horror_element_mod:sound_block":1,"minecraft:redstone_block":7,"minecraft:soul_sand":30,"minecraft:dandelion":3,"minecraft:stone_brick_slab":1,"minecraft:observer":2,"minecraft:smooth_sandstone":15,"minecraft:campfire":1,"minecraft:copper_ore":31,"minecraft:tall_grass":42,"minecraft:deepslate_gold_ore":5,"minecraft:cracked_deepslate_bricks":2,"minecraft:diorite":11,"hunting_delight:wolfcorpse":1,"minecraft:birch_leaves":1,"minecraft:yellow_bed":3,"k_turrets:titanium_ore":22,"minecraft:coal_ore":53,"minecraft:cocoa":1,"minecraft:gravel":27,"minecraft:sunflower":17,"minecraft:dripstone_block":1,"minecraft:cobweb":12,"minecraft:polished_andesite":11,"minecraft:stone_bricks":4,"minecraft:gold_ore":3,"minecraft:iron_trapdoor":1},"minecraft:used":{"minecraft:music_disc_far":1,"minecraft:iron_shovel":462,"minecraft:polished_deepslate":3,"minecraft:diamond_hoe":37,"minecraft:chest":7,"minecraft:white_concrete_powder":7,"minecraft:shield":28,"minecraft:iron_sword":251,"minecraft:music_disc_13":1,"minecraft:azure_bluet":1,"minecraft:spruce_boat":1,"minecraft:music_disc_pigstep":1,"cgm:shotgun":298,"minecraft:birch_sapling":4,"minecraft:stone_bricks":3,"taccraft:flak_vest_chestplate":2,"minecraft:redstone_lamp":1,"minecraft:magma_block":1,"minecraft:mangrove_roots":4,"minecraft:diorite":6,"minecraft:oak_planks":10,"minecraft:stone_pickaxe":6,"minecraft:powered_rail":6,"minecraft:wooden_pickaxe":3,"hunting_delight:sandwich":11,"minecraft:black_concrete_powder":8,"minecraft:stone_brick_wall":1,"minecraft:black_bed":1,"minecraft:bread":52,"minecraft:oak_pressure_plate":1,"minecraft:gravel":2,"additionalguns:scar":553,"taccraft:flak_vest_boots":2,"hunting_delight:huntingknife":9,"horror_element_mod:blood_3":1,"minecraft:bone_meal":407,"minecraft:cobweb":12,"hunting_delight:wolfcorpse":1,"minecraft:music_disc_otherside":2,"minecraft:redstone":15,"minecraft:spruce_planks":48,"minecraft:stone_hoe":6,"minecraft:oak_door":1,"minecraft:torch":85,"minecraft:dirt":539,"cgm:workbench":2,"minecraft:andesite_wall":1,"minecraft:dark_oak_planks":12,"minecraft:iron_axe":52,"hunting_delight:worm":5,"minecraft:barrel":1,"marbledsarsenal:katana":2,"minecraft:cooked_beef":30,"hunting_delight:scrambled_eggs":2,"minecraft:cobbled_deepslate":136,"minecraft:wheat_seeds":252,"minecraft:cooked_mutton":38,"minecraft:water_bucket":19,"minecraft:polished_andesite":5,"horror_element_mod:slashed_skull":1,"taccraft:plate_carrier_helmet":1,"minecraft:cobblestone_slab":4,"minecraft:crafting_table":6,"hunting_delight:humanmeat":2,"minecraft:white_bed":1,"minecraft:light_gray_concrete_powder":5,"minecraft:wooden_hoe":61,"minecraft:diamond_pickaxe":123,"minecraft:cracked_polished_blackstone_bricks":1,"minecraft:sunflower":18,"minecraft:iron_pickaxe":640,"cgm:grenade":11,"minecraft:spruce_pressure_plate":1,"minecraft:stone_axe":3,"minecraft:potion":2,"minecraft:cobblestone":132,"minecraft:cooked_porkchop":16,"minecraft:bucket":19,"minecraft:yellow_bed":2,"minecraft:dandelion":1,"minecraft:jukebox":1,"minecraft:smooth_stone":3},"minecraft:picked_up":{"hunting_delight:tainted_flesh":1,"hunting_delight:cutlet":1,"minecraft:iron_chestplate":1,"minecraft:music_disc_strad":1,"minecraft:wheat":250,"minecraft:redstone_block":7,"minecraft:iron_trapdoor":1,"minecraft:oak_stairs":4,"minecraft:wither_rose":3,"minecraft:potion":2,"minecraft:stone_brick_stairs":1,"minecraft:brewing_stand":1,"minecraft:amethyst_block":4,"minecraft:lapis_block":4,"minecraft:polished_deepslate":9,"minecraft:string":44,"minecraft:raw_copper":116,"horror_element_mod:blood_3":2,"minecraft:smooth_stone_slab":4,"minecraft:iron_leggings":1,"minecraft:sticky_piston":2,"hunting_delight:sheepcorpse":1,"minecraft:smooth_stone":7,"minecraft:cobbled_deepslate":182,"minecraft:bucket":1,"minecraft:spruce_planks":73,"minecraft:cobblestone_slab":7,"minecraft:iron_pickaxe":10,"minecraft:coal_block":11,"minecraft:golden_helmet":2,"minecraft:spruce_pressure_plate":1,"minecraft:stick":43,"minecraft:torch":57,"minecraft:porkchop":22,"minecraft:diorite":19,"minecraft:music_disc_pigstep":2,"minecraft:golden_chestplate":5,"minecraft:black_dye":2,"minecraft:andesite_wall":1,"minecraft:rotten_flesh":336,"minecraft:mangrove_roots":49,"hunting_delight:worm":54,"minecraft:obsidian":28,"minecraft:iron_bars":14,"minecraft:cobblestone":357,"minecraft:birch_log":3,"minecraft:magma_block":3,"minecraft:feather":2,"minecraft:cooked_beef":95,"minecraft:andesite":1,"minecraft:black_bed":1,"minecraft:golden_leggings":1,"minecraft:potato":54,"minecraft:flint":4,"minecraft:skull_banner_pattern":2,"minecraft:tuff":2,"minecraft:dirt":908,"minecraft:polished_granite":4,"cgm:grenade":43,"minecraft:bone":336,"taccraft:assault_vest_boots":11,"minecraft:stonecutter":10,"minecraft:bow":6,"minecraft:wheat_seeds":612,"minecraft:raw_gold":8,"horror_element_mod:sound_block":2,"hunting_delight:rawsquid":4,"minecraft:glowstone_dust":1,"minecraft:bamboo":12,"minecraft:powered_rail":6,"minecraft:moss_block":9,"minecraft:oak_planks":41,"minecraft:stone_hoe":1,"taccraft:flak_vest_boots":6,"minecraft:cooked_porkchop":18,"minecraft:music_disc_13":1,"minecraft:oak_pressure_plate":2,"minecraft:sand":33,"minecraft:ink_sac":5,"minecraft:barrel":1,"minecraft:mossy_cobblestone":1,"hunting_delight:animal_fat":215,"additionalguns:desert_eagle":1,"cgm:shell":1373,"minecraft:light_gray_concrete":5,"minecraft:polished_andesite":11,"additionalguns:scar":6,"minecraft:sugar":2,"minecraft:diamond":1,"hunting_delight:huntingknife":9,"minecraft:black_concrete":8,"minecraft:soul_lantern":9,"minecraft:cracked_polished_blackstone_bricks":1,"minecraft:crossbow":1,"minecraft:granite":43,"minecraft:golden_apple":3,"minecraft:white_concrete":6,"minecraft:emerald":30,"minecraft:bread":126,"minecraft:oak_sapling":6,"minecraft:netherrack":2,"minecraft:diamond_pickaxe":2,"minecraft:charcoal":4,"minecraft:fishing_rod":2,"minecraft:cocoa_beans":4,"minecraft:crafting_table":1,"minecraft:azure_bluet":2,"minecraft:chicken":2,"minecraft:ladder":7,"minecraft:nether_wart":93,"minecraft:clay_ball":14,"taccraft:flak_vest_chestplate":10,"minecraft:redstone_lamp":1,"minecraft:wooden_pickaxe":1,"minecraft:stone_brick_wall":1,"minecraft:gold_block":13,"minecraft:shield":6,"minecraft:iron_axe":5,"minecraft:flint_and_steel":2,"cgm:shotgun":5,"minecraft:iron_shovel":4,"horror_element_mod:human_remains":8,"minecraft:music_disc_otherside":1,"minecraft:beef":21,"minecraft:andesite_stairs":1,"additionalguns:angled_grip":1,"minecraft:jungle_sapling":8,"minecraft:observer":2,"minecraft:iron_nugget":39,"minecraft:light_gray_wool":12,"minecraft:chest":1,"minecraft:birch_sapling":8,"minecraft:egg":12,"minecraft:raw_iron":68,"minecraft:stone":2,"minecraft:oak_door":1,"hunting_delight:humanmeat":48,"hunting_delight:cookedhumanmeat":1,"hunting_delight:sandwich":49,"marbledsarsenal:katana":1,"hunting_delight:chitin":5,"minecraft:carrot":76,"minecraft:redstone":21,"minecraft:stone_pressure_plate":5,"minecraft:dark_oak_planks":118,"minecraft:smooth_sandstone_slab":14,"minecraft:arrow":56,"minecraft:golden_hoe":3,"k_turrets:raw_titanium":45,"minecraft:hay_block":200,"hunting_delight:wolfcorpse":1,"minecraft:cracked_deepslate_bricks":8,"minecraft:gold_ingot":14,"minecraft:glow_berries":3,"minecraft:mutton":194,"minecraft:skeleton_skull":23,"minecraft:white_wool":93,"minecraft:cracked_deepslate_tiles":10,"minecraft:salmon":2,"minecraft:leather":56,"minecraft:yellow_dye":2,"additionalguns:bullet_long":1417,"minecraft:oak_log":42,"minecraft:golden_boots":1,"minecraft:yellow_bed":5,"minecraft:gunpowder":194,"additionalguns:casing_long":1072,"minecraft:cooked_mutton":168,"minecraft:smooth_sandstone":15,"minecraft:apple":51,"minecraft:stone_bricks":13,"minecraft:music_disc_far":2,"minecraft:iron_ingot":110,"minecraft:stone_pickaxe":2,"minecraft:cobweb":11,"minecraft:glass_bottle":2,"minecraft:polished_andesite_slab":1,"hunting_delight:large_leather_bag":6,"minecraft:iron_sword":13,"minecraft:soul_sand":30,"minecraft:oak_slab":3,"minecraft:emerald_block":6,"minecraft:stone_brick_slab":1,"minecraft:dandelion":3,"minecraft:dripstone_block":2,"minecraft:gravel":26,"minecraft:lava_bucket":1,"hunting_delight:rot":1,"taccraft:flak_vest_leggings":11,"minecraft:white_bed":1,"minecraft:crying_obsidian":3,"minecraft:spider_eye":10,"hunting_delight:animal_fat_block":6,"minecraft:stone_axe":2,"hunting_delight:broken_bone":1684,"minecraft:gray_wool":35,"minecraft:black_wool":15,"cgm:workbench":1,"minecraft:coal":193,"taccraft:plate_carrier_helmet":9,"minecraft:sunflower":19},"minecraft:custom":{"minecraft:animals_bred":30,"minecraft:interact_with_crafting_table":56,"minecraft:open_barrel":101,"minecraft:leave_game":114,"minecraft:time_since_death":6464,"minecraft:sprint_one_cm":1722810,"minecraft:damage_blocked_by_shield":2243,"minecraft:drop":189,"minecraft:play_noteblock":14,"minecraft:play_time":681885,"minecraft:deaths":27,"minecraft:jump":9795,"minecraft:walk_on_water_one_cm":38372,"minecraft:interact_with_furnace":35,"minecraft:play_record":5,"minecraft:sleep_in_bed":25,"minecraft:damage_dealt":9488,"minecraft:player_kills":3,"minecraft:crouch_one_cm":34436,"minecraft:interact_with_smoker":47,"minecraft:mob_kills":319,"minecraft:damage_dealt_resisted":12,"minecraft:climb_one_cm":27594,"minecraft:walk_one_cm":1877340,"minecraft:damage_dealt_absorbed":40,"minecraft:sneak_time":16557,"minecraft:walk_under_water_one_cm":32656,"minecraft:boat_one_cm":33946,"minecraft:interact_with_blast_furnace":33,"minecraft:total_world_time":681885,"minecraft:tune_noteblock":4,"minecraft:time_since_rest":8539,"minecraft:damage_taken":14520,"minecraft:trigger_trapped_chest":126,"minecraft:swim_one_cm":117991,"minecraft:fly_one_cm":2516769,"minecraft:open_chest":325,"minecraft:fall_one_cm":207641},"minecraft:dropped":{"minecraft:iron_sword":3,"minecraft:oak_pressure_plate":1,"minecraft:glass_bottle":2,"hunting_delight:humanmeat":2,"marbledsapi:steel_sheet":6,"minecraft:emerald":1,"minecraft:dirt":6,"hunting_delight:sandwich":3,"hunting_delight:tainted_flesh":1,"taccraft:flak_vest_boots":4,"minecraft:jungle_sapling":4,"hunting_delight:sheepcorpse":1,"minecraft:iron_pickaxe":1,"minecraft:white_wool":59,"cgm:shell":229,"hunting_delight:rot":1,"minecraft:bone":29,"hunting_delight:cutlet":1,"minecraft:stone_axe":1,"minecraft:iron_nugget":19,"cgm:shotgun":2,"additionalguns:desert_eagle":1,"minecraft:cobbled_deepslate":6,"minecraft:birch_sapling":2,"minecraft:rotten_flesh":33,"minecraft:cooked_mutton":93,"minecraft:gunpowder":10,"minecraft:skull_banner_pattern":1,"minecraft:skeleton_skull":4,"k_turrets:raw_titanium":2,"taccraft:plate_carrier_helmet":2,"hunting_delight:scrambled_eggs":2,"minecraft:egg":2,"minecraft:iron_ingot":56,"minecraft:bread":8,"minecraft:wheat_seeds":1,"cgm:grenade":1,"minecraft:mossy_cobblestone":1,"minecraft:dripstone_block":2,"horror_element_mod:sound_block":2,"minecraft:cobblestone":59,"hunting_delight:broken_bone":7,"minecraft:coal":4,"minecraft:stick":1,"minecraft:lava_bucket":1,"minecraft:gray_wool":5,"taccraft:flak_vest_chestplate":2,"minecraft:diorite":2,"taccraft:assault_vest_boots":3,"taccraft:flak_vest_leggings":2,"minecraft:golden_hoe":1,"minecraft:stonecutter":10,"hunting_delight:worm":7,"hunting_delight:animal_fat":32,"hunting_delight:huntingknife":1,"additionalguns:scar":2,"minecraft:polished_deepslate":2,"minecraft:raw_copper":65,"minecraft:sticky_piston":2,"minecraft:raw_iron":3,"minecraft:light_gray_wool":1,"minecraft:stone":2,"minecraft:shield":1,"horror_element_mod:human_remains":8,"minecraft:yellow_bed":1,"minecraft:andesite_stairs":1,"minecraft:spider_eye":1,"minecraft:bow":1,"minecraft:stone_pickaxe":1},"minecraft:crafted":{"minecraft:black_dye":5,"minecraft:light_gray_concrete_powder":8,"minecraft:oak_planks":136,"minecraft:cooked_mutton":89,"hunting_delight:mini_bag":2,"hunting_delight:sandwich":40,"hunting_delight:animal_fat":54,"minecraft:chest":6,"marbledsapi:steel_ingot":4,"hunting_delight:stuffing":53,"hunting_delight:cutlet":20,"hunting_delight:scrambled_eggs":4,"minecraft:stone_hoe":1,"minecraft:emerald":18,"minecraft:cooked_porkchop":20,"minecraft:crafting_table":5,"minecraft:wooden_pickaxe":1,"taccraft:flak_vest_boots":3,"minecraft:copper_ingot":46,"hunting_delight:large_leather_bag":1,"marbledsapi:raw_steel":4,"minecraft:wooden_hoe":1,"minecraft:diamond_pickaxe":1,"minecraft:shield":1,"minecraft:stick":56,"minecraft:iron_ingot":44,"minecraft:iron_pickaxe":3,"minecraft:gold_ingot":36,"minecraft:light_gray_dye":1,"minecraft:shears":1,"minecraft:coal":81,"minecraft:jukebox":1,"minecraft:leather_boots":3,"minecraft:iron_nugget":171,"minecraft:bone_meal":444,"taccraft:nylon_cloth":10,"minecraft:white_concrete_powder":8,"minecraft:leather":28,"minecraft:black_concrete_powder":8,"minecraft:iron_axe":1,"minecraft:stone_pickaxe":1,"minecraft:spruce_boat":1,"hunting_delight:leather_bag":1,"cgm:workbench":1,"minecraft:lead":4,"marbledsarsenal:katana":1,"minecraft:wheat":207,"hunting_delight:huntingknife":1,"minecraft:cooked_beef":7,"minecraft:coal_block":8,"marbledsapi:steel_sheet":8,"hunting_delight:soaked_coal":40,"minecraft:bucket":1,"taccraft:nylon_stripe":20,"minecraft:air":0,"minecraft:bread":105,"minecraft:blue_dye":1,"hunting_delight:medium_leather_bag":1,"minecraft:white_wool":1,"minecraft:gold_nugget":468,"minecraft:white_dye":51,"minecraft:iron_shovel":2,"hunting_delight:cookedhumanmeat":2,"minecraft:torch":124}},"DataVersion":3120}