{"stats":{"minecraft:killed":{"minecraft:spider":9,"minecraft:skeleton":26,"minecraft:chicken":1,"minecraft:zombie_villager":1,"minecraft:salmon":1,"minecraft:creeper":44,"minecraft:sheep":13,"minecraft:zombie":94,"minecraft:cow":3,"minecraft:bat":1,"minecraft:squid":1},"minecraft:custom":{"minecraft:animals_bred":24,"minecraft:interact_with_crafting_table":41,"minecraft:open_barrel":44,"minecraft:leave_game":78,"minecraft:time_since_death":58784,"minecraft:sprint_one_cm":1319051,"minecraft:damage_blocked_by_shield":1730,"minecraft:drop":95,"minecraft:play_noteblock":12,"minecraft:play_time":527690,"minecraft:deaths":22,"minecraft:jump":7916,"minecraft:walk_on_water_one_cm":35311,"minecraft:interact_with_furnace":23,"minecraft:play_record":5,"minecraft:sleep_in_bed":24,"minecraft:damage_dealt":9278,"minecraft:player_kills":1,"minecraft:crouch_one_cm":32110,"minecraft:interact_with_smoker":31,"minecraft:mob_kills":218,"minecraft:damage_dealt_resisted":12,"minecraft:climb_one_cm":21261,"minecraft:walk_one_cm":1449902,"minecraft:damage_dealt_absorbed":40,"minecraft:sneak_time":15103,"minecraft:walk_under_water_one_cm":31967,"minecraft:interact_with_blast_furnace":28,"minecraft:total_world_time":527690,"minecraft:tune_noteblock":3,"minecraft:time_since_rest":1484,"minecraft:damage_taken":11921,"minecraft:trigger_trapped_chest":102,"minecraft:swim_one_cm":111959,"minecraft:fly_one_cm":2053561,"minecraft:open_chest":224,"minecraft:fall_one_cm":171286},"minecraft:mined":{"minecraft:dark_oak_planks":27,"minecraft:stone_pressure_plate":1,"minecraft:white_bed":1,"minecraft:andesite_stairs":1,"minecraft:brewing_stand":1,"minecraft:cave_vines_plant":1,"minecraft:granite":32,"minecraft:grass_block":348,"minecraft:stone_brick_wall":1,"minecraft:cracked_polished_blackstone_bricks":1,"minecraft:white_concrete":6,"minecraft:oak_pressure_plate":2,"minecraft:coal_block":3,"minecraft:nether_wart":30,"minecraft:spawner":15,"minecraft:smooth_stone":1,"minecraft:tall_seagrass":1,"minecraft:magma_block":3,"minecraft:iron_ore":45,"minecraft:sticky_piston":1,"minecraft:cobbled_deepslate":14,"minecraft:azure_bluet":1,"minecraft:iron_bars":6,"minecraft:spruce_pressure_plate":1,"minecraft:light_gray_concrete":5,"minecraft:cyan_terracotta":2,"minecraft:smoker":1,"minecraft:torch":5,"minecraft:cobblestone":46,"minecraft:oak_planks":2,"minecraft:amethyst_block":2,"minecraft:seagrass":1,"minecraft:lapis_block":2,"minecraft:wheat":77,"minecraft:wither_rose":4,"minecraft:stone_brick_stairs":1,"minecraft:grass":104,"minecraft:cracked_deepslate_tiles":5,"minecraft:oak_log":33,"minecraft:sand":33,"minecraft:dirt":131,"minecraft:oak_leaves":4,"minecraft:deepslate":83,"minecraft:emerald_block":3,"minecraft:redstone_lamp":1,"horror_element_mod:blood_3":2,"minecraft:mossy_cobblestone":1,"minecraft:dark_oak_leaves":1,"minecraft:mangrove_roots":19,"minecraft:redstone_wire":15,"minecraft:polished_andesite_slab":1,"minecraft:moss_block":6,"cgm:workbench":1,"minecraft:large_fern":2,"minecraft:hay_block":85,"minecraft:redstone_ore":1,"minecraft:waxed_oxidized_cut_copper":1,"minecraft:carrots":9,"minecraft:green_terracotta":2,"minecraft:andesite":1,"minecraft:black_concrete":8,"minecraft:gold_block":4,"minecraft:polished_deepslate":2,"minecraft:deepslate_iron_ore":7,"minecraft:cobblestone_slab":4,"minecraft:stone":174,"minecraft:podzol":14,"horror_element_mod:sound_block":1,"minecraft:redstone_block":7,"minecraft:soul_sand":30,"minecraft:stone_brick_slab":1,"minecraft:observer":2,"minecraft:dandelion":1,"minecraft:campfire":1,"minecraft:tall_grass":37,"minecraft:copper_ore":15,"minecraft:deepslate_gold_ore":5,"minecraft:cracked_deepslate_bricks":2,"minecraft:diorite":11,"hunting_delight:wolfcorpse":1,"minecraft:birch_leaves":1,"minecraft:yellow_bed":3,"k_turrets:titanium_ore":20,"minecraft:coal_ore":53,"minecraft:sunflower":17,"minecraft:gravel":27,"minecraft:dripstone_block":1,"minecraft:cobweb":12,"minecraft:polished_andesite":11,"minecraft:stone_bricks":4,"minecraft:gold_ore":3},"minecraft:crafted":{"minecraft:black_dye":5,"minecraft:light_gray_concrete_powder":8,"minecraft:oak_planks":136,"minecraft:cooked_mutton":39,"hunting_delight:mini_bag":2,"hunting_delight:animal_fat":36,"minecraft:chest":6,"hunting_delight:scrambled_eggs":4,"minecraft:stone_hoe":1,"minecraft:emerald":18,"minecraft:cooked_porkchop":20,"minecraft:crafting_table":3,"minecraft:wooden_pickaxe":1,"taccraft:flak_vest_boots":3,"minecraft:copper_ingot":43,"hunting_delight:large_leather_bag":1,"minecraft:shield":1,"minecraft:stick":52,"minecraft:iron_ingot":37,"minecraft:iron_pickaxe":3,"minecraft:gold_ingot":36,"minecraft:light_gray_dye":1,"minecraft:shears":1,"minecraft:coal":81,"minecraft:jukebox":1,"minecraft:leather_boots":3,"minecraft:iron_nugget":171,"minecraft:bone_meal":201,"taccraft:nylon_cloth":10,"minecraft:white_concrete_powder":8,"minecraft:leather":28,"minecraft:black_concrete_powder":8,"minecraft:iron_axe":1,"minecraft:stone_pickaxe":1,"hunting_delight:leather_bag":1,"cgm:workbench":1,"minecraft:lead":4,"hunting_delight:huntingknife":1,"minecraft:wheat":207,"minecraft:cooked_beef":7,"minecraft:coal_block":8,"hunting_delight:soaked_coal":26,"taccraft:nylon_stripe":20,"minecraft:bread":64,"minecraft:air":0,"hunting_delight:medium_leather_bag":1,"minecraft:blue_dye":1,"minecraft:white_wool":1,"minecraft:gold_nugget":198,"minecraft:white_dye":51,"minecraft:iron_shovel":2,"minecraft:torch":124},"minecraft:killed_by":{"minecraft:creeper":5,"minecraft:zombie":14,"minecraft:spider":2},"minecraft:broken":{"minecraft:golden_helmet":1,"minecraft:iron_shovel":1,"taccraft:flak_vest_leggings":1,"minecraft:golden_chestplate":1,"minecraft:iron_pickaxe":2},"minecraft:picked_up":{"minecraft:music_disc_strad":1,"minecraft:iron_chestplate":1,"minecraft:wheat":112,"minecraft:redstone_block":7,"minecraft:oak_stairs":4,"minecraft:wither_rose":3,"minecraft:potion":2,"minecraft:stone_brick_stairs":1,"minecraft:brewing_stand":1,"minecraft:amethyst_block":4,"minecraft:lapis_block":4,"minecraft:polished_deepslate":5,"minecraft:string":35,"minecraft:raw_copper":51,"horror_element_mod:blood_3":2,"minecraft:smooth_stone_slab":4,"minecraft:sticky_piston":2,"minecraft:iron_leggings":1,"minecraft:cobbled_deepslate":104,"minecraft:smooth_stone":4,"minecraft:spruce_planks":73,"minecraft:cobblestone_slab":7,"minecraft:iron_pickaxe":9,"minecraft:coal_block":11,"minecraft:golden_helmet":2,"minecraft:spruce_pressure_plate":1,"minecraft:stick":9,"minecraft:torch":47,"minecraft:porkchop":22,"minecraft:diorite":15,"minecraft:music_disc_pigstep":2,"minecraft:golden_chestplate":4,"minecraft:black_dye":2,"minecraft:andesite_wall":1,"minecraft:rotten_flesh":259,"minecraft:mangrove_roots":49,"hunting_delight:worm":49,"minecraft:obsidian":18,"minecraft:iron_bars":11,"minecraft:cobblestone":350,"minecraft:birch_log":3,"minecraft:magma_block":3,"minecraft:feather":2,"minecraft:cooked_beef":95,"minecraft:andesite":1,"minecraft:potato":54,"minecraft:flint":4,"minecraft:skull_banner_pattern":2,"minecraft:tuff":1,"minecraft:dirt":787,"minecraft:polished_granite":4,"cgm:grenade":43,"minecraft:bone":218,"taccraft:assault_vest_boots":6,"minecraft:stonecutter":10,"minecraft:bow":5,"minecraft:wheat_seeds":237,"minecraft:raw_gold":8,"horror_element_mod:sound_block":2,"hunting_delight:rawsquid":4,"minecraft:glowstone_dust":1,"minecraft:powered_rail":6,"minecraft:moss_block":9,"minecraft:stone_hoe":1,"minecraft:oak_planks":39,"taccraft:flak_vest_boots":6,"minecraft:cooked_porkchop":18,"minecraft:music_disc_13":1,"minecraft:oak_pressure_plate":2,"minecraft:sand":33,"minecraft:ink_sac":5,"minecraft:barrel":1,"minecraft:mossy_cobblestone":1,"hunting_delight:animal_fat":182,"additionalguns:desert_eagle":1,"cgm:shell":1318,"minecraft:light_gray_concrete":5,"minecraft:polished_andesite":11,"additionalguns:scar":3,"minecraft:sugar":2,"minecraft:diamond":1,"hunting_delight:huntingknife":5,"minecraft:black_concrete":8,"minecraft:soul_lantern":9,"minecraft:cracked_polished_blackstone_bricks":1,"minecraft:granite":43,"minecraft:golden_apple":3,"minecraft:white_concrete":6,"minecraft:emerald":30,"minecraft:bread":126,"minecraft:oak_sapling":5,"minecraft:charcoal":4,"minecraft:crafting_table":1,"minecraft:azure_bluet":2,"minecraft:nether_wart":93,"minecraft:chicken":2,"minecraft:ladder":6,"minecraft:clay_ball":14,"taccraft:flak_vest_chestplate":6,"minecraft:redstone_lamp":1,"minecraft:wooden_pickaxe":1,"minecraft:stone_brick_wall":1,"minecraft:gold_block":11,"minecraft:shield":4,"minecraft:iron_axe":5,"minecraft:flint_and_steel":2,"cgm:shotgun":4,"minecraft:iron_shovel":4,"horror_element_mod:human_remains":8,"minecraft:music_disc_otherside":1,"minecraft:beef":21,"minecraft:andesite_stairs":1,"additionalguns:angled_grip":1,"minecraft:observer":2,"minecraft:iron_nugget":39,"minecraft:light_gray_wool":12,"minecraft:chest":1,"minecraft:birch_sapling":8,"minecraft:egg":12,"minecraft:raw_iron":67,"minecraft:stone":2,"minecraft:oak_door":1,"hunting_delight:humanmeat":46,"hunting_delight:cookedhumanmeat":1,"hunting_delight:chitin":5,"minecraft:carrot":73,"minecraft:redstone":21,"minecraft:stone_pressure_plate":5,"minecraft:dark_oak_planks":118,"minecraft:arrow":38,"minecraft:golden_hoe":3,"k_turrets:raw_titanium":40,"minecraft:hay_block":130,"hunting_delight:wolfcorpse":1,"minecraft:cracked_deepslate_bricks":8,"minecraft:gold_ingot":14,"minecraft:glow_berries":2,"minecraft:mutton":106,"minecraft:skeleton_skull":23,"minecraft:white_wool":28,"minecraft:cracked_deepslate_tiles":10,"minecraft:salmon":2,"minecraft:leather":56,"minecraft:yellow_dye":2,"additionalguns:bullet_long":480,"minecraft:oak_log":42,"minecraft:yellow_bed":5,"minecraft:gunpowder":135,"additionalguns:casing_long":560,"minecraft:cooked_mutton":65,"minecraft:apple":51,"minecraft:stone_bricks":13,"minecraft:iron_ingot":110,"minecraft:music_disc_far":2,"minecraft:stone_pickaxe":1,"minecraft:cobweb":11,"minecraft:glass_bottle":2,"minecraft:polished_andesite_slab":1,"minecraft:soul_sand":30,"hunting_delight:large_leather_bag":3,"minecraft:iron_sword":10,"minecraft:oak_slab":3,"minecraft:emerald_block":6,"minecraft:stone_brick_slab":1,"minecraft:dandelion":1,"minecraft:dripstone_block":2,"minecraft:gravel":26,"hunting_delight:rot":1,"taccraft:flak_vest_leggings":5,"minecraft:white_bed":1,"minecraft:spider_eye":10,"hunting_delight:animal_fat_block":4,"minecraft:stone_axe":1,"hunting_delight:broken_bone":1133,"minecraft:gray_wool":35,"minecraft:black_wool":15,"cgm:workbench":1,"minecraft:coal":189,"taccraft:plate_carrier_helmet":5,"minecraft:sunflower":19},"minecraft:dropped":{"minecraft:iron_sword":1,"minecraft:oak_pressure_plate":1,"minecraft:glass_bottle":2,"hunting_delight:humanmeat":2,"minecraft:emerald":1,"minecraft:dirt":6,"hunting_delight:tainted_flesh":1,"taccraft:flak_vest_boots":4,"cgm:shell":174,"hunting_delight:rot":1,"minecraft:bone":23,"minecraft:iron_nugget":19,"cgm:shotgun":1,"additionalguns:desert_eagle":1,"minecraft:cobbled_deepslate":6,"minecraft:birch_sapling":2,"minecraft:rotten_flesh":15,"minecraft:cooked_mutton":11,"minecraft:skull_banner_pattern":1,"minecraft:skeleton_skull":4,"taccraft:plate_carrier_helmet":2,"hunting_delight:scrambled_eggs":2,"minecraft:egg":2,"minecraft:bread":7,"minecraft:wheat_seeds":1,"cgm:grenade":1,"minecraft:mossy_cobblestone":1,"minecraft:dripstone_block":2,"horror_element_mod:sound_block":2,"minecraft:cobblestone":52,"minecraft:gray_wool":5,"taccraft:flak_vest_chestplate":2,"taccraft:assault_vest_boots":2,"minecraft:golden_hoe":1,"minecraft:stonecutter":10,"hunting_delight:worm":7,"hunting_delight:animal_fat":32,"hunting_delight:huntingknife":1,"additionalguns:scar":2,"minecraft:sticky_piston":2,"minecraft:raw_iron":3,"minecraft:light_gray_wool":1,"minecraft:stone":2,"horror_element_mod:human_remains":8,"minecraft:yellow_bed":1,"minecraft:andesite_stairs":1,"minecraft:spider_eye":1,"minecraft:bow":1},"minecraft:used":{"minecraft:music_disc_far":1,"minecraft:iron_shovel":462,"minecraft:polished_deepslate":1,"minecraft:white_concrete_powder":7,"minecraft:chest":7,"minecraft:shield":19,"minecraft:iron_sword":246,"minecraft:music_disc_13":1,"minecraft:azure_bluet":1,"minecraft:music_disc_pigstep":1,"cgm:shotgun":298,"minecraft:birch_sapling":4,"minecraft:stone_bricks":3,"taccraft:flak_vest_chestplate":2,"minecraft:redstone_lamp":1,"minecraft:magma_block":1,"minecraft:mangrove_roots":4,"minecraft:diorite":6,"minecraft:oak_planks":10,"minecraft:stone_pickaxe":6,"minecraft:powered_rail":6,"minecraft:wooden_pickaxe":3,"minecraft:black_concrete_powder":8,"minecraft:stone_brick_wall":1,"minecraft:bread":52,"minecraft:oak_pressure_plate":1,"minecraft:gravel":2,"additionalguns:scar":122,"taccraft:flak_vest_boots":2,"hunting_delight:huntingknife":9,"minecraft:bone_meal":164,"minecraft:cobweb":12,"horror_element_mod:blood_3":1,"hunting_delight:wolfcorpse":1,"minecraft:music_disc_otherside":2,"minecraft:redstone":15,"minecraft:spruce_planks":22,"minecraft:stone_hoe":6,"minecraft:oak_door":1,"minecraft:torch":83,"minecraft:dirt":527,"cgm:workbench":2,"minecraft:andesite_wall":1,"minecraft:dark_oak_planks":12,"minecraft:iron_axe":52,"hunting_delight:worm":4,"minecraft:barrel":1,"minecraft:cooked_beef":30,"hunting_delight:scrambled_eggs":2,"minecraft:cobbled_deepslate":90,"minecraft:wheat_seeds":77,"minecraft:cooked_mutton":26,"minecraft:polished_andesite":5,"horror_element_mod:slashed_skull":1,"taccraft:plate_carrier_helmet":1,"minecraft:cobblestone_slab":4,"minecraft:crafting_table":4,"hunting_delight:humanmeat":2,"minecraft:white_bed":1,"minecraft:light_gray_concrete_powder":5,"minecraft:cracked_polished_blackstone_bricks":1,"minecraft:sunflower":18,"minecraft:iron_pickaxe":633,"cgm:grenade":11,"minecraft:spruce_pressure_plate":1,"minecraft:stone_axe":3,"minecraft:cobblestone":132,"minecraft:potion":2,"minecraft:cooked_porkchop":16,"minecraft:yellow_bed":2,"minecraft:dandelion":1,"minecraft:jukebox":1}},"DataVersion":3120}