{"stats":{"minecraft:crafted":{"minecraft:oak_planks":48,"minecraft:iron_boots":1,"minecraft:stone_pickaxe":1,"gnumus:pileof_gnumus_doubloons":3,"minecraft:wheat":54,"gnumus:gnumus_cutlass":1,"minecraft:crafting_table":2,"minecraft:wooden_pickaxe":1,"minecraft:iron_helmet":1,"minecraft:iron_sword":1,"minecraft:bread":18,"minecraft:air":0,"gnumus:gnumus_pickaxe":1,"minecraft:iron_chestplate":1,"minecraft:shield":1,"minecraft:stick":16,"minecraft:iron_ingot":28,"minecraft:iron_pickaxe":1,"minecraft:stone_sword":1,"minecraft:gold_ingot":9,"minecraft:iron_leggings":1,"minecraft:torch":8},"minecraft:killed":{"born_in_chaos_v1:door_knight_not_despawn":1,"minecraft:spider":1,"gnumus:gnumus_worker":4,"gnumus:pitcher_mousse":2,"gnumus:gnumus_hunter_not_dispawn":3,"gnumus:gnumus_shaman":1,"minecraft:zombie_villager":6,"born_in_chaos_v1:decrepit_skeleton":2,"minecraft:sheep":4,"minecraft:stray":16},"minecraft:broken":{"minecraft:golden_shovel":1},"minecraft:picked_up":{"minecraft:crafting_table":2,"minecraft:leather_leggings":1,"gnumus:gnumus_claw":18,"minecraft:string":1,"minecraft:wayfinder_armor_trim_smithing_template":1,"minecraft:raw_copper":4,"gnumus:packaged_goods":3,"minecraft:furnace":1,"minecraft:tipped_arrow":8,"minecraft:stick":7,"minecraft:raw_iron":26,"gnumus:juicy_meat":2,"gnumus:grilled_juicy_meat":5,"minecraft:golden_chestplate":1,"gnumus:wrapper_with_goods":3,"minecraft:arrow":27,"minecraft:stone_sword":1,"gnumus:vintage_metal":1,"minecraft:rotten_flesh":16,"minecraft:hay_block":16,"gnumus:gnumus_chickpeas":15,"gnumus:gnumus_pouch_3":1,"born_in_chaos_v1:trident_hayfork":2,"gnumus:mouse_skin":8,"minecraft:mutton":13,"minecraft:cobblestone":16,"minecraft:snowball":13,"minecraft:white_wool":8,"born_in_chaos_v1:corpse_maggot":1,"gnumus:gnumus_doubloons":19,"minecraft:feather":5,"gnumus:overripe_carrot":10,"minecraft:golden_leggings":2,"artifacts:thorn_pendant":1,"gnumus:gnumus_cutlass":2,"gnumus:gnumus_pouch":7,"minecraft:flint":2,"minecraft:oak_log":18,"minecraft:dirt":76,"gnumus:gnumus_pickaxe":1,"minecraft:paper":9,"gnumus:gnumus_pouch_2":5,"minecraft:bone":20,"minecraft:apple":4,"minecraft:bow":2,"minecraft:wheat_seeds":6,"minecraft:rabbit_hide":2,"minecraft:iron_ingot":2,"minecraft:stone_pickaxe":2,"minecraft:cooked_chicken":2,"minecraft:oak_planks":22,"irons_spellbooks:frozen_bone":18,"minecraft:sweet_berries":2,"born_in_chaos_v1:ethereal_spirit":1,"minecraft:spyglass":1,"gnumus:gnumus_cheese":5,"minecraft:spruce_sapling":1,"minecraft:spider_eye":2,"alexsmobs:animal_dictionary":2,"minecraft:mossy_cobblestone":1,"gnumus:vintage_parts":1,"minecraft:stone_axe":1,"gnumus:gnumus_clay":20,"minecraft:granite":1,"minecraft:mossy_cobblestone_stairs":1,"minecraft:emerald":2,"minecraft:oak_sapling":5,"minecraft:coal":4},"minecraft:mined":{"minecraft:mossy_cobblestone":1,"minecraft:granite":1,"minecraft:grass_block":3,"minecraft:spruce_leaves":6,"minecraft:spawner":1,"minecraft:hay_block":10,"gnumus:scion_weed":1,"minecraft:mossy_cobblestone_stairs":1,"minecraft:iron_ore":22,"minecraft:dirt_path":1,"gnumus:fragile_gnumus_jug":7,"minecraft:stone":12,"minecraft:brown_carpet":1,"minecraft:powder_snow":4,"minecraft:crafting_table":1,"minecraft:coarse_dirt":1,"minecraft:grass":3,"minecraft:oak_log":6,"minecraft:coal_ore":4,"minecraft:dirt":37,"minecraft:oak_leaves":18},"minecraft:used":{"minecraft:stone_sword":51,"minecraft:carved_pumpkin":1,"minecraft:shield":21,"minecraft:iron_sword":65,"minecraft:cooked_chicken":2,"minecraft:torch":3,"minecraft:dirt":29,"minecraft:spyglass":2,"minecraft:golden_shovel":32,"minecraft:granite":1,"minecraft:mossy_cobblestone_stairs":1,"minecraft:bow":18,"born_in_chaos_v1:trident_hayfork":12,"minecraft:snow_block":2,"minecraft:stone_pickaxe":40,"minecraft:oak_planks":2,"minecraft:wooden_pickaxe":4,"minecraft:mossy_cobblestone":1,"minecraft:crafting_table":3,"gnumus:gnumus_cutlass":5,"gnumus:gnumus_cheese":1,"minecraft:bread":5,"minecraft:iron_pickaxe":1,"minecraft:golden_leggings":1,"minecraft:stone_axe":9,"minecraft:cooked_rabbit":27,"alexsmobs:animal_dictionary":1},"minecraft:killed_by":{"gnumus:gnumus_hunter_not_dispawn":1},"minecraft:custom":{"minecraft:mob_kills":41,"minecraft:interact_with_crafting_table":17,"minecraft:open_barrel":10,"minecraft:damage_dealt_resisted":200,"minecraft:time_since_death":55285,"minecraft:climb_one_cm":8854,"minecraft:sprint_one_cm":152887,"minecraft:walk_one_cm":277504,"minecraft:damage_blocked_by_shield":1215,"minecraft:drop":53,"minecraft:play_time":72053,"minecraft:deaths":1,"minecraft:sneak_time":1631,"minecraft:walk_under_water_one_cm":4165,"minecraft:jump":752,"minecraft:walk_on_water_one_cm":7317,"minecraft:total_world_time":72053,"minecraft:interact_with_furnace":8,"minecraft:sleep_in_bed":2,"minecraft:time_since_rest":12430,"minecraft:damage_taken":2017,"minecraft:damage_dealt":5661,"minecraft:swim_one_cm":16068,"minecraft:fly_one_cm":110622,"minecraft:open_chest":66,"minecraft:crouch_one_cm":3027,"minecraft:fall_one_cm":18697},"minecraft:dropped":{"gnumus:gnumus_cutlass":2,"minecraft:iron_sword":1,"gnumus:overripe_carrot":7,"minecraft:oak_log":6,"minecraft:crafting_table":1,"minecraft:cobblestone":5,"gnumus:gnumus_pickaxe":1,"minecraft:cod":1,"minecraft:stick":7,"minecraft:emerald":4,"minecraft:mutton":7,"born_in_chaos_v1:trident_hayfork":1,"minecraft:furnace":1,"minecraft:stone_axe":1,"minecraft:golden_chestplate":1,"alexsmobs:animal_dictionary":1,"minecraft:wayfinder_armor_trim_smithing_template":2,"minecraft:hay_block":4,"gnumus:gnumus_pouch_2":2,"gnumus:juicy_meat":2,"minecraft:golden_leggings":2,"gnumus:gnumus_chickpeas":14,"gnumus:gnumus_pouch":8,"minecraft:stone_pickaxe":1,"gnumus:gnumus_cheese":3,"minecraft:beef":1,"minecraft:wooden_pickaxe":1,"minecraft:firework_rocket":6}},"DataVersion":3465}